Numéro de l'amendement,Partie de l'amendement,Sort de l'amendement,Désignation de l'article,Délibération,Auteur,Cosignataire(s),Instance,Etape du texte,URL Amendement,URL Amendement format XML,Sort,Dispositif,Exposé sommaire
CE423,,Non renseigné,Après l'article 14,Première délibération,Le Gac Didier,"  M. Bothorel, Mme Liliana Tanguy, M. Molac, Mme Dubré-Chirat, Mme Le Meur, M. Le Fur, M. Jacques, M. Bouyx, M. Ray, Mme Firmin Le Bodo et M. Buchou",Affaires économiques,1ère lecture (1ère assemblée saisie),https://www.assemblee-nationale.fr/dyn/17/amendements/2632/CION-ECO/CE423,https://www.assemblee-nationale.fr/dyn/opendata/AMANR5L17PO419610B2632P0D1N000423.xml,Irrecevable,,
CE56,,Non renseigné,Article 14,Première délibération,Bonnivard Émilie,,Affaires économiques,1ère lecture (1ère assemblée saisie),https://www.assemblee-nationale.fr/dyn/17/amendements/2632/CION-ECO/CE56,https://www.assemblee-nationale.fr/dyn/opendata/AMANR5L17PO419610B2632P0D1N000056.xml,Irrecevable,,
CD109,,Non renseigné,Article 14,Première délibération,Blairy Emmanuel,"  Mme Bouquin, M. Dutremble, M. Evrard, M. Guibert, M. Houssin, M. Humbert, Mme Lechanteux, M. David Magnier, M. Marchio, M. Markowsky, M. Meurin, Mme Roullaud, Mme Sabatini et M. Schreck",Développement durable,1ère lecture (1ère assemblée saisie),https://www.assemblee-nationale.fr/dyn/17/amendements/2632/CION-DVP/CD109,https://www.assemblee-nationale.fr/dyn/opendata/AMANR5L17PO419865B2632P0D1N000109.xml,Irrecevable,,
CD11,,Non renseigné,Article 14,Première délibération,Pantel Sophie,"  Mme Rossi, M. Rousset, Mme Froger, M. Vallaud, M. Fesneau, M. Peu, Mme Le Feur, M. Armand, M. Hollande, M. Potier, M. Bony, M. Philippe Brun, M. Fabrice Brun, Mme Allemand, M. Aviragnet, Mme Battistel, M. Bazin, M. Benoit, Mme Bergantz, M. Bonnecarrère, Mme Sylvie Bonnet, Mme Bonnivard, M. Bothorel, M. Bouyx, M. Brard, M. Brugerolles, Mme Brulebois, M. Buchou, Mme Buffet, M. Jean-René Cazeneuve, M. Ceccoli, M. Cordier, M. Cormier-Bouligeon, M. Criaud, M. Croizier, Mme Corneloup, M. Daubié, M. David, M. Delautrette, Mme Delpech, Mme Dombre Coste, Mme Dubré-Chirat, M. Dufau, M. Echaniz, M. Fait, M. Fégné, M. Fugit, Mme Got, Mme Perrine Goulet, M. Guedj, Mme Herouin-Léautey, M. Houlié, M. Huyghe, M. Jacques, Mme Klinkert, M. Lauzzana, M. Lecamp, Mme Létard, Mme Le Peih, M. Liégeon, Mme Lingemann, Mme Marsaud, M. Maurel, M. Marion, M. Masséglia, M. Mattei, M. Molac, M. Mongardien, M. Naegelen, M. Oberti, M. Ott, M. Padey, Mme Pirès Beaune, M. Proença, M. Ramos, M. Ray, Mme Riotton, Mme Ronceret, M. Roseren, Mme Rouaux, Mme Santiago, M. Saulignac, M. Sorre, M. Taite, M. Taupiac, M. Terlier, Mme Thiébault-Martinez, Mme Thomin, M. Travert, M. Vermorel-Marques, Mme Vidal, M. Jean-Pierre Vigier, M. Philippe Vigier, M. Viry et M. Vuibert",Développement durable,1ère lecture (1ère assemblée saisie),https://www.assemblee-nationale.fr/dyn/17/amendements/2632/CION-DVP/CD11,https://www.assemblee-nationale.fr/dyn/opendata/AMANR5L17PO419865B2632P0D1N000011.xml,Irrecevable,,
CD110,,Non renseigné,Après l'article 14,Première délibération,Blairy Emmanuel,"  Mme Bouquin, M. Dutremble, M. Evrard, M. Guibert, M. Houssin, M. Humbert, Mme Lechanteux, M. David Magnier, M. Markowsky, M. Marchio, M. Meurin, Mme Roullaud et M. Schreck",Développement durable,1ère lecture (1ère assemblée saisie),https://www.assemblee-nationale.fr/dyn/17/amendements/2632/CION-DVP/CD110,https://www.assemblee-nationale.fr/dyn/opendata/AMANR5L17PO419865B2632P0D1N000110.xml,Irrecevable,,
CD111,,Non renseigné,Après l'article 14,Première délibération,Blairy Emmanuel,"  Mme Bouquin, M. Dutremble, M. Evrard, M. Houssin, M. Humbert, Mme Lechanteux, M. David Magnier, M. Marchio, M. Markowsky, M. Meurin, Mme Roullaud, Mme Sabatini et M. Schreck",Développement durable,1ère lecture (1ère assemblée saisie),https://www.assemblee-nationale.fr/dyn/17/amendements/2632/CION-DVP/CD111,https://www.assemblee-nationale.fr/dyn/opendata/AMANR5L17PO419865B2632P0D1N000111.xml,Irrecevable,,
CD112,,Non renseigné,Après l'article 14,Première délibération,Blairy Emmanuel,"  Mme Bouquin, M. Dutremble, M. Evrard, M. Guibert, M. Houssin, M. Humbert, Mme Lechanteux, M. David Magnier, M. Marchio, M. Markowsky, M. Meurin, Mme Roullaud, Mme Sabatini et M. Schreck",Développement durable,1ère lecture (1ère assemblée saisie),https://www.assemblee-nationale.fr/dyn/17/amendements/2632/CION-DVP/CD112,https://www.assemblee-nationale.fr/dyn/opendata/AMANR5L17PO419865B2632P0D1N000112.xml,Irrecevable,,
CD113,,Non renseigné,Après l'article 14,Première délibération,Blairy Emmanuel,"  Mme Bouquin, M. Dutremble, M. Evrard, M. Guibert, M. Houssin, M. Humbert, Mme Lechanteux, M. David Magnier, M. Marchio, M. Markowsky, M. Meurin, Mme Roullaud et M. Schreck",Développement durable,1ère lecture (1ère assemblée saisie),https://www.assemblee-nationale.fr/dyn/17/amendements/2632/CION-DVP/CD113,https://www.assemblee-nationale.fr/dyn/opendata/AMANR5L17PO419865B2632P0D1N000113.xml,Irrecevable,,
CD12,,Non renseigné,Article 14,Première délibération,Pantel Sophie,"  M. Rousset, Mme Froger, M. Vallaud, M. Fesneau, M. Peu, Mme Le Feur, M. Armand, M. Hollande, M. Potier, M. Bony, M. Philippe Brun, Mme Rossi, Mme Allemand, M. Aviragnet, Mme Battistel, M. Bazin, M. Benoit, Mme Bergantz, M. Bonnecarrère, Mme Sylvie Bonnet, Mme Bonnivard, M. Bothorel, M. Bouyx, M. Brard, M. Brugerolles, Mme Brulebois, M. Fabrice Brun, M. Buchou, Mme Buffet, M. Jean-René Cazeneuve, M. Ceccoli, M. Cordier, M. Cormier-Bouligeon, M. Criaud, M. Croizier, Mme Corneloup, M. Daubié, M. David, M. Delautrette, Mme Delpech, Mme Dombre Coste, Mme Dubré-Chirat, M. Dufau, M. Echaniz, M. Fait, M. Fégné, M. Fugit, Mme Got, Mme Perrine Goulet, M. Guedj, Mme Herouin-Léautey, M. Houlié, M. Huyghe, M. Jacques, Mme Klinkert, M. Lauzzana, M. Lecamp, Mme Létard, Mme Le Peih, M. Liégeon, Mme Lingemann, Mme Marsaud, M. Maurel, M. Marion, M. Masséglia, M. Mattei, M. Molac, M. Mongardien, M. Naegelen, M. Oberti, M. Ott, M. Padey, Mme Pirès Beaune, M. Proença, M. Ramos, M. Ray, Mme Riotton, Mme Ronceret, Mme Rouaux, Mme Santiago, M. Saulignac, M. Sorre, M. Taite, M. Taupiac, M. Terlier, Mme Thiébault-Martinez, Mme Thomin, M. Travert, M. Vermorel-Marques, Mme Vidal, M. Jean-Pierre Vigier, M. Philippe Vigier, M. Viry et M. Vuibert",Développement durable,1ère lecture (1ère assemblée saisie),https://www.assemblee-nationale.fr/dyn/17/amendements/2632/CION-DVP/CD12,https://www.assemblee-nationale.fr/dyn/opendata/AMANR5L17PO419865B2632P0D1N000012.xml,Irrecevable,,
CD13,,Non renseigné,Article 14,Première délibération,Pantel Sophie,"  M. Rousset, Mme Froger, M. Vallaud, M. Fesneau, M. Peu, Mme Le Feur, M. Armand, M. Hollande, M. Potier, M. Bony, M. Philippe Brun, Mme Rossi, Mme Allemand, M. Aviragnet, Mme Battistel, M. Bazin, M. Benoit, Mme Bergantz, M. Bonnecarrère, Mme Sylvie Bonnet, Mme Bonnivard, M. Bothorel, M. Bouyx, M. Brard, M. Brugerolles, Mme Brulebois, M. Fabrice Brun, M. Buchou, Mme Buffet, M. Jean-René Cazeneuve, M. Ceccoli, M. Cordier, M. Cormier-Bouligeon, M. Criaud, M. Croizier, Mme Corneloup, M. Daubié, M. David, M. Delautrette, Mme Delpech, Mme Dombre Coste, Mme Dubré-Chirat, M. Dufau, M. Echaniz, M. Fait, M. Fégné, M. Fugit, Mme Got, Mme Perrine Goulet, M. Guedj, Mme Herouin-Léautey, M. Houlié, M. Huyghe, M. Jacques, Mme Klinkert, M. Lauzzana, M. Lecamp, Mme Létard, Mme Le Peih, M. Liégeon, Mme Lingemann, Mme Marsaud, M. Maurel, M. Marion, M. Masséglia, M. Mattei, M. Molac, M. Mongardien, M. Naegelen, M. Oberti, M. Ott, M. Padey, Mme Pirès Beaune, M. Proença, M. Ramos, M. Ray, Mme Riotton, Mme Ronceret, Mme Rouaux, Mme Santiago, M. Saulignac, M. Sorre, M. Taite, M. Taupiac, M. Terlier, Mme Thiébault-Martinez, Mme Thomin, M. Travert, M. Vermorel-Marques, Mme Vidal, M. Jean-Pierre Vigier, M. Philippe Vigier, M. Viry et M. Vuibert",Développement durable,1ère lecture (1ère assemblée saisie),https://www.assemblee-nationale.fr/dyn/17/amendements/2632/CION-DVP/CD13,https://www.assemblee-nationale.fr/dyn/opendata/AMANR5L17PO419865B2632P0D1N000013.xml,Irrecevable,,
CD14,,Non renseigné,Article 14,Première délibération,Pantel Sophie,"  M. Rousset, Mme Froger, M. Vallaud, M. Fesneau, M. Peu, Mme Le Feur, M. Armand, M. Hollande, M. Potier, M. Bony, M. Philippe Brun, Mme Rossi, Mme Allemand, M. Aviragnet, Mme Battistel, M. Bazin, M. Benoit, Mme Bergantz, M. Bonnecarrère, Mme Sylvie Bonnet, Mme Bonnivard, M. Bothorel, M. Bouyx, M. Brard, M. Brugerolles, Mme Brulebois, M. Fabrice Brun, M. Buchou, Mme Buffet, M. Jean-René Cazeneuve, M. Ceccoli, M. Cordier, M. Cormier-Bouligeon, M. Criaud, M. Croizier, Mme Corneloup, M. Daubié, M. David, M. Delautrette, Mme Delpech, Mme Dombre Coste, Mme Dubré-Chirat, M. Dufau, M. Echaniz, M. Fait, M. Fégné, M. Fugit, Mme Got, Mme Perrine Goulet, M. Guedj, Mme Herouin-Léautey, M. Houlié, M. Huyghe, M. Jacques, Mme Klinkert, M. Lauzzana, M. Lecamp, Mme Létard, Mme Le Peih, M. Liégeon, Mme Lingemann, Mme Marsaud, M. Maurel, M. Marion, M. Masséglia, M. Mattei, M. Molac, M. Mongardien, M. Naegelen, M. Oberti, M. Ott, M. Padey, Mme Pirès Beaune, M. Proença, M. Ramos, M. Ray, Mme Riotton, Mme Ronceret, Mme Rouaux, Mme Santiago, M. Saulignac, M. Sorre, M. Taite, M. Taupiac, M. Terlier, Mme Thiébault-Martinez, Mme Thomin, M. Travert, M. Vermorel-Marques, Mme Vidal, M. Jean-Pierre Vigier, M. Philippe Vigier, M. Viry et M. Vuibert",Développement durable,1ère lecture (1ère assemblée saisie),https://www.assemblee-nationale.fr/dyn/17/amendements/2632/CION-DVP/CD14,https://www.assemblee-nationale.fr/dyn/opendata/AMANR5L17PO419865B2632P0D1N000014.xml,Irrecevable,,
CD163,,Non renseigné,Article 14,Première délibération,Brun Fabrice,"  M. Ray, M. Brigand, M. Cordier, Mme Sylvie Bonnet, M. Descoeur, M. Portier, Mme Corneloup et Mme Duby-Muller",Développement durable,1ère lecture (1ère assemblée saisie),https://www.assemblee-nationale.fr/dyn/17/amendements/2632/CION-DVP/CD163,https://www.assemblee-nationale.fr/dyn/opendata/AMANR5L17PO419865B2632P0D1N000163.xml,Irrecevable,,
CD182,,Non renseigné,Article 14,Première délibération,Dutremble Aurélien,"  M. Blairy, Mme Bouquin, M. Evrard, M. Guibert, M. Houssin, M. Humbert, Mme Lechanteux, M. David Magnier, M. Marchio, M. Markowsky, M. Meurin, Mme Roullaud, Mme Sabatini, M. Schreck et M. Tivoli",Développement durable,1ère lecture (1ère assemblée saisie),https://www.assemblee-nationale.fr/dyn/17/amendements/2632/CION-DVP/CD182,https://www.assemblee-nationale.fr/dyn/opendata/AMANR5L17PO419865B2632P0D1N000182.xml,Irrecevable,,
CD192,,Non renseigné,Article 14,Première délibération,Allemand Marie-José,"  Mme Pantel, Mme Rossi, Mme Thomin, M. Potier, M. Delautrette, M. Dufau, M. Eskenazi, M. Fégné, Mme Jourdan, M. Leseul, M. Barusseau et M. Roussel",Développement durable,1ère lecture (1ère assemblée saisie),https://www.assemblee-nationale.fr/dyn/17/amendements/2632/CION-DVP/CD192,https://www.assemblee-nationale.fr/dyn/opendata/AMANR5L17PO419865B2632P0D1N000192.xml,Irrecevable,,
CD2,,Non renseigné,Après l'article 14,Première délibération,Pantel Sophie,,Développement durable,1ère lecture (1ère assemblée saisie),https://www.assemblee-nationale.fr/dyn/17/amendements/2632/CION-DVP/CD2,https://www.assemblee-nationale.fr/dyn/opendata/AMANR5L17PO419865B2632P0D1N000002.xml,Irrecevable,,
CD232,,Non renseigné,Article 14,Première délibération,Descoeur Vincent,"  M. Bony, M. Fabrice Brun, M. Ceccoli, M. Liégeon, M. Vermorel-Marques, M. Jean-Pierre Vigier et Mme Minard",Développement durable,1ère lecture (1ère assemblée saisie),https://www.assemblee-nationale.fr/dyn/17/amendements/2632/CION-DVP/CD232,https://www.assemblee-nationale.fr/dyn/opendata/AMANR5L17PO419865B2632P0D1N000232.xml,Irrecevable,,
CD243,,Non renseigné,Article 14,Première délibération,Warsmann Jean-Luc,,Développement durable,1ère lecture (1ère assemblée saisie),https://www.assemblee-nationale.fr/dyn/17/amendements/2632/CION-DVP/CD243,https://www.assemblee-nationale.fr/dyn/opendata/AMANR5L17PO419865B2632P0D1N000243.xml,Irrecevable,,
CD256,,Non renseigné,Après l'article 14,Première délibération,Le Gac Didier,"  M. Bothorel, Mme Liliana Tanguy, M. Molac, M. Ray, Mme Firmin Le Bodo et Mme Dubré-Chirat",Développement durable,1ère lecture (1ère assemblée saisie),https://www.assemblee-nationale.fr/dyn/17/amendements/2632/CION-DVP/CD256,https://www.assemblee-nationale.fr/dyn/opendata/AMANR5L17PO419865B2632P0D1N000256.xml,Irrecevable,,
CD262,,Non renseigné,Après l'article 14,Première délibération,Blairy Emmanuel,"  Mme Bouquin, M. Dutremble, M. Evrard, M. Guibert, M. Houssin, M. Humbert, Mme Lechanteux, M. David Magnier, M. Marchio, M. Markowsky, M. Meurin, Mme Sabatini et M. Schreck",Développement durable,1ère lecture (1ère assemblée saisie),https://www.assemblee-nationale.fr/dyn/17/amendements/2632/CION-DVP/CD262,https://www.assemblee-nationale.fr/dyn/opendata/AMANR5L17PO419865B2632P0D1N000262.xml,Irrecevable,,
CD263,,Non renseigné,Après l'article 14,Première délibération,Le Gac Didier,"  M. Bothorel, Mme Liliana Tanguy, M. Molac, Mme Dubré-Chirat, Mme Firmin Le Bodo et M. Ray",Développement durable,1ère lecture (1ère assemblée saisie),https://www.assemblee-nationale.fr/dyn/17/amendements/2632/CION-DVP/CD263,https://www.assemblee-nationale.fr/dyn/opendata/AMANR5L17PO419865B2632P0D1N000263.xml,Irrecevable,,
CD283,,Non renseigné,Article 14,Première délibération,Pochon Marie,"  Mme Voynet, M. Biteau, Mme Belluco, M. Nicolas Bonnet, Mme Ozenne, M. Raux, M. Thierry, M. Amirshahi, Mme Arrighi, Mme Autain, Mme Balage El Mariky, M. Ben Cheikh, M. Arnaud Bonnet, Mme Chatelain, M. Corbière, M. Davi, M. Duplessy, M. Fournier, Mme Garin, M. Damien Girard, M. Gustave, Mme Catherine Hervieu, M. Iordanoff, Mme Laernoes, M. Lahais, M. Lucas-Lundy, M. Peytavie, Mme Regol, M. Roumégas, Mme Sandrine Rousseau, M. Ruffin, Mme Sas, Mme Sebaihi, Mme Simonnet, Mme Taillé-Polian et M. Tavernier",Développement durable,1ère lecture (1ère assemblée saisie),https://www.assemblee-nationale.fr/dyn/17/amendements/2632/CION-DVP/CD283,https://www.assemblee-nationale.fr/dyn/opendata/AMANR5L17PO419865B2632P0D1N000283.xml,Irrecevable,,
CD290,,Non renseigné,Article 14,Première délibération,Pochon Marie,"  Mme Voynet, M. Biteau, Mme Belluco, M. Nicolas Bonnet, Mme Ozenne, M. Raux, M. Thierry, M. Amirshahi, Mme Arrighi, Mme Autain, Mme Balage El Mariky, M. Ben Cheikh, M. Arnaud Bonnet, Mme Chatelain, M. Corbière, M. Davi, M. Duplessy, M. Fournier, Mme Garin, M. Damien Girard, M. Gustave, Mme Catherine Hervieu, M. Iordanoff, Mme Laernoes, M. Lahais, M. Lucas-Lundy, M. Peytavie, Mme Regol, M. Roumégas, Mme Sandrine Rousseau, M. Ruffin, Mme Sas, Mme Sebaihi, Mme Simonnet, Mme Taillé-Polian et M. Tavernier",Développement durable,1ère lecture (1ère assemblée saisie),https://www.assemblee-nationale.fr/dyn/17/amendements/2632/CION-DVP/CD290,https://www.assemblee-nationale.fr/dyn/opendata/AMANR5L17PO419865B2632P0D1N000290.xml,Irrecevable,,
CD292,,Non renseigné,Article 14,Première délibération,Dutremble Aurélien,,Développement durable,1ère lecture (1ère assemblée saisie),https://www.assemblee-nationale.fr/dyn/17/amendements/2632/CION-DVP/CD292,https://www.assemblee-nationale.fr/dyn/opendata/AMANR5L17PO419865B2632P0D1N000292.xml,Irrecevable,,
CD323,,Non renseigné,Article 14,Première délibération,Voynet Dominique,"  Mme Pochon, Mme Belluco, M. Thierry et Mme Ozenne",Développement durable,1ère lecture (1ère assemblée saisie),https://www.assemblee-nationale.fr/dyn/17/amendements/2632/CION-DVP/CD323,https://www.assemblee-nationale.fr/dyn/opendata/AMANR5L17PO419865B2632P0D1N000323.xml,Irrecevable,,
CD371,,Non renseigné,Après l'article 14,Première délibération,Le Feur Sandrine,,Développement durable,1ère lecture (1ère assemblée saisie),https://www.assemblee-nationale.fr/dyn/17/amendements/2632/CION-DVP/CD371,https://www.assemblee-nationale.fr/dyn/opendata/AMANR5L17PO419865B2632P0D1N000371.xml,Irrecevable,,
CD398,,Non renseigné,Après l'article 14,Première délibération,Thomin Mélanie,"  M. Potier, M. Barusseau, Mme Jourdan, M. Delautrette, M. Leseul, M. Roussel, M. Dufau, M. Fégné, M. Eskenazi, Mme Allemand, Mme Rossi et Mme Pantel",Développement durable,1ère lecture (1ère assemblée saisie),https://www.assemblee-nationale.fr/dyn/17/amendements/2632/CION-DVP/CD398,https://www.assemblee-nationale.fr/dyn/opendata/AMANR5L17PO419865B2632P0D1N000398.xml,Irrecevable,,
CD4,,Non renseigné,Article 14,Première délibération,Pantel Sophie,,Développement durable,1ère lecture (1ère assemblée saisie),https://www.assemblee-nationale.fr/dyn/17/amendements/2632/CION-DVP/CD4,https://www.assemblee-nationale.fr/dyn/opendata/AMANR5L17PO419865B2632P0D1N000004.xml,Irrecevable,,
CD458,,Non renseigné,Article 14,Première délibération,Cosson Mickaël,"  Mme Josso, M. Ott, M. Pahun, M. Martineau, M. Balanant, Mme Bannier, Mme Bergantz, M. Blanchet, Mme Brocard, M. Croizier, Mme Darrieussecq, M. Daubié, M. Fesneau, M. Fuchs, Mme Perrine Goulet, M. Grelier, Mme Guillerm, M. Gumbs, M. Isaac-Sibille, M. Latombe, M. Lecamp, Mme Lingemann, M. Mandon, M. Mattei, Mme Mette, Mme Morel, M. Padey, M. Frédéric Petit, Mme Maud Petit, Mme Poueyto, M. Ramos, Mme Thillaye, M. Turquois et M. Philippe Vigier",Développement durable,1ère lecture (1ère assemblée saisie),https://www.assemblee-nationale.fr/dyn/17/amendements/2632/CION-DVP/CD458,https://www.assemblee-nationale.fr/dyn/opendata/AMANR5L17PO419865B2632P0D1N000458.xml,Irrecevable,,
CD5,,Non renseigné,Article 14,Première délibération,Pantel Sophie,,Développement durable,1ère lecture (1ère assemblée saisie),https://www.assemblee-nationale.fr/dyn/17/amendements/2632/CION-DVP/CD5,https://www.assemblee-nationale.fr/dyn/opendata/AMANR5L17PO419865B2632P0D1N000005.xml,Irrecevable,,
CD507,,Non renseigné,Article 14,Première délibération,Meunier Manon,"  Mme Abomangoli, M. Alexandre, M. Amard, Mme Amiot, Mme Amrani, M. Arenas, M. Arnault, Mme Belouassa-Cherifi, Mme Bentorki, M. Bernalicis, M. Bex, M. Bilongo, M. Bompard, M. Boumertit, M. Boyard, M. Cadalen, M. Caron, M. Carrière, Mme Cathala, M. Cernon, Mme Chikirou, M. Clouet, M. Coquerel, M. Coulomme, M. Delogu, M. Diouara, Mme Dufour, Mme Erodi, Mme Feld, M. Fernandes, Mme Ferrer, M. Gaillard, Mme Guetté, Mme Hamdane, Mme Hignet, M. Kerbrat, M. Lachaud, M. Lahmar, M. Laisney, M. Le Coq, M. Le Gall, Mme Leboucher, M. Legavre, Mme Legrain, Mme Lejeune, Mme Lepvraud, M. Léaument, Mme Élisa Martin, M. Maudet, Mme Maximi, Mme Mesmeur, M. Nilor, Mme Nosbé, Mme Obono, Mme Oziol, Mme Panot, M. Pilato, M. Piquemal, M. Portes, M. Prud'homme, M. Ratenon, M. Saint-Martin, M. Saintoul, Mme Soudais, Mme Stambach-Terrenoir, M. Aurélien Taché, Mme Taurinya, M. Tavel, Mme Trouvé et M. Vannier",Développement durable,1ère lecture (1ère assemblée saisie),https://www.assemblee-nationale.fr/dyn/17/amendements/2632/CION-DVP/CD507,https://www.assemblee-nationale.fr/dyn/opendata/AMANR5L17PO419865B2632P0D1N000507.xml,Irrecevable,,
CD51,,Non renseigné,Article 14,Première délibération,Rousset Jean-François,"  Mme Pantel, Mme Froger, M. Vallaud, M. Fesneau, M. Peu, Mme Le Feur, M. Armand, M. Hollande, M. Roseren, M. Potier, M. Bony, M. Philippe Brun, Mme Rossi, Mme Allemand, M. Aviragnet, Mme Battistel, M. Bazin, M. Benoit, Mme Bergantz, M. Bonnecarrère, Mme Sylvie Bonnet, Mme Bonnivard, M. Bothorel, M. Bouyx, M. Brard, M. Brigand, M. Brugerolles, Mme Brulebois, M. Fabrice Brun, M. Buchou, Mme Buffet, M. Jean-René Cazeneuve, M. Ceccoli, M. Cordier, M. Cormier-Bouligeon, M. Criaud, M. Croizier, Mme Corneloup, M. Daubié, M. David, M. Delautrette, Mme Delpech, Mme Dombre Coste, Mme Dubré-Chirat, M. Dufau, M. Echaniz, M. Fait, M. Fégné, M. Fugit, Mme Got, Mme Perrine Goulet, M. Guedj, Mme Herouin-Léautey, M. Houlié, M. Huyghe, M. Jacques, Mme Klinkert, M. Lauzzana, M. Lecamp, Mme Létard, Mme Le Peih, M. Liégeon, Mme Lingemann, Mme Marsaud, M. Maurel, M. Marion, M. Masséglia, M. Mattei, M. Molac, M. Mongardien, M. Naegelen, M. Oberti, M. Ott, M. Padey, Mme Pirès Beaune, M. Proença, M. Ramos, M. Ray, Mme Riotton, Mme Ronceret, Mme Rouaux, Mme Santiago, M. Saulignac, M. Sorre, M. Taite, M. Taupiac, M. Terlier, Mme Thiébault-Martinez, Mme Thomin, M. Travert, M. Vermorel-Marques, Mme Vidal, M. Jean-Pierre Vigier, M. Philippe Vigier, M. Viry, M. Vuibert et Mme Pochon",Développement durable,1ère lecture (1ère assemblée saisie),https://www.assemblee-nationale.fr/dyn/17/amendements/2632/CION-DVP/CD51,https://www.assemblee-nationale.fr/dyn/opendata/AMANR5L17PO419865B2632P0D1N000051.xml,Irrecevable,,
CD574,,Non renseigné,Article 14,Première délibération,Falcon Frédéric,"  M. Vos, M. Blairy, Mme Bouquin, M. Dutremble, M. Evrard, M. Guibert, M. Houssin, M. Humbert, Mme Lechanteux, M. David Magnier, M. Marchio, M. Markowsky, M. Meurin, Mme Roullaud, Mme Sabatini et M. Schreck",Développement durable,1ère lecture (1ère assemblée saisie),https://www.assemblee-nationale.fr/dyn/17/amendements/2632/CION-DVP/CD574,https://www.assemblee-nationale.fr/dyn/opendata/AMANR5L17PO419865B2632P0D1N000574.xml,Irrecevable,,
CD6,,Non renseigné,Article 14,Première délibération,Pantel Sophie,,Développement durable,1ère lecture (1ère assemblée saisie),https://www.assemblee-nationale.fr/dyn/17/amendements/2632/CION-DVP/CD6,https://www.assemblee-nationale.fr/dyn/opendata/AMANR5L17PO419865B2632P0D1N000006.xml,Irrecevable,,
CD7,,Non renseigné,Article 14,Première délibération,Pantel Sophie,,Développement durable,1ère lecture (1ère assemblée saisie),https://www.assemblee-nationale.fr/dyn/17/amendements/2632/CION-DVP/CD7,https://www.assemblee-nationale.fr/dyn/opendata/AMANR5L17PO419865B2632P0D1N000007.xml,Irrecevable,,
CD70,,Non renseigné,Article 14,Première délibération,Voynet Dominique,"  Mme Pochon, Mme Belluco, M. Nicolas Bonnet, M. Thierry, Mme Ozenne, M. Biteau, M. Raux, M. Amirshahi, Mme Arrighi, Mme Autain, Mme Balage El Mariky, M. Ben Cheikh, M. Arnaud Bonnet, Mme Chatelain, M. Corbière, M. Davi, M. Duplessy, M. Fournier, Mme Garin, M. Damien Girard, M. Gustave, Mme Catherine Hervieu, M. Iordanoff, Mme Laernoes, M. Lahais, M. Lucas-Lundy, M. Peytavie, Mme Regol, M. Roumégas, Mme Sandrine Rousseau, M. Ruffin, Mme Sas, Mme Sebaihi, Mme Simonnet, Mme Taillé-Polian et M. Tavernier",Développement durable,1ère lecture (1ère assemblée saisie),https://www.assemblee-nationale.fr/dyn/17/amendements/2632/CION-DVP/CD70,https://www.assemblee-nationale.fr/dyn/opendata/AMANR5L17PO419865B2632P0D1N000070.xml,Irrecevable,,
CD71,,Non renseigné,Article 14,Première délibération,Voynet Dominique,"  Mme Pochon, Mme Belluco, M. Nicolas Bonnet, M. Thierry, Mme Ozenne, M. Biteau, M. Raux, M. Amirshahi, Mme Arrighi, Mme Autain, Mme Balage El Mariky, M. Ben Cheikh, M. Arnaud Bonnet, Mme Chatelain, M. Corbière, M. Davi, M. Duplessy, M. Fournier, Mme Garin, M. Damien Girard, M. Gustave, Mme Catherine Hervieu, M. Iordanoff, Mme Laernoes, M. Lahais, M. Lucas-Lundy, M. Peytavie, Mme Regol, M. Roumégas, Mme Sandrine Rousseau, M. Ruffin, Mme Sas, Mme Sebaihi, Mme Simonnet, Mme Taillé-Polian et M. Tavernier",Développement durable,1ère lecture (1ère assemblée saisie),https://www.assemblee-nationale.fr/dyn/17/amendements/2632/CION-DVP/CD71,https://www.assemblee-nationale.fr/dyn/opendata/AMANR5L17PO419865B2632P0D1N000071.xml,Irrecevable,,
CD8,,Non renseigné,Article 14,Première délibération,Pantel Sophie,,Développement durable,1ère lecture (1ère assemblée saisie),https://www.assemblee-nationale.fr/dyn/17/amendements/2632/CION-DVP/CD8,https://www.assemblee-nationale.fr/dyn/opendata/AMANR5L17PO419865B2632P0D1N000008.xml,Irrecevable,,
CD9,,Non renseigné,Article 14,Première délibération,Pantel Sophie,,Développement durable,1ère lecture (1ère assemblée saisie),https://www.assemblee-nationale.fr/dyn/17/amendements/2632/CION-DVP/CD9,https://www.assemblee-nationale.fr/dyn/opendata/AMANR5L17PO419865B2632P0D1N000009.xml,Irrecevable,,
CD91,,Non renseigné,Article 14,Première délibération,Bony Jean-Yves,,Développement durable,1ère lecture (1ère assemblée saisie),https://www.assemblee-nationale.fr/dyn/17/amendements/2632/CION-DVP/CD91,https://www.assemblee-nationale.fr/dyn/opendata/AMANR5L17PO419865B2632P0D1N000091.xml,Irrecevable,,
1226,,Non renseigné,Article 14,Première délibération,Casterman Eddy,"  M. Allisio, M. Amblard, Mme Auzanot, M. Ballard, Mme Bamana, M. Baubry, M. Beaurain, M. Bentz, M. Bernhardt, M. Bigot, M. Bilde, M. Blairy, Mme Blanc, M. Boccaletti, M. Boulogne, Mme Bouquin, M. Bovet, M. Buisson, M. Chaumeil, M. Chenu, M. Chudeau, M. Clavet, Mme Colombier, Mme Da Conceicao Carvalho, M. de Fleurian, M. de Lépinau, Mme Dellong Meng, M. Dessigny, Mme Diaz, Mme Dogor-Such, M. Dragon, M. Dufosset, M. Dussausaye, M. Dutremble, M. Evrard, M. Falcon, M. Florquin, M. Fouquart, M. Frappé, M. Gabarron, Mme Galzy, M. Gery, M. Giletti, M. Gillet, M. Christian Girard, M. Golliot, M. Gonzalez, Mme Florence Goulet, Mme Grangier, Mme Griseti, M. Guibert, M. Guiniot, M. Guitton, Mme Hamelet, M. Houssin, M. Humbert, M. Jacobelli, M. Jenft, M. Jolly, Mme Joncour, M. Jordan, Mme Josserand, Mme Joubert, Mme Laporte, Mme Lavalette, M. Le Bourgeois, Mme Le Pen, Mme Lechanteux, Mme Lechon, Mme Lelouis, Mme Levavasseur, M. Limongi, M. Lioret, Mme Loir, Mme Lorho, M. Lottiaux, M. Loubet, M. David Magnier, Mme Marais-Beuil, M. Marchio, M. Markowsky, M. Patrice Martin, Mme Martinez, M. Mauvieux, M. Meizonnet, M. Meurin, M. Monnier, M. Muller, Mme Mélin, Mme Ménaché, M. Ménagé, M. Odoul, Mme Parmentier, M. Perez, M. Pfeffer, Mme Pollet, M. Rambaud, Mme Ranc, M. Rancoule, M. Renault, Mme Rimbert, M. Rivière, Mme Robert-Dehault, Mme Roullaud, Mme Roy, Mme Sabatini, M. Sabatou, M. Salmon, M. Schreck, Mme Sicard, M. Emmanuel Taché, M. Jean-Philippe Tanguy, M. Taverne, M. Tesson, M. Tivoli, M. Tomatis, M. Tonussi, M. Tribuiani, M. Villedieu, M. Vos et M. Weber",Séance publique,1ère lecture (1ère assemblée saisie),https://www.assemblee-nationale.fr/dyn/17/amendements/2765/AN/1226,https://www.assemblee-nationale.fr/dyn/opendata/AMANR5L17PO838901BTC2765P0D1N001226.xml,Irrecevable,,
1249,,Non renseigné,Après l'article 14,Première délibération,Dutremble Aurélien,"  M. Allisio, M. Amblard, Mme Auzanot, M. Ballard, Mme Bamana, M. Baubry, M. Beaurain, M. Bentz, M. Bernhardt, M. Bigot, M. Bilde, M. Blairy, Mme Blanc, M. Boccaletti, M. Boulogne, Mme Bouquin, M. Bovet, M. Buisson, M. Casterman, M. Chaumeil, M. Chenu, M. Chudeau, M. Clavet, Mme Colombier, Mme Da Conceicao Carvalho, M. de Fleurian, M. de Lépinau, Mme Dellong Meng, M. Dessigny, Mme Diaz, Mme Dogor-Such, M. Dragon, M. Dufosset, M. Dussausaye, M. Evrard, M. Falcon, M. Florquin, M. Fouquart, M. Frappé, M. Gabarron, Mme Galzy, M. Gery, M. Giletti, M. Gillet, M. Christian Girard, M. Golliot, M. Gonzalez, Mme Florence Goulet, Mme Grangier, Mme Griseti, M. Guibert, M. Guiniot, M. Guitton, Mme Hamelet, M. Houssin, M. Humbert, M. Jacobelli, M. Jenft, M. Jolly, Mme Joncour, M. Jordan, Mme Josserand, Mme Joubert, Mme Laporte, Mme Lavalette, M. Le Bourgeois, Mme Le Pen, Mme Lechanteux, Mme Lechon, Mme Lelouis, Mme Levavasseur, M. Limongi, M. Lioret, Mme Loir, Mme Lorho, M. Lottiaux, M. Loubet, M. David Magnier, Mme Marais-Beuil, M. Marchio, M. Markowsky, M. Patrice Martin, Mme Martinez, M. Mauvieux, M. Meizonnet, M. Meurin, M. Monnier, M. Muller, Mme Mélin, Mme Ménaché, M. Ménagé, M. Odoul, Mme Parmentier, M. Perez, M. Pfeffer, Mme Pollet, M. Rambaud, Mme Ranc, M. Rancoule, M. Renault, Mme Rimbert, M. Rivière, Mme Robert-Dehault, Mme Roullaud, Mme Roy, Mme Sabatini, M. Sabatou, M. Salmon, M. Schreck, Mme Sicard, M. Emmanuel Taché, M. Jean-Philippe Tanguy, M. Taverne, M. Tesson, M. Tivoli, M. Tomatis, M. Tonussi, M. Tribuiani, M. Villedieu, M. Vos et M. Weber",Séance publique,1ère lecture (1ère assemblée saisie),https://www.assemblee-nationale.fr/dyn/17/amendements/2765/AN/1249,https://www.assemblee-nationale.fr/dyn/opendata/AMANR5L17PO838901BTC2765P0D1N001249.xml,Irrecevable,,
1292,,Non renseigné,Article 14,Première délibération,Labaronne Daniel,"  M. Blanchet, Mme Brulebois et M. Fait",Séance publique,1ère lecture (1ère assemblée saisie),https://www.assemblee-nationale.fr/dyn/17/amendements/2765/AN/1292,https://www.assemblee-nationale.fr/dyn/opendata/AMANR5L17PO838901BTC2765P0D1N001292.xml,Irrecevable,,
1320,,Non renseigné,Article 14,Première délibération,Corneloup Josiane,"  M. Tryzna, Mme Sylvie Bonnet, M. Cordier, M. Ray, M. Hetzel et M. Duparay",Séance publique,1ère lecture (1ère assemblée saisie),https://www.assemblee-nationale.fr/dyn/17/amendements/2765/AN/1320,https://www.assemblee-nationale.fr/dyn/opendata/AMANR5L17PO838901BTC2765P0D1N001320.xml,Irrecevable,,
1349,,Non renseigné,Après l'article 14,Première délibération,Sitzenstuhl Charles,,Séance publique,1ère lecture (1ère assemblée saisie),https://www.assemblee-nationale.fr/dyn/17/amendements/2765/AN/1349,https://www.assemblee-nationale.fr/dyn/opendata/AMANR5L17PO838901BTC2765P0D1N001349.xml,Irrecevable,,
1481,,Non renseigné,Après l'article 14,Première délibération,Froger Martine,"  M. Aviragnet, Mme Allemand, Mme Thomin, Mme Battistel, M. Potier, M. Delautrette, M. Dufau, M. Echaniz, M. Benbrahim, M. Eskenazi, Mme Jourdan, M. Leseul, M. Barusseau, M. Lhardit, M. Naillet, M. Delaporte, M. Garot, Mme Got, Mme Rossi, M. Roussel, M. Baptiste, M. Baumel, M. Belhaddad, Mme Bellay, M. Bouloux, Mme Bregman, M. Philippe Brun, M. Califer, Mme Capdevielle, M. Christophle, M. Courbon, M. David, Mme Diop, Mme Dombre Coste, M. Faure, Mme Godard, M. Guedj, M. Hablot, Mme Hadizadeh, Mme Herouin-Léautey, Mme Céline Hervieu, M. Hollande, M. Houlié, Mme Karamanli, Mme Keloua Hachi, Mme Mercier, M. Oberti, M. Pena, Mme Pic, Mme Pirès Beaune, M. Pribetich, M. Proença, Mme Récalde, Mme Rouaux, M. Aurélien Rousseau, Mme Runel, M. Saint-Pasteur, Mme Santiago, M. Saulignac, M. Simion, M. Sother, Mme Thiébault-Martinez, M. Vallaud, M. Vicot, M. William, Mme Pantel et les membres du groupe Socialistes et apparentés",Séance publique,1ère lecture (1ère assemblée saisie),https://www.assemblee-nationale.fr/dyn/17/amendements/2765/AN/1481,https://www.assemblee-nationale.fr/dyn/opendata/AMANR5L17PO838901BTC2765P0D1N001481.xml,Irrecevable,,
151,,Non renseigné,Article 14,Première délibération,Brulebois Danielle,,Séance publique,1ère lecture (1ère assemblée saisie),https://www.assemblee-nationale.fr/dyn/17/amendements/2765/AN/151,https://www.assemblee-nationale.fr/dyn/opendata/AMANR5L17PO838901BTC2765P0D1N000151.xml,Irrecevable,,
1541,,Non renseigné,Après l'article 14,Première délibération,Abadie-Amiel Audrey,"  M. Bodart, M. Bataille, M. Bruneau, M. Castellani, M. Colombani, M. de Courson, Mme de Pélichy, M. Favennec-Bécot, M. Habib, M. Huwart, M. Lenormand, Mme Létard, M. Mathiasin, M. Mazaury, M. Molac, M. Naegelen, Mme Sanquer, M. Serva, M. Taupiac, M. Viry, M. Warsmann et Mme Youssouffa",Séance publique,1ère lecture (1ère assemblée saisie),https://www.assemblee-nationale.fr/dyn/17/amendements/2765/AN/1541,https://www.assemblee-nationale.fr/dyn/opendata/AMANR5L17PO838901BTC2765P0D1N001541.xml,Irrecevable,,
1542,,Non renseigné,Après l'article 14,Première délibération,Abadie-Amiel Audrey,"  M. Bruneau, M. Bataille, M. Bodart, M. Castellani, M. Colombani, M. de Courson, Mme de Pélichy, M. Favennec-Bécot, M. Habib, M. Huwart, M. Lenormand, Mme Létard, M. Mathiasin, M. Mazaury, M. Molac, M. Naegelen, Mme Sanquer, M. Serva, M. Taupiac, M. Viry, M. Warsmann et Mme Youssouffa",Séance publique,1ère lecture (1ère assemblée saisie),https://www.assemblee-nationale.fr/dyn/17/amendements/2765/AN/1542,https://www.assemblee-nationale.fr/dyn/opendata/AMANR5L17PO838901BTC2765P0D1N001542.xml,Irrecevable,,
1543,,Non renseigné,Après l'article 14,Première délibération,Abadie-Amiel Audrey,"  M. Bodart, M. Bataille, M. Bruneau, M. Castellani, M. Colombani, M. de Courson, Mme de Pélichy, M. Favennec-Bécot, M. Habib, M. Huwart, M. Lenormand, Mme Létard, M. Mathiasin, M. Mazaury, M. Molac, M. Naegelen, Mme Sanquer, M. Serva, M. Taupiac, M. Viry, M. Warsmann et Mme Youssouffa",Séance publique,1ère lecture (1ère assemblée saisie),https://www.assemblee-nationale.fr/dyn/17/amendements/2765/AN/1543,https://www.assemblee-nationale.fr/dyn/opendata/AMANR5L17PO838901BTC2765P0D1N001543.xml,Irrecevable,,
1599,,Non renseigné,Après l'article 14,Première délibération,Froger Martine,"  M. Aviragnet, M. Fégné, Mme Allemand, Mme Thomin, Mme Battistel, M. Potier, M. Delautrette, M. Dufau, M. Echaniz, M. Benbrahim, M. Eskenazi, Mme Jourdan, M. Leseul, M. Barusseau, M. Lhardit, M. Naillet, M. Delaporte, M. Garot, Mme Got, Mme Rossi, M. Roussel, M. Baptiste, M. Baumel, M. Belhaddad, Mme Bellay, M. Bouloux, Mme Bregman, M. Philippe Brun, M. Califer, Mme Capdevielle, M. Christophle, M. Courbon, M. David, Mme Diop, Mme Dombre Coste, M. Faure, Mme Godard, M. Guedj, M. Hablot, Mme Hadizadeh, Mme Herouin-Léautey, Mme Céline Hervieu, M. Hollande, M. Houlié, Mme Karamanli, Mme Keloua Hachi, Mme Mercier, M. Oberti, M. Pena, Mme Pic, Mme Pirès Beaune, M. Pribetich, M. Proença, Mme Récalde, Mme Rouaux, M. Aurélien Rousseau, Mme Runel, M. Saint-Pasteur, Mme Santiago, M. Saulignac, M. Simion, M. Sother, Mme Thiébault-Martinez, M. Vallaud, M. Vicot, M. William, Mme Pantel et les membres du groupe Socialistes et apparentés",Séance publique,1ère lecture (1ère assemblée saisie),https://www.assemblee-nationale.fr/dyn/17/amendements/2765/AN/1599,https://www.assemblee-nationale.fr/dyn/opendata/AMANR5L17PO838901BTC2765P0D1N001599.xml,Irrecevable,,
1681,,Non renseigné,Article 14,Première délibération,Pochon Marie,"  Mme Voynet, M. Biteau, Mme Belluco, M. Nicolas Bonnet, Mme Ozenne, M. Peytavie, M. Raux, M. Tavernier et M. Thierry",Séance publique,1ère lecture (1ère assemblée saisie),https://www.assemblee-nationale.fr/dyn/17/amendements/2765/AN/1681,https://www.assemblee-nationale.fr/dyn/opendata/AMANR5L17PO838901BTC2765P0D1N001681.xml,Irrecevable,,
1686,,Non renseigné,Après l'article 14,Première délibération,Valentin Antoine,,Séance publique,1ère lecture (1ère assemblée saisie),https://www.assemblee-nationale.fr/dyn/17/amendements/2765/AN/1686,https://www.assemblee-nationale.fr/dyn/opendata/AMANR5L17PO838901BTC2765P0D1N001686.xml,Irrecevable,,
1760,,Non renseigné,Article 14,Première délibération,Marion Christophe,,Séance publique,1ère lecture (1ère assemblée saisie),https://www.assemblee-nationale.fr/dyn/17/amendements/2765/AN/1760,https://www.assemblee-nationale.fr/dyn/opendata/AMANR5L17PO838901BTC2765P0D1N001760.xml,Irrecevable,,
1851,,Non renseigné,Après l'article 14,Première délibération,Froger Martine,,Séance publique,1ère lecture (1ère assemblée saisie),https://www.assemblee-nationale.fr/dyn/17/amendements/2765/AN/1851,https://www.assemblee-nationale.fr/dyn/opendata/AMANR5L17PO838901BTC2765P0D1N001851.xml,Irrecevable,,
1906,,Non renseigné,Article 14,Première délibération,Meurin Pierre,"  Mme Bamana, M. Allisio, M. Amblard, Mme Auzanot, M. Ballard, M. Baubry, M. Beaurain, M. Bentz, M. Bernhardt, M. Bigot, M. Bilde, M. Blairy, Mme Blanc, M. Boccaletti, M. Boulogne, Mme Bouquin, M. Bovet, M. Buisson, M. Casterman, M. Chaumeil, M. Chenu, M. Chudeau, M. Clavet, Mme Colombier, Mme Da Conceicao Carvalho, M. de Fleurian, M. de Lépinau, Mme Dellong Meng, M. Dessigny, Mme Diaz, Mme Dogor-Such, M. Dragon, M. Dufosset, M. Dussausaye, M. Dutremble, M. Evrard, M. Falcon, M. Florquin, M. Fouquart, M. Frappé, M. Gabarron, Mme Galzy, M. Gery, M. Giletti, M. Gillet, M. Christian Girard, M. Golliot, M. Gonzalez, Mme Florence Goulet, Mme Grangier, Mme Griseti, M. Guibert, M. Guiniot, M. Guitton, Mme Hamelet, M. Houssin, M. Humbert, M. Jacobelli, M. Jenft, M. Jolly, Mme Joncour, M. Jordan, Mme Josserand, Mme Joubert, Mme Laporte, Mme Lavalette, M. Le Bourgeois, Mme Le Pen, Mme Lechanteux, Mme Lechon, Mme Lelouis, Mme Levavasseur, M. Limongi, M. Lioret, Mme Loir, Mme Lorho, M. Lottiaux, M. Loubet, M. David Magnier, Mme Marais-Beuil, M. Marchio, M. Markowsky, M. Patrice Martin, Mme Martinez, M. Mauvieux, M. Meizonnet, M. Monnier, M. Muller, Mme Mélin, Mme Ménaché, M. Ménagé, M. Odoul, Mme Parmentier, M. Perez, M. Pfeffer, Mme Pollet, M. Rambaud, Mme Ranc, M. Rancoule, M. Renault, Mme Rimbert, M. Rivière, Mme Robert-Dehault, Mme Roullaud, Mme Roy, Mme Sabatini, M. Sabatou, M. Salmon, M. Schreck, Mme Sicard, M. Emmanuel Taché, M. Jean-Philippe Tanguy, M. Taverne, M. Tesson, M. Tivoli, M. Tomatis, M. Tonussi, M. Tribuiani, M. Villedieu, M. Vos et M. Weber",Séance publique,1ère lecture (1ère assemblée saisie),https://www.assemblee-nationale.fr/dyn/17/amendements/2765/AN/1906,https://www.assemblee-nationale.fr/dyn/opendata/AMANR5L17PO838901BTC2765P0D1N001906.xml,Irrecevable,,
1931,,Non renseigné,Après l'article 14,Première délibération,Taupiac David,"  M. Bataille, M. Castellani, M. de Courson, Mme de Pélichy, M. Lenormand, M. Mathiasin, M. Mazaury et Mme Sanquer",Séance publique,1ère lecture (1ère assemblée saisie),https://www.assemblee-nationale.fr/dyn/17/amendements/2765/AN/1931,https://www.assemblee-nationale.fr/dyn/opendata/AMANR5L17PO838901BTC2765P0D1N001931.xml,Irrecevable,,
1958,,Non renseigné,Article 14,Première délibération,Meurin Pierre,"  M. Ballard, M. Allisio, M. Amblard, Mme Auzanot, Mme Bamana, M. Baubry, M. Beaurain, M. Bentz, M. Bernhardt, M. Bigot, M. Bilde, M. Blairy, Mme Blanc, M. Boccaletti, M. Boulogne, Mme Bouquin, M. Bovet, M. Buisson, M. Casterman, M. Chaumeil, M. Chenu, M. Chudeau, M. Clavet, Mme Colombier, Mme Da Conceicao Carvalho, M. de Fleurian, M. de Lépinau, Mme Dellong Meng, M. Dessigny, Mme Diaz, Mme Dogor-Such, M. Dragon, M. Dufosset, M. Dussausaye, M. Dutremble, M. Evrard, M. Falcon, M. Florquin, M. Fouquart, M. Frappé, M. Gabarron, Mme Galzy, M. Gery, M. Giletti, M. Gillet, M. Christian Girard, M. Golliot, M. Gonzalez, Mme Florence Goulet, Mme Grangier, Mme Griseti, M. Guibert, M. Guiniot, M. Guitton, Mme Hamelet, M. Houssin, M. Humbert, M. Jacobelli, M. Jenft, M. Jolly, Mme Joncour, M. Jordan, Mme Josserand, Mme Joubert, Mme Laporte, Mme Lavalette, M. Le Bourgeois, Mme Le Pen, Mme Lechanteux, Mme Lechon, Mme Lelouis, Mme Levavasseur, M. Limongi, M. Lioret, Mme Loir, Mme Lorho, M. Lottiaux, M. Loubet, M. David Magnier, Mme Marais-Beuil, M. Marchio, M. Markowsky, M. Patrice Martin, Mme Martinez, M. Mauvieux, M. Meizonnet, M. Monnier, M. Muller, Mme Mélin, Mme Ménaché, M. Ménagé, M. Odoul, Mme Parmentier, M. Perez, M. Pfeffer, Mme Pollet, M. Rambaud, Mme Ranc, M. Rancoule, M. Renault, Mme Rimbert, M. Rivière, Mme Robert-Dehault, Mme Roullaud, Mme Roy, Mme Sabatini, M. Sabatou, M. Salmon, M. Schreck, Mme Sicard, M. Emmanuel Taché, M. Jean-Philippe Tanguy, M. Taverne, M. Tesson, M. Tivoli, M. Tomatis, M. Tonussi, M. Tribuiani, M. Villedieu, M. Vos et M. Weber",Séance publique,1ère lecture (1ère assemblée saisie),https://www.assemblee-nationale.fr/dyn/17/amendements/2765/AN/1958,https://www.assemblee-nationale.fr/dyn/opendata/AMANR5L17PO838901BTC2765P0D1N001958.xml,Irrecevable,,
2045,,Non renseigné,Après l'article 14,Première délibération,Pic Anna,,Séance publique,1ère lecture (1ère assemblée saisie),https://www.assemblee-nationale.fr/dyn/17/amendements/2765/AN/2045,https://www.assemblee-nationale.fr/dyn/opendata/AMANR5L17PO838901BTC2765P0D1N002045.xml,Irrecevable,,
2116,,Non renseigné,Article 14,Première délibération,Pantel Sophie,,Séance publique,1ère lecture (1ère assemblée saisie),https://www.assemblee-nationale.fr/dyn/17/amendements/2765/AN/2116,https://www.assemblee-nationale.fr/dyn/opendata/AMANR5L17PO838901BTC2765P0D1N002116.xml,Irrecevable,,
2129,,Non renseigné,Article 14,Première délibération,Pantel Sophie,,Séance publique,1ère lecture (1ère assemblée saisie),https://www.assemblee-nationale.fr/dyn/17/amendements/2765/AN/2129,https://www.assemblee-nationale.fr/dyn/opendata/AMANR5L17PO838901BTC2765P0D1N002129.xml,Irrecevable,,
2130,,Non renseigné,Article 14,Première délibération,Pantel Sophie,,Séance publique,1ère lecture (1ère assemblée saisie),https://www.assemblee-nationale.fr/dyn/17/amendements/2765/AN/2130,https://www.assemblee-nationale.fr/dyn/opendata/AMANR5L17PO838901BTC2765P0D1N002130.xml,Irrecevable,,
2157,,Non renseigné,Après l'article 14,Première délibération,Gernigon François,  M. Benoit et M. Thiébaut,Séance publique,1ère lecture (1ère assemblée saisie),https://www.assemblee-nationale.fr/dyn/17/amendements/2765/AN/2157,https://www.assemblee-nationale.fr/dyn/opendata/AMANR5L17PO838901BTC2765P0D1N002157.xml,Irrecevable,,
2173,,Non renseigné,Après l'article 14,Première délibération,Cosson Mickaël,"  M. Balanant, Mme Bannier, Mme Bergantz, M. Blanchet, Mme Brocard, M. Croizier, Mme Darrieussecq, M. Daubié, M. Fesneau, M. Fuchs, Mme Gervais, Mme Perrine Goulet, M. Grelier, Mme Guillerm, M. Gumbs, M. Isaac-Sibille, Mme Josso, M. Latombe, M. Lecamp, Mme Lingemann, M. Mandon, M. Martineau, M. Mattei, Mme Maussion, Mme Mette, Mme Morel, M. Ott, M. Padey, M. Pahun, M. Frédéric Petit, Mme Maud Petit, Mme Poueyto, M. Ramos, Mme Thillaye, M. Turquois et M. Philippe Vigier",Séance publique,1ère lecture (1ère assemblée saisie),https://www.assemblee-nationale.fr/dyn/17/amendements/2765/AN/2173,https://www.assemblee-nationale.fr/dyn/opendata/AMANR5L17PO838901BTC2765P0D1N002173.xml,Irrecevable,,
219,,Non renseigné,Après l'article 14,Première délibération,Vos Frédéric-Pierre,"  M. Allisio, M. Amblard, Mme Auzanot, M. Ballard, Mme Bamana, M. Baubry, M. Beaurain, M. Bentz, M. Bernhardt, M. Bigot, M. Bilde, M. Blairy, Mme Blanc, M. Boccaletti, M. Boulogne, Mme Bouquin, M. Bovet, M. Buisson, M. Casterman, M. Chaumeil, M. Chenu, M. Chudeau, M. Clavet, Mme Colombier, Mme Da Conceicao Carvalho, M. de Fleurian, M. de Lépinau, Mme Dellong Meng, M. Dessigny, Mme Diaz, Mme Dogor-Such, M. Dragon, M. Dufosset, M. Dussausaye, M. Dutremble, M. Evrard, M. Falcon, M. Florquin, M. Fouquart, M. Frappé, M. Gabarron, Mme Galzy, M. Gery, M. Giletti, M. Gillet, M. Christian Girard, M. Golliot, M. Gonzalez, Mme Florence Goulet, Mme Grangier, Mme Griseti, M. Guibert, M. Guiniot, M. Guitton, Mme Hamelet, M. Houssin, M. Humbert, M. Jacobelli, M. Jenft, M. Jolly, Mme Joncour, M. Jordan, Mme Josserand, Mme Joubert, Mme Laporte, Mme Lavalette, M. Le Bourgeois, Mme Le Pen, Mme Lechanteux, Mme Lechon, Mme Lelouis, Mme Levavasseur, M. Limongi, M. Lioret, Mme Loir, Mme Lorho, M. Lottiaux, M. Loubet, M. David Magnier, Mme Marais-Beuil, M. Marchio, M. Markowsky, M. Patrice Martin, Mme Martinez, M. Mauvieux, M. Meizonnet, M. Meurin, M. Monnier, M. Muller, Mme Mélin, Mme Ménaché, M. Ménagé, M. Odoul, Mme Parmentier, M. Perez, M. Pfeffer, Mme Pollet, M. Rambaud, Mme Ranc, M. Rancoule, M. Renault, Mme Rimbert, M. Rivière, Mme Robert-Dehault, Mme Roullaud, Mme Roy, Mme Sabatini, M. Sabatou, M. Salmon, M. Schreck, Mme Sicard, M. Emmanuel Taché, M. Jean-Philippe Tanguy, M. Taverne, M. Tesson, M. Tivoli, M. Tomatis, M. Tonussi, M. Tribuiani, M. Villedieu et M. Weber",Séance publique,1ère lecture (1ère assemblée saisie),https://www.assemblee-nationale.fr/dyn/17/amendements/2765/AN/219,https://www.assemblee-nationale.fr/dyn/opendata/AMANR5L17PO838901BTC2765P0D1N000219.xml,Irrecevable,,
2255,,Non renseigné,Article 14,Première délibération,Meurin Pierre,"  M. Ballard, M. Allisio, M. Amblard, Mme Auzanot, Mme Bamana, M. Baubry, M. Beaurain, M. Bentz, M. Bernhardt, M. Bigot, M. Bilde, M. Blairy, Mme Blanc, M. Boccaletti, M. Boulogne, Mme Bouquin, M. Bovet, M. Buisson, M. Casterman, M. Chaumeil, M. Chenu, M. Chudeau, M. Clavet, Mme Colombier, Mme Da Conceicao Carvalho, M. de Fleurian, M. de Lépinau, Mme Dellong Meng, M. Dessigny, Mme Diaz, Mme Dogor-Such, M. Dragon, M. Dufosset, M. Dussausaye, M. Dutremble, M. Evrard, M. Falcon, M. Florquin, M. Fouquart, M. Frappé, M. Gabarron, Mme Galzy, M. Gery, M. Giletti, M. Gillet, M. Christian Girard, M. Golliot, M. Gonzalez, Mme Florence Goulet, Mme Grangier, Mme Griseti, M. Guibert, M. Guiniot, M. Guitton, Mme Hamelet, M. Houssin, M. Humbert, M. Jacobelli, M. Jenft, M. Jolly, Mme Joncour, M. Jordan, Mme Josserand, Mme Joubert, Mme Laporte, Mme Lavalette, M. Le Bourgeois, Mme Le Pen, Mme Lechanteux, Mme Lechon, Mme Lelouis, Mme Levavasseur, M. Limongi, M. Lioret, Mme Loir, Mme Lorho, M. Lottiaux, M. Loubet, M. David Magnier, Mme Marais-Beuil, M. Marchio, M. Markowsky, M. Patrice Martin, Mme Martinez, M. Mauvieux, M. Meizonnet, M. Monnier, M. Muller, Mme Mélin, Mme Ménaché, M. Ménagé, M. Odoul, Mme Parmentier, M. Perez, M. Pfeffer, Mme Pollet, M. Rambaud, Mme Ranc, M. Rancoule, M. Renault, Mme Rimbert, M. Rivière, Mme Robert-Dehault, Mme Roullaud, Mme Roy, Mme Sabatini, M. Sabatou, M. Salmon, M. Schreck, Mme Sicard, M. Emmanuel Taché, M. Jean-Philippe Tanguy, M. Taverne, M. Tesson, M. Tivoli, M. Tomatis, M. Tonussi, M. Tribuiani, M. Villedieu, M. Vos et M. Weber",Séance publique,1ère lecture (1ère assemblée saisie),https://www.assemblee-nationale.fr/dyn/17/amendements/2765/AN/2255,https://www.assemblee-nationale.fr/dyn/opendata/AMANR5L17PO838901BTC2765P0D1N002255.xml,Irrecevable,,
2278,,Non renseigné,Après l'article 14,Première délibération,Meurin Pierre,"  M. Beaurain, M. Allisio, M. Amblard, Mme Auzanot, M. Ballard, Mme Bamana, M. Baubry, M. Bentz, M. Bernhardt, M. Bigot, M. Bilde, M. Blairy, Mme Blanc, M. Boccaletti, M. Boulogne, Mme Bouquin, M. Bovet, M. Buisson, M. Casterman, M. Chaumeil, M. Chenu, M. Chudeau, M. Clavet, Mme Colombier, Mme Da Conceicao Carvalho, M. de Fleurian, M. de Lépinau, Mme Dellong Meng, M. Dessigny, Mme Diaz, Mme Dogor-Such, M. Dragon, M. Dufosset, M. Dussausaye, M. Dutremble, M. Evrard, M. Falcon, M. Florquin, M. Fouquart, M. Frappé, M. Gabarron, Mme Galzy, M. Gery, M. Giletti, M. Gillet, M. Christian Girard, M. Golliot, M. Gonzalez, Mme Florence Goulet, Mme Grangier, Mme Griseti, M. Guibert, M. Guiniot, M. Guitton, Mme Hamelet, M. Houssin, M. Humbert, M. Jacobelli, M. Jenft, M. Jolly, Mme Joncour, M. Jordan, Mme Josserand, Mme Joubert, Mme Laporte, Mme Lavalette, M. Le Bourgeois, Mme Le Pen, Mme Lechanteux, Mme Lechon, Mme Lelouis, Mme Levavasseur, M. Limongi, M. Lioret, Mme Loir, Mme Lorho, M. Lottiaux, M. Loubet, M. David Magnier, Mme Marais-Beuil, M. Marchio, M. Markowsky, M. Patrice Martin, Mme Martinez, M. Mauvieux, M. Meizonnet, M. Monnier, M. Muller, Mme Mélin, Mme Ménaché, M. Ménagé, M. Odoul, Mme Parmentier, M. Perez, M. Pfeffer, Mme Pollet, M. Rambaud, Mme Ranc, M. Rancoule, M. Renault, Mme Rimbert, M. Rivière, Mme Robert-Dehault, Mme Roullaud, Mme Roy, Mme Sabatini, M. Sabatou, M. Salmon, M. Schreck, Mme Sicard, M. Emmanuel Taché, M. Jean-Philippe Tanguy, M. Taverne, M. Tesson, M. Tivoli, M. Tomatis, M. Tonussi, M. Tribuiani, M. Villedieu, M. Vos et M. Weber",Séance publique,1ère lecture (1ère assemblée saisie),https://www.assemblee-nationale.fr/dyn/17/amendements/2765/AN/2278,https://www.assemblee-nationale.fr/dyn/opendata/AMANR5L17PO838901BTC2765P0D1N002278.xml,Irrecevable,,
2390,,Non renseigné,Article 14,Première délibération,Blairy Emmanuel,"  M. Allisio, M. Amblard, Mme Auzanot, M. Ballard, Mme Bamana, M. Baubry, M. Beaurain, M. Bentz, M. Bernhardt, M. Bigot, M. Bilde, Mme Blanc, M. Boccaletti, M. Boulogne, Mme Bouquin, M. Bovet, M. Buisson, M. Casterman, M. Chaumeil, M. Chenu, M. Chudeau, M. Clavet, Mme Colombier, Mme Da Conceicao Carvalho, M. de Fleurian, M. de Lépinau, Mme Dellong Meng, M. Dessigny, Mme Diaz, Mme Dogor-Such, M. Dragon, M. Dufosset, M. Dussausaye, M. Dutremble, M. Evrard, M. Falcon, M. Florquin, M. Fouquart, M. Frappé, M. Gabarron, Mme Galzy, M. Gery, M. Giletti, M. Gillet, M. Christian Girard, M. Golliot, M. Gonzalez, Mme Florence Goulet, Mme Grangier, Mme Griseti, M. Guibert, M. Guiniot, M. Guitton, Mme Hamelet, M. Houssin, M. Humbert, M. Jacobelli, M. Jenft, M. Jolly, Mme Joncour, M. Jordan, Mme Josserand, Mme Joubert, Mme Laporte, Mme Lavalette, M. Le Bourgeois, Mme Le Pen, Mme Lechanteux, Mme Lechon, Mme Lelouis, Mme Levavasseur, M. Limongi, M. Lioret, Mme Loir, Mme Lorho, M. Lottiaux, M. Loubet, M. David Magnier, Mme Marais-Beuil, M. Marchio, M. Markowsky, M. Patrice Martin, Mme Martinez, M. Mauvieux, M. Meizonnet, M. Meurin, M. Monnier, M. Muller, Mme Mélin, Mme Ménaché, M. Ménagé, M. Odoul, Mme Parmentier, M. Perez, M. Pfeffer, Mme Pollet, M. Rambaud, Mme Ranc, M. Rancoule, M. Renault, Mme Rimbert, M. Rivière, Mme Robert-Dehault, Mme Roullaud, Mme Roy, Mme Sabatini, M. Sabatou, M. Salmon, M. Schreck, Mme Sicard, M. Emmanuel Taché, M. Jean-Philippe Tanguy, M. Taverne, M. Tesson, M. Tivoli, M. Tomatis, M. Tonussi, M. Tribuiani, M. Villedieu, M. Vos et M. Weber",Séance publique,1ère lecture (1ère assemblée saisie),https://www.assemblee-nationale.fr/dyn/17/amendements/2765/AN/2390,https://www.assemblee-nationale.fr/dyn/opendata/AMANR5L17PO838901BTC2765P0D1N002390.xml,Irrecevable,,
2391,,Non renseigné,Article 14,Première délibération,Blairy Emmanuel,"  M. Allisio, M. Amblard, Mme Auzanot, M. Ballard, Mme Bamana, M. Baubry, M. Beaurain, M. Bentz, M. Bernhardt, M. Bigot, M. Bilde, Mme Blanc, M. Boccaletti, M. Boulogne, Mme Bouquin, M. Bovet, M. Buisson, M. Casterman, M. Chaumeil, M. Chenu, M. Chudeau, M. Clavet, Mme Colombier, Mme Da Conceicao Carvalho, M. de Fleurian, M. de Lépinau, Mme Dellong Meng, M. Dessigny, Mme Diaz, Mme Dogor-Such, M. Dragon, M. Dufosset, M. Dussausaye, M. Dutremble, M. Evrard, M. Falcon, M. Florquin, M. Fouquart, M. Frappé, M. Gabarron, Mme Galzy, M. Gery, M. Giletti, M. Gillet, M. Christian Girard, M. Golliot, M. Gonzalez, Mme Florence Goulet, Mme Grangier, Mme Griseti, M. Guibert, M. Guiniot, M. Guitton, Mme Hamelet, M. Houssin, M. Humbert, M. Jacobelli, M. Jenft, M. Jolly, Mme Joncour, M. Jordan, Mme Josserand, Mme Joubert, Mme Laporte, Mme Lavalette, M. Le Bourgeois, Mme Le Pen, Mme Lechanteux, Mme Lechon, Mme Lelouis, Mme Levavasseur, M. Limongi, M. Lioret, Mme Loir, Mme Lorho, M. Lottiaux, M. Loubet, M. David Magnier, Mme Marais-Beuil, M. Marchio, M. Markowsky, M. Patrice Martin, Mme Martinez, M. Mauvieux, M. Meizonnet, M. Meurin, M. Monnier, M. Muller, Mme Mélin, Mme Ménaché, M. Ménagé, M. Odoul, Mme Parmentier, M. Perez, M. Pfeffer, Mme Pollet, M. Rambaud, Mme Ranc, M. Rancoule, M. Renault, Mme Rimbert, M. Rivière, Mme Robert-Dehault, Mme Roullaud, Mme Roy, Mme Sabatini, M. Sabatou, M. Salmon, M. Schreck, Mme Sicard, M. Emmanuel Taché, M. Jean-Philippe Tanguy, M. Taverne, M. Tesson, M. Tivoli, M. Tomatis, M. Tonussi, M. Tribuiani, M. Villedieu, M. Vos et M. Weber",Séance publique,1ère lecture (1ère assemblée saisie),https://www.assemblee-nationale.fr/dyn/17/amendements/2765/AN/2391,https://www.assemblee-nationale.fr/dyn/opendata/AMANR5L17PO838901BTC2765P0D1N002391.xml,Irrecevable,,
2392,,Non renseigné,Article 14,Première délibération,Blairy Emmanuel,"  M. Allisio, M. Amblard, Mme Auzanot, M. Ballard, Mme Bamana, M. Baubry, M. Beaurain, M. Bentz, M. Bernhardt, M. Bigot, M. Bilde, Mme Blanc, M. Boccaletti, M. Boulogne, Mme Bouquin, M. Bovet, M. Buisson, M. Casterman, M. Chaumeil, M. Chenu, M. Chudeau, M. Clavet, Mme Colombier, Mme Da Conceicao Carvalho, M. de Fleurian, M. de Lépinau, Mme Dellong Meng, M. Dessigny, Mme Diaz, Mme Dogor-Such, M. Dragon, M. Dufosset, M. Dussausaye, M. Dutremble, M. Evrard, M. Falcon, M. Florquin, M. Fouquart, M. Frappé, M. Gabarron, Mme Galzy, M. Gery, M. Giletti, M. Gillet, M. Christian Girard, M. Golliot, M. Gonzalez, Mme Florence Goulet, Mme Grangier, Mme Griseti, M. Guibert, M. Guiniot, M. Guitton, Mme Hamelet, M. Houssin, M. Humbert, M. Jacobelli, M. Jenft, M. Jolly, Mme Joncour, M. Jordan, Mme Josserand, Mme Joubert, Mme Laporte, Mme Lavalette, M. Le Bourgeois, Mme Le Pen, Mme Lechanteux, Mme Lechon, Mme Lelouis, Mme Levavasseur, M. Limongi, M. Lioret, Mme Loir, Mme Lorho, M. Lottiaux, M. Loubet, M. David Magnier, Mme Marais-Beuil, M. Marchio, M. Markowsky, M. Patrice Martin, Mme Martinez, M. Mauvieux, M. Meizonnet, M. Meurin, M. Monnier, M. Muller, Mme Mélin, Mme Ménaché, M. Ménagé, M. Odoul, Mme Parmentier, M. Perez, M. Pfeffer, Mme Pollet, M. Rambaud, Mme Ranc, M. Rancoule, M. Renault, Mme Rimbert, M. Rivière, Mme Robert-Dehault, Mme Roullaud, Mme Roy, Mme Sabatini, M. Sabatou, M. Salmon, M. Schreck, Mme Sicard, M. Emmanuel Taché, M. Jean-Philippe Tanguy, M. Taverne, M. Tesson, M. Tivoli, M. Tomatis, M. Tonussi, M. Tribuiani, M. Villedieu, M. Vos et M. Weber",Séance publique,1ère lecture (1ère assemblée saisie),https://www.assemblee-nationale.fr/dyn/17/amendements/2765/AN/2392,https://www.assemblee-nationale.fr/dyn/opendata/AMANR5L17PO838901BTC2765P0D1N002392.xml,Irrecevable,,
2393,,Non renseigné,Article 14,Première délibération,Blairy Emmanuel,"  M. Allisio, M. Amblard, Mme Auzanot, M. Ballard, Mme Bamana, M. Baubry, M. Beaurain, M. Bentz, M. Bernhardt, M. Bigot, M. Bilde, Mme Blanc, M. Boccaletti, M. Boulogne, Mme Bouquin, M. Bovet, M. Buisson, M. Casterman, M. Chaumeil, M. Chenu, M. Chudeau, M. Clavet, Mme Colombier, Mme Da Conceicao Carvalho, M. de Fleurian, M. de Lépinau, Mme Dellong Meng, M. Dessigny, Mme Diaz, Mme Dogor-Such, M. Dragon, M. Dufosset, M. Dussausaye, M. Dutremble, M. Evrard, M. Falcon, M. Florquin, M. Fouquart, M. Frappé, M. Gabarron, Mme Galzy, M. Gery, M. Giletti, M. Gillet, M. Christian Girard, M. Golliot, M. Gonzalez, Mme Florence Goulet, Mme Grangier, Mme Griseti, M. Guibert, M. Guiniot, M. Guitton, Mme Hamelet, M. Houssin, M. Humbert, M. Jacobelli, M. Jenft, M. Jolly, Mme Joncour, M. Jordan, Mme Josserand, Mme Joubert, Mme Laporte, Mme Lavalette, M. Le Bourgeois, Mme Le Pen, Mme Lechanteux, Mme Lechon, Mme Lelouis, Mme Levavasseur, M. Limongi, M. Lioret, Mme Loir, Mme Lorho, M. Lottiaux, M. Loubet, M. David Magnier, Mme Marais-Beuil, M. Marchio, M. Markowsky, M. Patrice Martin, Mme Martinez, M. Mauvieux, M. Meizonnet, M. Meurin, M. Monnier, M. Muller, Mme Mélin, Mme Ménaché, M. Ménagé, M. Odoul, Mme Parmentier, M. Perez, M. Pfeffer, Mme Pollet, M. Rambaud, Mme Ranc, M. Rancoule, M. Renault, Mme Rimbert, M. Rivière, Mme Robert-Dehault, Mme Roullaud, Mme Roy, Mme Sabatini, M. Sabatou, M. Salmon, M. Schreck, Mme Sicard, M. Emmanuel Taché, M. Jean-Philippe Tanguy, M. Taverne, M. Tesson, M. Tivoli, M. Tomatis, M. Tonussi, M. Tribuiani, M. Villedieu, M. Vos et M. Weber",Séance publique,1ère lecture (1ère assemblée saisie),https://www.assemblee-nationale.fr/dyn/17/amendements/2765/AN/2393,https://www.assemblee-nationale.fr/dyn/opendata/AMANR5L17PO838901BTC2765P0D1N002393.xml,Irrecevable,,
277,,Non renseigné,Article 14,Première délibération,Bony Jean-Yves,,Séance publique,1ère lecture (1ère assemblée saisie),https://www.assemblee-nationale.fr/dyn/17/amendements/2765/AN/277,https://www.assemblee-nationale.fr/dyn/opendata/AMANR5L17PO838901BTC2765P0D1N000277.xml,Irrecevable,,
30,,Non renseigné,Après l'article 14,Première délibération,Blin Anne-Laure,"  Mme Corneloup, M. Hetzel, M. Tryzna et M. Portier",Séance publique,1ère lecture (1ère assemblée saisie),https://www.assemblee-nationale.fr/dyn/17/amendements/2765/AN/30,https://www.assemblee-nationale.fr/dyn/opendata/AMANR5L17PO838901BTC2765P0D1N000030.xml,Irrecevable,,
31,,Non renseigné,Après l'article 14,Première délibération,Blin Anne-Laure,"  Mme Corneloup, M. Hetzel, M. Tryzna et M. Portier",Séance publique,1ère lecture (1ère assemblée saisie),https://www.assemblee-nationale.fr/dyn/17/amendements/2765/AN/31,https://www.assemblee-nationale.fr/dyn/opendata/AMANR5L17PO838901BTC2765P0D1N000031.xml,Irrecevable,,
371,,Non renseigné,Article 14,Première délibération,Corneloup Josiane,"  Mme Bazin-Malgras, M. Ray, Mme Gruet, M. Tryzna, Mme Blin, M. Liégeon, Mme Sylvie Bonnet, M. Cordier, M. Hetzel, M. Boucard et Mme Bonnivard",Séance publique,1ère lecture (1ère assemblée saisie),https://www.assemblee-nationale.fr/dyn/17/amendements/2765/AN/371,https://www.assemblee-nationale.fr/dyn/opendata/AMANR5L17PO838901BTC2765P0D1N000371.xml,Irrecevable,,
415,,Non renseigné,Article 14,Première délibération,Fait Philippe,,Séance publique,1ère lecture (1ère assemblée saisie),https://www.assemblee-nationale.fr/dyn/17/amendements/2765/AN/415,https://www.assemblee-nationale.fr/dyn/opendata/AMANR5L17PO838901BTC2765P0D1N000415.xml,Irrecevable,,
475,,Non renseigné,Article 14,Première délibération,Blairy Emmanuel,"  M. Allisio, M. Amblard, Mme Auzanot, M. Ballard, Mme Bamana, M. Baubry, M. Beaurain, M. Bentz, M. Bernhardt, M. Bigot, M. Bilde, Mme Blanc, M. Boccaletti, M. Boulogne, Mme Bouquin, M. Bovet, M. Buisson, M. Casterman, M. Chaumeil, M. Chenu, M. Chudeau, M. Clavet, Mme Colombier, Mme Da Conceicao Carvalho, M. de Fleurian, M. de Lépinau, Mme Dellong Meng, M. Dessigny, Mme Diaz, Mme Dogor-Such, M. Dragon, M. Dufosset, M. Dussausaye, M. Dutremble, M. Evrard, M. Falcon, M. Florquin, M. Fouquart, M. Frappé, M. Gabarron, Mme Galzy, M. Gery, M. Giletti, M. Gillet, M. Christian Girard, M. Golliot, M. Gonzalez, Mme Florence Goulet, Mme Grangier, Mme Griseti, M. Guibert, M. Guiniot, M. Guitton, Mme Hamelet, M. Houssin, M. Humbert, M. Jacobelli, M. Jenft, M. Jolly, Mme Joncour, M. Jordan, Mme Josserand, Mme Joubert, Mme Laporte, Mme Lavalette, M. Le Bourgeois, Mme Le Pen, Mme Lechanteux, Mme Lechon, Mme Lelouis, Mme Levavasseur, M. Limongi, M. Lioret, Mme Loir, Mme Lorho, M. Lottiaux, M. Loubet, M. David Magnier, Mme Marais-Beuil, M. Marchio, M. Markowsky, M. Patrice Martin, Mme Martinez, M. Mauvieux, M. Meizonnet, M. Meurin, M. Monnier, M. Muller, Mme Mélin, Mme Ménaché, M. Ménagé, M. Odoul, Mme Parmentier, M. Perez, M. Pfeffer, Mme Pollet, M. Rambaud, Mme Ranc, M. Rancoule, M. Renault, Mme Rimbert, M. Rivière, Mme Robert-Dehault, Mme Roullaud, Mme Roy, Mme Sabatini, M. Sabatou, M. Salmon, M. Schreck, Mme Sicard, M. Emmanuel Taché, M. Jean-Philippe Tanguy, M. Taverne, M. Tesson, M. Tivoli, M. Tomatis, M. Tonussi, M. Tribuiani, M. Villedieu, M. Vos et M. Weber",Séance publique,1ère lecture (1ère assemblée saisie),https://www.assemblee-nationale.fr/dyn/17/amendements/2765/AN/475,https://www.assemblee-nationale.fr/dyn/opendata/AMANR5L17PO838901BTC2765P0D1N000475.xml,Irrecevable,,
528,,Non renseigné,Article 14,Première délibération,Brulebois Danielle,,Séance publique,1ère lecture (1ère assemblée saisie),https://www.assemblee-nationale.fr/dyn/17/amendements/2765/AN/528,https://www.assemblee-nationale.fr/dyn/opendata/AMANR5L17PO838901BTC2765P0D1N000528.xml,Irrecevable,,
579,,Non renseigné,Article 14,Première délibération,Bonnivard Émilie,"  M. Brigand, M. Bazin, M. Rolland, Mme Minard, Mme Duby-Muller, Mme Dalloz, M. Duparay et M. Neuder",Séance publique,1ère lecture (1ère assemblée saisie),https://www.assemblee-nationale.fr/dyn/17/amendements/2765/AN/579,https://www.assemblee-nationale.fr/dyn/opendata/AMANR5L17PO838901BTC2765P0D1N000579.xml,Irrecevable,,
716,,Non renseigné,Après l'article 14,Première délibération,Fégné Denis,,Séance publique,1ère lecture (1ère assemblée saisie),https://www.assemblee-nationale.fr/dyn/17/amendements/2765/AN/716,https://www.assemblee-nationale.fr/dyn/opendata/AMANR5L17PO838901BTC2765P0D1N000716.xml,Irrecevable,,
717,,Non renseigné,Après l'article 14,Première délibération,Fégné Denis,,Séance publique,1ère lecture (1ère assemblée saisie),https://www.assemblee-nationale.fr/dyn/17/amendements/2765/AN/717,https://www.assemblee-nationale.fr/dyn/opendata/AMANR5L17PO838901BTC2765P0D1N000717.xml,Irrecevable,,
718,,Non renseigné,Après l'article 14,Première délibération,Fégné Denis,,Séance publique,1ère lecture (1ère assemblée saisie),https://www.assemblee-nationale.fr/dyn/17/amendements/2765/AN/718,https://www.assemblee-nationale.fr/dyn/opendata/AMANR5L17PO838901BTC2765P0D1N000718.xml,Irrecevable,,
86,,Non renseigné,Article 14,Première délibération,Pochon Marie,"  Mme Voynet, M. Biteau, Mme Belluco, M. Nicolas Bonnet, Mme Ozenne, M. Raux, M. Thierry, M. Amirshahi, Mme Arrighi, Mme Autain, Mme Balage El Mariky, M. Ben Cheikh, M. Arnaud Bonnet, Mme Chatelain, M. Corbière, M. Davi, M. Duplessy, M. Fournier, Mme Garin, M. Damien Girard, M. Gustave, Mme Catherine Hervieu, M. Iordanoff, Mme Laernoes, M. Lahais, M. Lucas-Lundy, M. Peytavie, Mme Regol, M. Roumégas, Mme Sandrine Rousseau, M. Ruffin, Mme Sas, Mme Sebaihi, Mme Simonnet, Mme Taillé-Polian et M. Tavernier",Séance publique,1ère lecture (1ère assemblée saisie),https://www.assemblee-nationale.fr/dyn/17/amendements/2765/AN/86,https://www.assemblee-nationale.fr/dyn/opendata/AMANR5L17PO838901BTC2765P0D1N000086.xml,Irrecevable,,
99,,Non renseigné,Après l'article 14,Première délibération,Le Fur Corentin,"  M. Gosselin, M. Cordier, M. Bony, M. Hetzel, M. Tryzna, Mme Minard, M. Bourgeaux, Mme Bonnivard, M. Ray et M. Breton",Séance publique,1ère lecture (1ère assemblée saisie),https://www.assemblee-nationale.fr/dyn/17/amendements/2765/AN/99,https://www.assemblee-nationale.fr/dyn/opendata/AMANR5L17PO838901BTC2765P0D1N000099.xml,Irrecevable,,
CD83,,Rejeté,Article 14,Première délibération,Tivoli Lionel,"  Mme Sabatini, M. Schreck, Mme Roullaud, M. Meurin, M. Blairy, M. Markowsky, M. Evrard, M. Marchio, Mme Lechanteux, M. Houssin, M. Guibert et Mme Bouquin",Développement durable,1ère lecture (1ère assemblée saisie),https://www.assemblee-nationale.fr/dyn/17/amendements/2632/CION-DVP/CD83,https://www.assemblee-nationale.fr/dyn/opendata/AMANR5L17PO419865B2632P0D1N000083.xml,Rejeté,"À la dernière phrase de l’alinéa 3, après le mot : « scientifiques », insérer les mots : « , en intégrant notamment le recensement du nombre d’attaques dans le département ou le territoire concerné, ». ","Pour ne plus avoir de conflits entre les éleveurs et agents de l’OFB sur le fondement des données scientifiques, qui varient selon les territoires et les méthodes d’analyse, il convient d’intégrer dans ces données le nombre d’attaques causées par le loup dans le département."
CD522,,Retiré,Article 14,Première délibération,Riotton Véronique,"  Mme Piron, Mme Violland, Mme Vignon, M. Cormier-Bouligeon, M. Becht, M. Causse, Mme Givernet, Mme Lalanne, M. Larrouquis, Mme Lubet, Mme Panonacle et M. Rousset",Développement durable,1ère lecture (1ère assemblée saisie),https://www.assemblee-nationale.fr/dyn/17/amendements/2632/CION-DVP/CD522,https://www.assemblee-nationale.fr/dyn/opendata/AMANR5L17PO419865B2632P0D1N000522.xml,Retiré,"À la dernière phrase de l’alinéa 4, après le mot : « équins »,insérer les mots :« ainsi que des ovins et des caprins dont les troupeaux pâturent dans des zones de montagne présentant une forte déclivité ou une configuration rendant la mise en œuvre de moyens de protection inopérante ou dangereuse ».","On constate que la présence et la prédation des troupeaux augmente dans certains territoires en France. Les moyens de protection classiques (clôtures, filets, parcage) ne sont pas toujours adaptés notamment en zones de montagne ou sur des terrains escarpés ou difficiles d’accès.  Ces zones dans lesquelles pâturent des troupeaux sont reconnues administrativement comme des « zones non protégeables »Aujourd’hui pour les bovins et les équins, le PJL reconnaît qu’il est souvent impossible de mettre en place les protections classiques. Le présent amendement va plus loin en introduisant implicitement la notion de « zone de non-protégeabilité » pour les ovins et caprins des zones de montagne. Cela permet de défendre l’agropastoralisme et nos éleveurs d’ovins et caprins en montagne.)"
791,,Non renseigné,Article 14,Première délibération,Grenon Daniel,,Séance publique,1ère lecture (1ère assemblée saisie),https://www.assemblee-nationale.fr/dyn/17/amendements/2765/AN/791,https://www.assemblee-nationale.fr/dyn/opendata/AMANR5L17PO838901BTC2765P0D1N000791.xml,Non renseigné,"À la dernière phrase de l’alinéa 5, après le mot :« troupeaux »insérer les mots :« , comme le tir de défense et d’effarouchement, ».","Le présent amendement vise à préciser explicitement que les mesures de protection pouvant être mises en œuvre dans le cadre du présent article incluent notamment les dispositifs de tir de défense et de tir d’effarouchement.Ces dispositifs constituent des outils opérationnels essentiels pour les éleveurs confrontés à la prédation, en particulier dans les territoires où les attaques sur les troupeaux se multiplient.Le tir d’effarouchement permet de repousser le prédateur afin d’éviter une attaque ou d’empêcher son installation durable à proximité des zones de pâturage, tandis que le tir de défense vise à assurer la protection immédiate des troupeaux en cas de menace directe ou d’attaque caractérisée.Ces mesures s’inscrivent déjà dans le cadre des dérogations prévues par le code de l’environnement applicable aux espèces protégées et demeurent strictement encadrées par l’autorité préfectorale.Les éleveurs confrontés à la prédation supportent déjà des conséquences économiques, sanitaires et psychologiques particulièrement lourdes pertes directes de cheptel, désorganisation des élevages, stress des animaux, mobilisation accrue de main-d’œuvre, et multiplication des investissements de protection.Dans ce contexte, il apparaît nécessaire de lever toute ambiguïté sur la possibilité de recourir à ces dispositifs dans le cadre des mesures de protection prévues par l’article 14."
CD198,,Rejeté,Article 14,Première délibération,Rossi Valérie,"  Mme Allemand, Mme Pantel, Mme Thomin, M. Potier, M. Delautrette, M. Dufau, M. Eskenazi, M. Fégné, Mme Jourdan, M. Leseul, M. Barusseau et M. Roussel",Développement durable,1ère lecture (1ère assemblée saisie),https://www.assemblee-nationale.fr/dyn/17/amendements/2632/CION-DVP/CD198,https://www.assemblee-nationale.fr/dyn/opendata/AMANR5L17PO419865B2632P0D1N000198.xml,Rejeté,"À la deuxième phrase de l’alinéa 3, après le mot : « gestion », insérer les mots : « et de prélèvement ».","Cet amendement du groupe Socialistes et apparentés vise à préciser que les mesures de gestion du loup incluent explicitement des mesures de prélèvement, afin de renforcer la lisibilité et l’efficacité du dispositif.Le dispositif proposé a pour objet de clarifier le champ des mesures susceptibles d’être mises en œuvre pour assurer la gestion du loup (Canis lupus), en indiquant expressément que celles-ci comprennent, le cas échéant, des mesures de prélèvement.Cette précision vise à sécuriser juridiquement l’intervention des autorités compétentes en consacrant le prélèvement comme un outil à part entière de la gestion de l’espèce, aux côtés des autres mesures de prévention et de protection des troupeaux."
CE1035,,Adopté,Article 14,Première délibération,Roseren Xavier rapporteur pour avis au nom de la commission du développement durable et de l'aménagement du territoire,"  Mme Pochon, Mme Voynet, M. Biteau, Mme Belluco, M. Nicolas Bonnet, Mme Ozenne, M. Raux, M. Thierry, M. Amirshahi, Mme Arrighi, Mme Autain, Mme Balage El Mariky, M. Ben Cheikh, M. Arnaud Bonnet, Mme Chatelain, M. Corbière, M. Davi, M. Duplessy, M. Fournier, Mme Garin, M. Damien Girard, M. Gustave, Mme Catherine Hervieu, M. Iordanoff, Mme Laernoes, M. Lahais, M. Lucas-Lundy, M. Peytavie, Mme Regol, M. Roumégas, Mme Sandrine Rousseau, M. Ruffin, Mme Sas, Mme Sebaihi, Mme Simonnet, Mme Taillé-Polian et M. Tavernier",Affaires économiques,1ère lecture (1ère assemblée saisie),https://www.assemblee-nationale.fr/dyn/17/amendements/2632/CION-ECO/CE1035,https://www.assemblee-nationale.fr/dyn/opendata/AMANR5L17PO419610B2632P0D1N001035.xml,Adopté,"À la fin de la dernière phrase de l’alinéa 3, substituer au mot : « régulièrement »,le mot : « annuellement ».","Cet amendement vise à préciser que l’estimation de la population lupine en France est actualisée annuellement. L’estimation du nombre de loups est essentielle, car elle permet de déterminer le bon état de conservation de l’espèce et l’ensemble des mesures de gestion qui en découlent. Dès lors, il convient de disposer des données mises à jour et de préciser dans la loi la fréquence d’actualisation de cette estimation, qui est d’ores et déjà menée chaque hiver par l’OFB."
CD272,,Adopté,Article 14,Première délibération,Pochon Marie,"  Mme Voynet, M. Biteau, Mme Belluco, M. Nicolas Bonnet, Mme Ozenne, M. Raux, M. Thierry, M. Amirshahi, Mme Arrighi, Mme Autain, Mme Balage El Mariky, M. Ben Cheikh, M. Arnaud Bonnet, Mme Chatelain, M. Corbière, M. Davi, M. Duplessy, M. Fournier, Mme Garin, M. Damien Girard, M. Gustave, Mme Catherine Hervieu, M. Iordanoff, Mme Laernoes, M. Lahais, M. Lucas-Lundy, M. Peytavie, Mme Regol, M. Roumégas, Mme Sandrine Rousseau, M. Ruffin, Mme Sas, Mme Sebaihi, Mme Simonnet, Mme Taillé-Polian et M. Tavernier",Développement durable,1ère lecture (1ère assemblée saisie),https://www.assemblee-nationale.fr/dyn/17/amendements/2632/CION-DVP/CD272,https://www.assemblee-nationale.fr/dyn/opendata/AMANR5L17PO419865B2632P0D1N000272.xml,Adopté,"À la fin de la dernière phrase de l’alinéa 3, substituer au mot : « régulièrement »,le mot : « annuellement ».","Cet amendement vise à conserver le caractère annuel de l’actualisation des données scientifiques. En effet, ce rythme annuel de mise à jour apporte de la clarté, de la prévisibilité, et permet des comparaisons interannuelles.Cette précision permet de s’assurer que les mesures de gestion, basées sur ces données scientifiques, soient adaptées à intervalle régulier sur la base d’éléments récents.Cet amendement a été travaillé sur la base de recommandations formulées par Humanité et Biodiversité, association siégeant au Groupe National Loup."
CD555,,Adopté,Article 14,Première délibération,Roseren Xavier rapporteur,,Développement durable,1ère lecture (1ère assemblée saisie),https://www.assemblee-nationale.fr/dyn/17/amendements/2632/CION-DVP/CD555,https://www.assemblee-nationale.fr/dyn/opendata/AMANR5L17PO419865B2632P0D1N000555.xml,Adopté,"À la fin de la dernière phrase de l’alinéa 3, substituer au mot : « régulièrement »,le mot : « annuellement ».","Cet amendement vise à préciser que l’estimation de la population lupine en France est actualisée annuellement. L’estimation du nombre de loups est essentielle, car elle permet de déterminer le bon état de conservation de l’espèce et l’ensemble des mesures de gestion qui en découlent. Dès lors, il convient de disposer des données mises à jour et de préciser dans la loi la fréquence d’actualisation de cette estimation, qui est d’ores et déjà menée chaque hiver par l’OFB."
263,,Non renseigné,Article 14,Première délibération,Voynet Dominique,"  Mme Pochon, Mme Belluco, M. Nicolas Bonnet, M. Thierry, Mme Ozenne, M. Biteau, M. Raux, M. Amirshahi, Mme Arrighi, Mme Autain, Mme Balage El Mariky, M. Ben Cheikh, M. Arnaud Bonnet, Mme Chatelain, M. Corbière, M. Davi, M. Duplessy, M. Fournier, Mme Garin, M. Damien Girard, M. Gustave, Mme Catherine Hervieu, M. Iordanoff, Mme Laernoes, M. Lahais, M. Lucas-Lundy, M. Peytavie, Mme Regol, M. Roumégas, Mme Sandrine Rousseau, M. Ruffin, Mme Sas, Mme Sebaihi, Mme Simonnet, Mme Taillé-Polian et M. Tavernier",Séance publique,1ère lecture (1ère assemblée saisie),https://www.assemblee-nationale.fr/dyn/17/amendements/2765/AN/263,https://www.assemblee-nationale.fr/dyn/opendata/AMANR5L17PO838901BTC2765P0D1N000263.xml,Non renseigné,"À la fin de la dernière phrase de l’alinéa 5, substituer aux mots : « compte tenu de l’absence de moyens de prévention efficaces disponibles, des démarches en matière de réduction de la vulnérabilité de ces troupeaux peuvent être demandées aux éleveurs »les mots : « les mesures de gestion des troupeaux sont subordonnées à la démonstration d’une efficacité insuffisante des démarches de réduction de la vulnérabilité des troupeaux demandées aux éleveur. »","L'ensemble des données scientifiques, notamment récoltées dans les territoires historiquement les plus concernés par la prédation du loup, appuient la corrélation entre le déploiement des mesures de protection non-létales et la baisse de la prédation. Ces mesures de protection non-létales doivent systématiquement être privilégiées dans la lutte contre la prédation.Cet amendement vise à ce que les mesures de gestion mentionnées à cet article ne soient déployées uniquement lorsqu'il est démontré que les démarches de réduction de la vulnérabilité des troupeaux équins et bovins sont insuffisantes."
761,,Non renseigné,Article 14,Première délibération,Roseren Xavier,,Séance publique,1ère lecture (1ère assemblée saisie),https://www.assemblee-nationale.fr/dyn/17/amendements/2765/AN/761,https://www.assemblee-nationale.fr/dyn/opendata/AMANR5L17PO838901BTC2765P0D1N000761.xml,Non renseigné,"À la fin de la première phrase de l’alinéa 18, substituer aux mots : « repose sur le bénévolat. », les mots : « est exercée par des bénévoles ».",Amendement rédactionnel.
CD268,,Rejeté,Article 14,Première délibération,Pochon Marie,"  Mme Voynet, M. Biteau, Mme Belluco, M. Nicolas Bonnet, Mme Ozenne, M. Raux, M. Thierry, M. Tavernier, M. Amirshahi, Mme Arrighi, Mme Autain, Mme Balage El Mariky, M. Ben Cheikh, M. Arnaud Bonnet, Mme Chatelain, M. Corbière, M. Davi, M. Duplessy, M. Fournier, Mme Garin, M. Damien Girard, M. Gustave, Mme Catherine Hervieu, M. Iordanoff, Mme Laernoes, M. Lahais, M. Lucas-Lundy, M. Peytavie, Mme Regol, M. Roumégas, Mme Sandrine Rousseau, M. Ruffin, Mme Sas, Mme Sebaihi, Mme Simonnet et Mme Taillé-Polian",Développement durable,1ère lecture (1ère assemblée saisie),https://www.assemblee-nationale.fr/dyn/17/amendements/2632/CION-DVP/CD268,https://www.assemblee-nationale.fr/dyn/opendata/AMANR5L17PO419865B2632P0D1N000268.xml,Rejeté,"À la fin de la première phrase de l’alinéa 3, substituer aux mots : « notamment en termes de prélèvement » les mots : « dans une logique de graduée impliquant successivement le déploiement de moyens de protection des troupeaux, l’effarouchement non létal puis le tir létal ».","Cet amendement vise à répondre de façon proportionnée aux attaques de loups sur les troupeaux. En effet, comme le mentionne l’étude d’impact du projet de loi, « la diminution de la prédation s’explique par le déploiement massif des mesures de protection ». Le tir de défense y est décrit à juste titre comme une « solution de dernier recours », étant donné que « le prélèvement de loups ne constitue pas l’unique réponse face à la prédation dans la mesure où les études montrent un retour (voire dans certains cas une amplification) des dommages à court ou moyen terme après le prélèvement d’un individu ». Les tirs pouvant être contre-productifs, il s’agit de ne pas en faire l’alpha et l’oméga de la réponse à la prédation, mais de conserver cette possibilité pour les situations où les loups attaquent malgré la mise en œuvre de moyens de protection, articulés autour d’un triptyque qui a fait ses preuves : parcage nocturne, chiens de protection, présence humaine. L’effarouchement non létal vise à ce que les loups associent l’attaque d’un troupeau au danger, afin d’entraîner une modification de leur comportement.Revenir sur cette gradation, ce serait remettre en cause le travail d’éleveurs et de bergers qui, depuis des décennies, s’investissent pour mettre en place les conditions de la coexistence.Cet amendement a été travaillé sur la base de recommandations formulées par Humanité et Biodiversité, association siégeant au Groupe National Loup."
CD266,,Rejeté,Article 14,Première délibération,Pochon Marie,"  Mme Voynet, M. Biteau, Mme Belluco, M. Nicolas Bonnet, Mme Ozenne, M. Raux, M. Thierry, M. Amirshahi, Mme Arrighi, Mme Autain, Mme Balage El Mariky, M. Ben Cheikh, M. Arnaud Bonnet, Mme Chatelain, M. Corbière, M. Davi, M. Duplessy, M. Fournier, Mme Garin, M. Damien Girard, M. Gustave, Mme Catherine Hervieu, M. Iordanoff, Mme Laernoes, M. Lahais, M. Lucas-Lundy, M. Peytavie, Mme Regol, M. Roumégas, Mme Sandrine Rousseau, M. Ruffin, Mme Sas, Mme Sebaihi, Mme Simonnet, Mme Taillé-Polian et M. Tavernier",Développement durable,1ère lecture (1ère assemblée saisie),https://www.assemblee-nationale.fr/dyn/17/amendements/2632/CION-DVP/CD266,https://www.assemblee-nationale.fr/dyn/opendata/AMANR5L17PO419865B2632P0D1N000266.xml,Rejeté,"À la fin de la première phrase de l’alinéa 3, supprimer les mots : « , notamment en termes de prélèvement ».","Malgré le relèvement du seuil d’autorisation de tirs qui augmente, la prédation ne baisse pas, au contraire elle augmente même. Les scientifiques et experts de la question s’accordent : les tirs de prélèvement se sont avérés inefficaces pour lutter contre la prédation. Seuls les tirs de protection, soit les tirs effectués lors d’une attaque de loup, s’ils sont couplés à d’autres méthodes non-létales (clôtures, chiens de protection, etc.), sont d’une utilité avérée. Les tirs doivent être réalisés en fonction des attaques et non en fonction du nombre de loups."
78,,Non renseigné,Article 14,Première délibération,Pochon Marie,"  Mme Voynet, M. Biteau, Mme Belluco, M. Nicolas Bonnet, Mme Ozenne, M. Raux, M. Thierry, M. Tavernier, M. Amirshahi, Mme Arrighi, Mme Autain, Mme Balage El Mariky, M. Ben Cheikh, M. Arnaud Bonnet, Mme Chatelain, M. Corbière, M. Davi, M. Duplessy, M. Fournier, Mme Garin, M. Damien Girard, M. Gustave, Mme Catherine Hervieu, M. Iordanoff, Mme Laernoes, M. Lahais, M. Lucas-Lundy, M. Peytavie, Mme Regol, M. Roumégas, Mme Sandrine Rousseau, M. Ruffin, Mme Sas, Mme Sebaihi, Mme Simonnet et Mme Taillé-Polian",Séance publique,1ère lecture (1ère assemblée saisie),https://www.assemblee-nationale.fr/dyn/17/amendements/2765/AN/78,https://www.assemblee-nationale.fr/dyn/opendata/AMANR5L17PO838901BTC2765P0D1N000078.xml,Non renseigné,"À la fin de la première phrase de l’alinéa 4, substituer aux mots : « notamment en termes de prélèvements » les mots : « dans une logique graduée impliquant successivement le déploiement de moyens de protection des troupeaux, l’effarouchement non létal puis le tir létal ».","Cet amendement vise à répondre de façon proportionnée aux attaques de loups sur les troupeaux. En effet, comme le mentionne l’étude d’impact du projet de loi, « la diminution de la prédation s’explique par le déploiement massif des mesures de protection ». Le tir de défense y est décrit à juste titre comme une « solution de dernier recours », étant donné que « le prélèvement de loups ne constitue pas l’unique réponse face à la prédation dans la mesure où les études montrent un retour (voire dans certains cas une amplification) des dommages à court ou moyen terme après le prélèvement d’un individu ». Les tirs pouvant être contre-productifs, il s’agit de ne pas en faire l’alpha et l’oméga de la réponse à la prédation, mais de conserver cette possibilité pour les situations où les loups attaquent malgré la mise en œuvre de moyens de protection, articulés autour d’un triptyque qui a fait ses preuves : parcage nocturne, chiens de protection, présence humaine. L’effarouchement non létal vise à ce que les loups associent l’attaque d’un troupeau au danger, afin d’entraîner une modification de leur comportement.Revenir sur cette gradation, ce serait remettre en cause le travail d’éleveurs et de bergers qui, depuis des décennies, s’investissent pour mettre en place les conditions de la coexistence.Cet amendement a été travaillé sur la base de recommandations formulées par Humanité et Biodiversité, association siégeant au Groupe National Loup."
77,,Non renseigné,Article 14,Première délibération,Pochon Marie,"  Mme Voynet, M. Biteau, Mme Belluco, M. Nicolas Bonnet, Mme Ozenne, M. Raux, M. Thierry, M. Amirshahi, Mme Arrighi, Mme Autain, Mme Balage El Mariky, M. Ben Cheikh, M. Arnaud Bonnet, Mme Chatelain, M. Corbière, M. Davi, M. Duplessy, M. Fournier, Mme Garin, M. Damien Girard, M. Gustave, Mme Catherine Hervieu, M. Iordanoff, Mme Laernoes, M. Lahais, M. Lucas-Lundy, M. Peytavie, Mme Regol, M. Roumégas, Mme Sandrine Rousseau, M. Ruffin, Mme Sas, Mme Sebaihi, Mme Simonnet, Mme Taillé-Polian et M. Tavernier",Séance publique,1ère lecture (1ère assemblée saisie),https://www.assemblee-nationale.fr/dyn/17/amendements/2765/AN/77,https://www.assemblee-nationale.fr/dyn/opendata/AMANR5L17PO838901BTC2765P0D1N000077.xml,Non renseigné,"À la fin de la première phrase de l’alinéa 4, supprimer les mots : « , notamment en termes de prélèvements ».","Malgré le relèvement du seuil d’autorisation de tirs qui augmente, la prédation ne baisse pas, au contraire elle augmente même. Les scientifiques et experts de la question s’accordent : les tirs de prélèvement se sont avérés inefficaces pour lutter contre la prédation. Seuls les tirs de protection, soit les tirs effectués lors d’une attaque de loup, s’ils sont couplés à d’autres méthodes non-létales (clôtures, chiens de protection, etc.), sont d’une utilité avérée. Les tirs doivent être réalisés en fonction des attaques et non en fonction du nombre de loups."
1107,,Non renseigné,Article 14,Première délibération,Brulebois Danielle,,Séance publique,1ère lecture (1ère assemblée saisie),https://www.assemblee-nationale.fr/dyn/17/amendements/2765/AN/1107,https://www.assemblee-nationale.fr/dyn/opendata/AMANR5L17PO838901BTC2765P0D1N001107.xml,Non renseigné,"À la fin de l’alinéa 33, supprimer les mots : « , à l’exception des cœurs de parcs nationaux définis à l’article L. 331‑2 du même code ».",L’amendement adopté par la Commission développement durable va dans le bon sens mais reste insuffisant. C’est précisément dans les zones cœurs des parcs nationaux que de nombreux éleveurs se trouvent démunis pour empêcher les attaques de loups.Cet amendement a été travaillé avec la FNSEA. 
1118,,Non renseigné,Article 14,Première délibération,Dirx Benjamin,,Séance publique,1ère lecture (1ère assemblée saisie),https://www.assemblee-nationale.fr/dyn/17/amendements/2765/AN/1118,https://www.assemblee-nationale.fr/dyn/opendata/AMANR5L17PO838901BTC2765P0D1N001118.xml,Non renseigné,"À la fin de l’alinéa 33, supprimer les mots : « , à l’exception des cœurs de parcs nationaux définis à l’article L. 331‑2 du même code ».",L’amendement adopté par la Commission développement durable va dans le bon sens mais reste insuffisant. C’est précisément dans les zones cœurs des parcs nationaux que de nombreux éleveurs se trouvent démunis pour empêcher les attaques de loups.Sourcing : Cet amendement été co-réalisé en partenariat avec la Fédération Départementale des Syndicats d'Exploitants Agricoles (FDSEA71).
1376,,Non renseigné,Article 14,Première délibération,de Courson Charles,"  M. Castellani, M. Lenormand, M. Mazaury, Mme Sanquer et M. Taupiac",Séance publique,1ère lecture (1ère assemblée saisie),https://www.assemblee-nationale.fr/dyn/17/amendements/2765/AN/1376,https://www.assemblee-nationale.fr/dyn/opendata/AMANR5L17PO838901BTC2765P0D1N001376.xml,Non renseigné,"À la fin de l’alinéa 33, supprimer les mots : « , à l’exception des cœurs de parcs nationaux définis à l’article L. 331‑2 du même code ».",L’amendement adopté par la Commission développement durable va dans le bon sens mais reste insuffisant. C’est précisément dans les zones cœurs des parcs nationaux que de nombreux éleveurs se trouvent démunis pour empêcher les attaques de loups.Cet amendement a été réalisé avec le concours de la FNSEA. 
1770,,Non renseigné,Article 14,Première délibération,Warsmann Jean-Luc,,Séance publique,1ère lecture (1ère assemblée saisie),https://www.assemblee-nationale.fr/dyn/17/amendements/2765/AN/1770,https://www.assemblee-nationale.fr/dyn/opendata/AMANR5L17PO838901BTC2765P0D1N001770.xml,Non renseigné,"À la fin de l’alinéa 33, supprimer les mots : « , à l’exception des cœurs de parcs nationaux définis à l’article L. 331‑2 du même code ».",L’amendement adopté par la commission du Développement durable va dans le bon sens mais reste insuffisant. C’est précisément dans les zones cœurs des parcs nationaux que de nombreux éleveurs se trouvent démunis pour empêcher les attaques de loups.Cet amendement a été travaillé avec la FNSEA.
758,,Non renseigné,Article 14,Première délibération,Roseren Xavier,,Séance publique,1ère lecture (1ère assemblée saisie),https://www.assemblee-nationale.fr/dyn/17/amendements/2765/AN/758,https://www.assemblee-nationale.fr/dyn/opendata/AMANR5L17PO838901BTC2765P0D1N000758.xml,Non renseigné,"À la première phrase de l’alinéa 11, substituer aux mots : « du loup », les mots : « de l’espèce ». ",Amendement rédactionnel.
1827,,Non renseigné,Article 14,Première délibération,Bentz Christophe,,Séance publique,1ère lecture (1ère assemblée saisie),https://www.assemblee-nationale.fr/dyn/17/amendements/2765/AN/1827,https://www.assemblee-nationale.fr/dyn/opendata/AMANR5L17PO838901BTC2765P0D1N001827.xml,Non renseigné,"À la première phrase de l'alinéa 11, supprimer les mots :« en principe ». ",Amendement rédactionnel. 
CD77,,Non soutenu,Article 14,Première délibération,Tivoli Lionel,,Développement durable,1ère lecture (1ère assemblée saisie),https://www.assemblee-nationale.fr/dyn/17/amendements/2632/CION-DVP/CD77,https://www.assemblee-nationale.fr/dyn/opendata/AMANR5L17PO419865B2632P0D1N000077.xml,Non soutenu,"À la première phrase de l’alinéa 3, substituer aux mots : « le maintien dans un état de conservation favorable », les mots : « la préservation ». ",amendement rédactionnel.
89,,Non renseigné,Article 14,Première délibération,Tivoli Lionel,,Séance publique,1ère lecture (1ère assemblée saisie),https://www.assemblee-nationale.fr/dyn/17/amendements/2765/AN/89,https://www.assemblee-nationale.fr/dyn/opendata/AMANR5L17PO838901BTC2765P0D1N000089.xml,Non renseigné,"À la première phrase de l’alinéa 4, substituer aux mots :« le maintien de l’espèce dans un état de conservation favorable »,les mots : « la préservation de l’espèce ».",amendement rédactionnel.
755,,Non renseigné,Article 14,Première délibération,Roseren Xavier,,Séance publique,1ère lecture (1ère assemblée saisie),https://www.assemblee-nationale.fr/dyn/17/amendements/2765/AN/755,https://www.assemblee-nationale.fr/dyn/opendata/AMANR5L17PO838901BTC2765P0D1N000755.xml,Non renseigné,"À la première phrase de l’alinéa 9, substituer au mot : « prélevés »,le mot : « abattus ».",Amendement rédactionnel.
894,,Non renseigné,Article 14,Première délibération,Rossi Valérie,"  Mme Pantel, Mme Allemand, Mme Thomin, Mme Battistel, M. Potier, M. Delautrette, M. Dufau, M. Echaniz, M. Benbrahim, M. Eskenazi, M. Fégné, Mme Jourdan, M. Leseul, M. Barusseau, M. Lhardit, M. Naillet, M. Delaporte, M. Garot, Mme Got, M. Roussel, M. Aviragnet, M. Baptiste, M. Baumel, M. Belhaddad, Mme Bellay, M. Bouloux, Mme Bregman, M. Philippe Brun, M. Califer, Mme Capdevielle, M. Christophle, M. Courbon, M. David, Mme Diop, Mme Dombre Coste, M. Faure, Mme Froger, Mme Godard, M. Guedj, M. Hablot, Mme Hadizadeh, Mme Herouin-Léautey, Mme Céline Hervieu, M. Hollande, M. Houlié, Mme Karamanli, Mme Keloua Hachi, Mme Mercier, M. Oberti, M. Pena, Mme Pic, Mme Pirès Beaune, M. Pribetich, M. Proença, Mme Récalde, Mme Rouaux, M. Aurélien Rousseau, Mme Runel, M. Saint-Pasteur, Mme Santiago, M. Saulignac, M. Simion, M. Sother, Mme Thiébault-Martinez, M. Vallaud, M. Vicot, M. William et les membres du groupe Socialistes et apparentés",Séance publique,1ère lecture (1ère assemblée saisie),https://www.assemblee-nationale.fr/dyn/17/amendements/2765/AN/894,https://www.assemblee-nationale.fr/dyn/opendata/AMANR5L17PO838901BTC2765P0D1N000894.xml,Non renseigné,"À la seconde phrase de l’alinéa 4, après le mot : « gestion », insérer les mots : « et de prélèvement ».","Cet amendement du groupe Socialistes et apparentés vise à préciser que les mesures de gestion du loup incluent explicitement des mesures de prélèvement, afin de renforcer la lisibilité et l’efficacité du dispositif.Le dispositif proposé a pour objet de clarifier le champ des mesures susceptibles d’être mises en œuvre pour assurer la gestion du loup (Canis lupus), en indiquant expressément que celles-ci comprennent, le cas échéant, des mesures de prélèvement.Cette précision vise à sécuriser juridiquement l’intervention des autorités compétentes en consacrant le prélèvement comme un outil à part entière de la gestion de l’espèce, aux côtés des autres mesures de prévention et de protection des troupeaux."
90,,Non renseigné,Article 14,Première délibération,Tivoli Lionel,"  M. Allisio, M. Amblard, Mme Auzanot, M. Ballard, Mme Bamana, M. Baubry, M. Beaurain, M. Bentz, M. Bernhardt, M. Bigot, M. Bilde, M. Blairy, Mme Blanc, M. Boccaletti, M. Boulogne, Mme Bouquin, M. Bovet, M. Buisson, M. Casterman, M. Chaumeil, M. Chenu, M. Chudeau, M. Clavet, Mme Colombier, Mme Da Conceicao Carvalho, M. de Fleurian, M. de Lépinau, Mme Dellong Meng, M. Dessigny, Mme Diaz, Mme Dogor-Such, M. Dragon, M. Dufosset, M. Dussausaye, M. Dutremble, M. Evrard, M. Falcon, M. Florquin, M. Fouquart, M. Frappé, M. Gabarron, Mme Galzy, M. Gery, M. Giletti, M. Gillet, M. Christian Girard, M. Golliot, M. Gonzalez, Mme Florence Goulet, Mme Grangier, Mme Griseti, M. Guibert, M. Guiniot, M. Guitton, Mme Hamelet, M. Houssin, M. Humbert, M. Jacobelli, M. Jenft, M. Jolly, Mme Joncour, M. Jordan, Mme Josserand, Mme Joubert, Mme Laporte, Mme Lavalette, M. Le Bourgeois, Mme Le Pen, Mme Lechanteux, Mme Lechon, Mme Lelouis, Mme Levavasseur, M. Limongi, M. Lioret, Mme Loir, Mme Lorho, M. Lottiaux, M. Loubet, M. David Magnier, Mme Marais-Beuil, M. Marchio, M. Markowsky, M. Patrice Martin, Mme Martinez, M. Mauvieux, M. Meizonnet, M. Meurin, M. Monnier, M. Muller, Mme Mélin, Mme Ménaché, M. Ménagé, M. Odoul, Mme Parmentier, M. Perez, M. Pfeffer, Mme Pollet, M. Rambaud, Mme Ranc, M. Rancoule, M. Renault, Mme Rimbert, M. Rivière, Mme Robert-Dehault, Mme Roullaud, Mme Roy, Mme Sabatini, M. Sabatou, M. Salmon, M. Schreck, Mme Sicard, M. Emmanuel Taché, M. Jean-Philippe Tanguy, M. Taverne, M. Tesson, M. Tomatis, M. Tonussi, M. Tribuiani, M. Villedieu, M. Vos et M. Weber",Séance publique,1ère lecture (1ère assemblée saisie),https://www.assemblee-nationale.fr/dyn/17/amendements/2765/AN/90,https://www.assemblee-nationale.fr/dyn/opendata/AMANR5L17PO838901BTC2765P0D1N000090.xml,Non renseigné,"À la seconde phrase de l’alinéa 4, après le mot : « scientifiques », insérer les mots : « , en intégrant notamment le recensement du nombre d’attaques dans le département ou le territoire concerné, ». ","Pour ne plus avoir de conflits entre les éleveurs et agents de l’OFB sur le fondement des données scientifiques, qui varient selon les territoires et les méthodes d’analyse, il convient d’intégrer dans ces données le nombre d’attaques causées par le loup dans le département."
790,,Non renseigné,Article 14,Première délibération,Grenon Daniel,,Séance publique,1ère lecture (1ère assemblée saisie),https://www.assemblee-nationale.fr/dyn/17/amendements/2765/AN/790,https://www.assemblee-nationale.fr/dyn/opendata/AMANR5L17PO838901BTC2765P0D1N000790.xml,Non renseigné,"À l’alinéa 10, après le mot :« dérogatoire, »insérer les mots :« aussi longtemps que persistent des dommages importants ou un risque avéré de prédation sur les élevages concernés, ».","Cet amendement vise à préciser que les mesures dérogatoires prévues par le présent article peuvent être maintenues tant que persistent des dommages importants ou un risque avéré de prédation sur les élevages concernés.Les éleveurs confrontés à des attaques répétées de prédateurs subissent des conséquences économiques, sanitaires et psychologiques particulièrement lourdes.Les dispositifs actuels sont parfois interrompus alors même que les risques de nouvelles attaques demeurent élevés.Cet amendement a donc pour objet d’assurer une meilleure continuité des mesures de protection lorsque les dommages persistent ou que la menace demeure caractérisée.Il permet également de mieux adapter les dispositifs administratifs à la réalité du terrain tout en maintenant un encadrement proportionné des dérogations prévues par le code de l’environnement."
756,,Non renseigné,Article 14,Première délibération,Roseren Xavier,,Séance publique,1ère lecture (1ère assemblée saisie),https://www.assemblee-nationale.fr/dyn/17/amendements/2765/AN/756,https://www.assemblee-nationale.fr/dyn/opendata/AMANR5L17PO838901BTC2765P0D1N000756.xml,Non renseigné,"À l’alinéa 10, substituer au mot : « détruits », le mot : « abattus ».",Amendement rédactionnel.
757,,Non renseigné,Article 14,Première délibération,Roseren Xavier,,Séance publique,1ère lecture (1ère assemblée saisie),https://www.assemblee-nationale.fr/dyn/17/amendements/2765/AN/757,https://www.assemblee-nationale.fr/dyn/opendata/AMANR5L17PO838901BTC2765P0D1N000757.xml,Non renseigné,"À l’alinéa 10, substituer aux mots : « à l’échelle du », les mots : « dans le ».",Amendement rédactionnel.
2289,,Non renseigné,Article 14,Première délibération,Gouvernement,,Séance publique,1ère lecture (1ère assemblée saisie),https://www.assemblee-nationale.fr/dyn/17/amendements/2765/AN/2289,https://www.assemblee-nationale.fr/dyn/opendata/AMANR5L17PO838901BTC2765P0D1N002289.xml,Non renseigné,"À l’alinéa 10, substituer aux mots :« constatés par le représentant de l’État dans le département, le préfet coordonnateur du plan national d’actions sur le loup peut autoriser l’abattage de spécimens à titre dérogatoire, à l’échelle du département dans lequel ont été constatés les dommages et »les mots :« des destructions de spécimens supplémentaires peuvent être accordées »","Cet amendement vise à modifier le texte de la commission (amendement 559) pour conserver la cohérence du dispositif national en termes de plafond de prélèvement et renforcer sa robustesse. Le plafond national définit déjà le maximum de prélèvements possibles, sans remettre en cause l’état de conservation du loup.Pour ne pas laisser les éleveurs sans solution en fin d’année civile, lorsque le plafond de tirs est atteint, il est important de permettre de le relever sans remettre en cause l’état de conservation favorable. Afin de garder une cohérence nationale, ce rôle revient au préfet coordonnateur du plan loup dans l’organisation administrative actuelle. Cette mesure permet de répondre aux situations critiques à l’échelle nationale, tout en garantissant une gestion équilibrée de la population lupine. Autoriser localement des destructions supplémentaires, sans limite fixée, exposerait nécessairement l’Etat à un risque contentieux.Cet amendement permet donc d’inscrire dans la loi la possibilité de relever le nombre de loups pouvant être abattus, si le nombre maximal de loups défini par l’arrêté est atteint avant la fin de l’année civile, dans la limite d’un seuil maximal."
1825,,Non renseigné,Article 14,Première délibération,Bentz Christophe,"  M. Meurin, M. Blairy et M. Golliot",Séance publique,1ère lecture (1ère assemblée saisie),https://www.assemblee-nationale.fr/dyn/17/amendements/2765/AN/1825,https://www.assemblee-nationale.fr/dyn/opendata/AMANR5L17PO838901BTC2765P0D1N001825.xml,Non renseigné,"À l’alinéa 10, substituer aux mots :« ont été constatés les dommages »les mots :« a été recensé par les services de l’État un nombre élevé d’attaques, ».","Cet amendement vise à renforcer l’adaptabilité territoriale des mesures de gestion du loup lorsque les plafonds nationaux de prélèvement sont atteints.La pression de la prédation varie fortement selon les territoires. La Haute-Marne est ainsi devenue en 2025 le département de plaine le plus touché par les attaques de loups. Entre janvier et décembre 2025, 147 attaques y ont été recensées par les services de l’État, causant 677 victimes dans les élevages, dont 608 animaux morts et 128 blessés. À titre de comparaison, seuls 31 constats et 69 animaux morts avaient été enregistrés en 2024. La présence d’une meute installée dans le Bassigny est identifiée comme la principale cause de cette explosion des attaques.Dans ce contexte, il apparaît nécessaire que les mesures dérogatoires de prélèvement puissent davantage tenir compte de l’importance des dégâts constatés localement afin de permettre une réponse plus adaptée dans les territoires les plus durement touchés par la prédation. "
900,,Non renseigné,Article 14,Première délibération,Rossi Valérie,"  Mme Pantel, Mme Allemand, Mme Thomin, Mme Battistel, M. Potier, M. Delautrette, M. Dufau, M. Echaniz, M. Benbrahim, M. Eskenazi, M. Fégné, Mme Jourdan, M. Leseul, M. Barusseau, M. Lhardit, M. Naillet, M. Delaporte, M. Garot, Mme Got, M. Roussel, M. Aviragnet, M. Baptiste, M. Baumel, M. Belhaddad, Mme Bellay, M. Bouloux, Mme Bregman, M. Philippe Brun, M. Califer, Mme Capdevielle, M. Christophle, M. Courbon, M. David, Mme Diop, Mme Dombre Coste, M. Faure, Mme Froger, Mme Godard, M. Guedj, M. Hablot, Mme Hadizadeh, Mme Herouin-Léautey, Mme Céline Hervieu, M. Hollande, M. Houlié, Mme Karamanli, Mme Keloua Hachi, Mme Mercier, M. Oberti, M. Pena, Mme Pic, Mme Pirès Beaune, M. Pribetich, M. Proença, Mme Récalde, Mme Rouaux, M. Aurélien Rousseau, Mme Runel, M. Saint-Pasteur, Mme Santiago, M. Saulignac, M. Simion, M. Sother, Mme Thiébault-Martinez, M. Vallaud, M. Vicot, M. William et les membres du groupe Socialistes et apparentés",Séance publique,1ère lecture (1ère assemblée saisie),https://www.assemblee-nationale.fr/dyn/17/amendements/2765/AN/900,https://www.assemblee-nationale.fr/dyn/opendata/AMANR5L17PO838901BTC2765P0D1N000900.xml,Non renseigné,"À l’alinéa 10, supprimer le mot :« maximal ».","Cet amendement de précision du groupe Socialistes et apparentés vise à proposer une formulation plus souple pour adapter le dispositif de gestion de l’espèce aux particularismes locaux et au nombre de situations de prédation observées par zone. Le dispositif actuel prévoit la détermination d’un plafond national de destruction de spécimens, fixé en tenant compte de l’état de conservation favorable de l’espèce. Une telle approche uniforme ne permet toutefois pas de répondre de manière suffisamment fine aux réalités écologiques et territoriales, caractérisées par une évolution rapide et hétérogène des populations.Or, l’augmentation tendancielle du nombre de spécimens sur certains territoires et la diversité des situations locales rendent nécessaire une capacité d’adaptation plus souple des mesures de gestion. La rigidité d’un plafond national pourrait en effet limiter l’efficacité des actions mises en œuvre pour prévenir et réduire les dommages aux activités d’élevage, ainsi que pour assurer une gestion équilibrée de l’espèce."
765,,Non renseigné,Article 14,Première délibération,Roseren Xavier,,Séance publique,1ère lecture (1ère assemblée saisie),https://www.assemblee-nationale.fr/dyn/17/amendements/2765/AN/765,https://www.assemblee-nationale.fr/dyn/opendata/AMANR5L17PO838901BTC2765P0D1N000765.xml,Non renseigné,"À l’alinéa 25, substituer aux mots : « sous réserve de remplir », les mots : « si elle remplit ».",Amendement rédactionnel.
764,,Non renseigné,Article 14,Première délibération,Roseren Xavier,,Séance publique,1ère lecture (1ère assemblée saisie),https://www.assemblee-nationale.fr/dyn/17/amendements/2765/AN/764,https://www.assemblee-nationale.fr/dyn/opendata/AMANR5L17PO838901BTC2765P0D1N000764.xml,Non renseigné,"À l’alinéa 25, supprimer les mots : « , qu’elle soit ou non en activité et quelle que soit son activité professionnelle, »",L’article 14 prévoit déjà que toute personne peut exercer l’activité de lieutenant de louveterie sous réserve de remplir les conditions requises. La mention de la situation professionnelle de la personne est donc redondante ; il n’apparait pas pertinent de la conserver.
CD504,,Rejeté,Article 14,Première délibération,Meunier Manon,"  Mme Abomangoli, M. Alexandre, M. Amard, Mme Amiot, Mme Amrani, M. Arenas, M. Arnault, Mme Belouassa-Cherifi, Mme Bentorki, M. Bernalicis, M. Bex, M. Bilongo, M. Bompard, M. Boumertit, M. Boyard, M. Cadalen, M. Caron, M. Carrière, Mme Cathala, M. Cernon, Mme Chikirou, M. Clouet, M. Coquerel, M. Coulomme, M. Delogu, M. Diouara, Mme Dufour, Mme Erodi, Mme Feld, M. Fernandes, Mme Ferrer, M. Gaillard, Mme Guetté, Mme Hamdane, Mme Hignet, M. Kerbrat, M. Lachaud, M. Lahmar, M. Laisney, M. Le Coq, M. Le Gall, Mme Leboucher, M. Legavre, Mme Legrain, Mme Lejeune, Mme Lepvraud, M. Léaument, Mme Élisa Martin, M. Maudet, Mme Maximi, Mme Mesmeur, M. Nilor, Mme Nosbé, Mme Obono, Mme Oziol, Mme Panot, M. Pilato, M. Piquemal, M. Portes, M. Prud'homme, M. Ratenon, M. Saint-Martin, M. Saintoul, Mme Soudais, Mme Stambach-Terrenoir, M. Aurélien Taché, Mme Taurinya, M. Tavel, Mme Trouvé et M. Vannier",Développement durable,1ère lecture (1ère assemblée saisie),https://www.assemblee-nationale.fr/dyn/17/amendements/2632/CION-DVP/CD504,https://www.assemblee-nationale.fr/dyn/opendata/AMANR5L17PO419865B2632P0D1N000504.xml,Rejeté,"À l’alinéa 4, supprimer la dernière phrase.","L’article 14 proposé par le gouvernement, non content d’être superfétatoire est encore problématique puisqu’il réaffirme le principe de « non protégeabilité » de certaines espèces, en l’occurrence bovines et équines. Il prévoit en outre d’imposer des démarches de réduction de la vulnérabilité des troupeaux aux éleveurs.Pourtant, le rapport n°014851 publié en juillet 2023 par l’Inspection générale de l’environnement et du développement durable intitulé « Parangonnage sur la politique publique du loup » est très clair sur la question.« Concernant la ‘’non protégeabilité’’ de certaines espèces (bovins ou équins), la mission estime qu’il n’y a pas de fondement technique à cette notion. En France, la prédation sur les bovins est en augmentation. Il est probable qu’elle augmentera à l’avenir en raison de l’extension du loup dans des zones d’élevage bovin, d’une moindre « disponibilité » en ovins pour le loup sur ces zones et peut-être en raison d’un apprentissage du loup à chasser ces animaux. »Le rapport recommandait même aux ministres chargés de l’argriculture et de l’écologie « d’abandonner la disposition relative à la non protégeabilité des bovins dans le prochain plan loup ».Et les faits donnent raison aux auteurs de ce rapport puisque, d’après la « Note sur la prédation lupine sur les bovins en 2024 » les dommages du loup sur les bovins augmentent régulièrement depuis 13 ans, le % de victimes bovins est ainsi passé de 1% environ en 2017 à plus de 5% en 2024.Au regard de l’expansion géographique de la population de loups, tout porte à croire que les attaques sur les bovins vont s’accentuer notamment au regard de la densité des bovins sur les nouveaux départements de colonisation.Les bovins et équins ne sont aujourd’hui pas éligibles aux mesures de protection, car ils ont été catégorisés non-protégeables par l’État. Il s’agit d’un calcul cynique fait par l’Etat au détriment des éleveurs, puisque l’indemnisation coûte actuellement moins cher à l’État que la protection des troupeaux.La protection des bovins n’est pas une impasse technique, elle résulte d’un arbitrage économique de la part du gouvernement. Dans d’autres pays, l’usage de chiens de protection des troupeaux a démontré son efficacité pour protéger les bovins, des expérimentations localisées ont aussi démontré que la « non protégeabilité » des bovins et équins ne repose sur aucun fondement.Les député.e.s du groupe LFI-NFP demande donc la suppression de la mention de « non protégeabilité » des bovins et équins et demande au gouvernement de permettre aux éleveurs bovins volontaires de bénéficier de la prise en charge de la protection de leurs troupeaux."
CD523,,Tombé,Article 14,Première délibération,Riotton Véronique,"  Mme Piron, Mme Violland, Mme Vignon, M. Cormier-Bouligeon, M. Becht, M. Causse, Mme Givernet, M. Larrouquis, Mme Lubet, Mme Panonacle et M. Rousset",Développement durable,1ère lecture (1ère assemblée saisie),https://www.assemblee-nationale.fr/dyn/17/amendements/2632/CION-DVP/CD523,https://www.assemblee-nationale.fr/dyn/opendata/AMANR5L17PO419865B2632P0D1N000523.xml,Tombé,"À l’alinéa 5, après le mot :« et »,insérer les mots :« réparti par département en fonction de l’estimation de la population lupine et de la pression de prédation constatée lors des campagnes précédentes, ».","Aujourd’hui, l’État fixe un quota national de loups pouvant être abattus chaque année. Ce quota est utilisé librement sur le territoire : il n’y a pas de répartition par zone. Une fois le plafond atteint, on arrête tous les tirs, même dans les territoires encore très touchés. Le dispositif proposé par l'amendement change deux choses :-   Une répartition territoriale des quotas : le quota national serait divisé en « sous-quotas par département » en fonction du nombre de loups présents localement et du niveau de prédation-   Une partie du quota ne serait pas attribuée toute de suite. Elle serait gardée en réserve nationale, mobilisable en cours d’année.Concrètement, les départements les plus touchés pourraient prélever davantage de loups au lieu d’être bloqués par un quota national déjà consommé ailleurs. Cela permet donc de réagir rapidement et efficacement en cas de hausse soudaine des attaques dans un territoire touché. "
CD189,,Tombé,Article 14,Première délibération,Allemand Marie-José,"  Mme Pantel, Mme Rossi, Mme Thomin, M. Potier, M. Delautrette, M. Dufau, M. Eskenazi, M. Fégné, Mme Jourdan, M. Leseul, M. Barusseau et M. Roussel",Développement durable,1ère lecture (1ère assemblée saisie),https://www.assemblee-nationale.fr/dyn/17/amendements/2632/CION-DVP/CD189,https://www.assemblee-nationale.fr/dyn/opendata/AMANR5L17PO419865B2632P0D1N000189.xml,Tombé,"À l’alinéa 5, après le mot :« nationale »sont insérés les mots :« en prenant en compte les différences de pression de prédation selon les territoires »","Cet amendement du groupe Socialistes et apparentés vise à faire en sorte que le nombre de loups pouvant être détruits annuellement, bien que défini au niveau national, puisse être adapté en fonction des besoins dans chaque territoire.Il convient en effet que les spécificités locales en matière de prédation du loup puissent être prises en compte dans les quotas de destruction délivrés."
CD190,,Tombé,Article 14,Première délibération,Allemand Marie-José,"  Mme Pantel, Mme Rossi, Mme Thomin, M. Potier, M. Delautrette, M. Dufau, M. Eskenazi, M. Fégné, Mme Jourdan, M. Leseul, M. Barusseau et M. Roussel",Développement durable,1ère lecture (1ère assemblée saisie),https://www.assemblee-nationale.fr/dyn/17/amendements/2632/CION-DVP/CD190,https://www.assemblee-nationale.fr/dyn/opendata/AMANR5L17PO419865B2632P0D1N000190.xml,Tombé,"À l’alinéa 5, après le mot :« nationale »sont insérés les mots :« en s’appuyant sur une méthode d’estimation de la population de loups définie en concertation avec des représentants des collectivités territoriales et de leurs groupements, des professions agricole et forestière, des chambres d’agriculture et des organismes nationaux à vocation agricole et rurale, des associations agréées de protection de l’environnement et des fédérations départementales ou interdépartementales des chasseurs ».","Cet amendement du groupe Socialistes et apparentéss vise à souligner la nécessité d’adopter une méthode d’estimation de la population de loups fiable et partagée par l’ensemble des acteurs concernés.En effet, la politique de gestion et de prélèvement de la population lupine est directement indexée sur les effectifs estimés. Or, les méthodes de comptage actuellement utilisées ne sont pas toujours considérées comme efficaces par les acteurs de la ruralité.Depuis le 1er janvier 2025, l’estimation de l’effectif moyen de la population lupine se fait désormais uniquement avec la méthode « Capture-Marquage-Recapture » (CMR). Si le Ministère de la Transition écologique présente cette méthode comme la plus fiable scientifiquement, il reconnaît aussi que « la publication du chiffre définitif de la CMR n’est possible que plusieurs années après le recueil des données génétiques. »Cet amendement propose donc d’instaurer une concertation entre l’État et le monde agricole afin de définir une méthode de comptabilisation partagée et fiable."
CD558,,Tombé,Article 14,Première délibération,Roseren Xavier rapporteur,,Développement durable,1ère lecture (1ère assemblée saisie),https://www.assemblee-nationale.fr/dyn/17/amendements/2632/CION-DVP/CD558,https://www.assemblee-nationale.fr/dyn/opendata/AMANR5L17PO419865B2632P0D1N000558.xml,Tombé,"À l’alinéa 5, substituer au mot : « spécimens »le mot : « loups »",Amendement rédactionnel.
CD197,,Tombé,Article 14,Première délibération,Rossi Valérie,"  Mme Allemand, Mme Pantel, Mme Thomin, M. Potier, M. Delautrette, M. Dufau, M. Eskenazi, M. Fégné, Mme Jourdan, M. Leseul, M. Barusseau et M. Roussel",Développement durable,1ère lecture (1ère assemblée saisie),https://www.assemblee-nationale.fr/dyn/17/amendements/2632/CION-DVP/CD197,https://www.assemblee-nationale.fr/dyn/opendata/AMANR5L17PO419865B2632P0D1N000197.xml,Tombé,"À l’alinéa 5, supprimer le mot :« maximal ».","Cet amendement de précision du groupe Socialistes et apparentés vise à proposer une formulation plus souple pour adapter le dispositif de gestion de l’espèce aux particularismes locaux et au nombre de situations de prédation observées par zone. Le dispositif actuel prévoit la détermination d’un plafond national de destruction de spécimens, fixé en tenant compte de l’état de conservation favorable de l’espèce. Une telle approche uniforme ne permet toutefois pas de répondre de manière suffisamment fine aux réalités écologiques et territoriales, caractérisées par une évolution rapide et hétérogène des populations.Or, l’augmentation tendancielle du nombre de spécimens sur certains territoires et la diversité des situations locales rendent nécessaire une capacité d’adaptation plus souple des mesures de gestion. La rigidité d’un plafond national pourrait en effet limiter l’efficacité des actions mises en œuvre pour prévenir et réduire les dommages aux activités d’élevage, ainsi que pour assurer une gestion équilibrée de l’espèce."
CD193,,Rejeté,Article 14,Première délibération,Pantel Sophie,"  Mme Rossi, Mme Allemand, Mme Thomin, M. Potier, M. Delautrette, M. Dufau, M. Eskenazi, M. Fégné, Mme Jourdan, M. Leseul, M. Barusseau et M. Roussel",Développement durable,1ère lecture (1ère assemblée saisie),https://www.assemblee-nationale.fr/dyn/17/amendements/2632/CION-DVP/CD193,https://www.assemblee-nationale.fr/dyn/opendata/AMANR5L17PO419865B2632P0D1N000193.xml,Rejeté,"Après la deuxième phrase de l’alinéa 4, insérer la phrase suivante : « Il précise également les compétences respectives des autorités préfectorales, notamment en permettant au préfet de département d’apprécier le caractère exceptionnel des dommages et d’autoriser directement, dans ce cas, l’intervention des lieutenants de louveterie, y compris lorsque l’élevage est non protégé ou reconnu comme ne pouvant être protégé. »","Cet amendement du groupe Socialistes et apparentés vise à préciser les compétences respectives des autorités préfectorales, en permettant au préfet de département d’autoriser directement l’intervention des lieutenants des louveterie dans certaines situations d’urgence. Dans un conteste de progression de la population de loups et de persistance de niveaux élevés de prédation, la protection des troupeaux constitue un enjeu majeur pour la pérennité des exploitations d’élevage. Ces modes d’élevage, fondés sur le pâturage à l’herbe, participent à la production de filières de qualité, t tout en contribuant activement à l’activité économique, à la transition écologique, à une alimentation de proximité et au maintien des milieux ouverts. Ils jouent, à ce titre, un rôle essentiel pour la prévention des incendies. Face à des attaques pouvant être rapides, répétées et particulièrement dommageables, la capacité d’intervention immédiate des autorités est essentielle. En ce sens, le présent amendement permet d’apporter une réponse plus réactive et adaptée aux situations d’urgence, en rapprochant la décision du terrain et opérationnelle des dispositifs de gestion de la prédation. En l’état du droit, l’intervention des lieutenants de louveterie et de la Brigade loup en cas de dommages exceptionnels nécessite l’accord préalable du préfet coordonnateur. Si ce cadre répond à un objectif de pilotage national et de cohérence de la politique de gestion du loup, il peut néanmoins conduire, dans certaines situations ions d’urgence, à allonger les délais d’intervention. Or, face à des attaques répétées ou particulièrement graves, la rapidité de la réponse constitue un élément déterminant pour limiter les pertes et éviter l’aggravation des dommages.Le préfet de département, en tant qu’autorité de proximité, dispose d’une connaissance fine des réalités locales, des exploitations concernées et de l’intensité des phénomènes de prédation. Il apparaît ainsi le mieux placé pour apprécier, dans des délais très courts, si les dommages sont exceptionnels et la nécessité de mobiliser les moyens d’intervention adaptés, même pour des élevages non protégés ou reconnu comme ne pouvant l’être.Le présent amendement propose donc de prévoir que l’arrêté mentionné à l’alinéa 4 précise les compétences respectives des autorités préfectorales, en permettant au préfet de département d’autoriser directement l’intervention des lieutenants des louveterie dans les cas qu’il aura préalablement constaté. Dans ce cas, le préfet de département est autorisé à mobiliser les lieutenants de louveterie pour des exploitations protégées, non protégées et non protégeables. Il s’agit ainsi de concilier l’exigence de coordination nationale avec la nécessité d’une réponse rapide, proportionnée et efficace au plus près du terrain."
CD186,,Rejeté,Article 14,Première délibération,Pantel Sophie,"  Mme Rossi, Mme Allemand, Mme Thomin, M. Potier, M. Delautrette, M. Dufau, M. Eskenazi, M. Fégné, Mme Jourdan, M. Leseul, M. Barusseau et M. Roussel",Développement durable,1ère lecture (1ère assemblée saisie),https://www.assemblee-nationale.fr/dyn/17/amendements/2632/CION-DVP/CD186,https://www.assemblee-nationale.fr/dyn/opendata/AMANR5L17PO419865B2632P0D1N000186.xml,Rejeté,"Après la deuxième phrase de l’alinéa 4, insérer la phrase suivante : « Les demandes d’autorisation ou de dérogation relatives aux mesures de gestion du loup sont instruites dans un délai maximal fixé par voie réglementaire. »","Cet amendement du groupe Socialistes et apparentés vise à encadrer dans un délai maximal l’instruction des demandes d’autorisation ou de dérogation relatives aux mesures de gestion du loup afin de garantir la réactivité et l’efficacité de l’action publique.La gestion du loup implique des interventions dont l’efficacité dépend étroitement de leur célérité, notamment dans les situations de prédation récurrente sur les troupeaux. Or, les délais d’instruction administrative peuvent, dans certains cas, réduire significativement la portée opérationnelle des mesures de protection et de régulation.Le présent amendement tend ainsi à introduire un encadrement temporel de l’instruction des demandes d’autorisation ou de dérogation, en renvoyant à un délai maximal fixé par voie réglementaire."
2006,,Non renseigné,Article 14,Première délibération,Cazeneuve Jean-René,,Séance publique,1ère lecture (1ère assemblée saisie),https://www.assemblee-nationale.fr/dyn/17/amendements/2765/AN/2006,https://www.assemblee-nationale.fr/dyn/opendata/AMANR5L17PO838901BTC2765P0D1N002006.xml,Non renseigné,"Après la première phrase de l'alinéa 5, insérer la phrase suivante :« Ces mesures tiennent compte de la nécessité de prévenir l’installation durable du loup dans les territoires jusqu’alors exempts de présence permanente de l’espèce et exposés à des fronts de colonisation. »","Le présent amendement introduit dans le pouvoir réglementaire confié aux ministres chargés de l’agriculture et de la protection de la nature une clause de vigilance préventive : prévenir l’installation durable du loup dans les territoires qui en sont aujourd’hui exempts.La progression de l’espèce sur le territoire métropolitain est continue. De 1992, date de sa réapparition dans le Mercantour, à aujourd’hui, le loup a colonisé l’ensemble du massif alpin, le Massif central, les Pyrénées, le Jura, les Vosges, et progresse désormais vers les zones de plaine et de bocage de l’Ouest et du Sud-Ouest. Or, lorsqu’une meute s’installe dans un territoire d’élevage qui n’a aucune tradition lupine récente, l’éradication devient impossible et les éleveurs subissent une pression permanente, sans disposer des savoir-faire de protection accumulés ailleurs.Le présent article 14 instaure un cadre rénové de gestion fondé sur des mesures différenciées selon les territoires et l’évolution de la pression de prédation. Il convient d’aller au bout de cette logique en reconnaissant que la défense de l’élevage passe d’abord par la prévention de l’installation du prédateur dans les bassins qui en sont aujourd’hui préservés. C’est moins coûteux pour l’éleveur, moins coûteux pour les finances publiques, et plus efficace que la gestion d’une population déjà installée.La notion de « front de colonisation » correspond à un usage scientifique éprouvé, mobilisé tant par l’Office français de la biodiversité que par le plan national d’actions sur le loup. La rédaction proposée se borne à intégrer cette réalité de terrain dans les éléments dont l’arrêté ministériel doit tenir compte, sans créer de régime juridique autonome ni préjuger des mesures retenues. Elle préserve ainsi pleinement la marge d’appréciation de l’autorité administrative et la conformité du dispositif aux engagements internationaux et européens de la France."
181,,Non renseigné,Article 14,Première délibération,Warsmann Jean-Luc,,Séance publique,1ère lecture (1ère assemblée saisie),https://www.assemblee-nationale.fr/dyn/17/amendements/2765/AN/181,https://www.assemblee-nationale.fr/dyn/opendata/AMANR5L17PO838901BTC2765P0D1N000181.xml,Non renseigné,"Après l’alinéa 11, insérer l’alinéa suivant :« Aux seules fins d’amélioration des tirs de défense, tout éleveur exploitant à titre individuel ou sous forme sociétaire, tout propriétaire public ou privé d’une exploitation agricole d’élevage mettant en valeur des surfaces pâturées, ou tout mandataire désigné par lui, peut, sous réserve d’être titulaire d’un permis de chasser en cours de validité, utiliser des dispositifs de repérage utilisant la technologie d’amplification de la lumière ou la détection thermique, à l’exception des appareils pouvant être mis en œuvre sans l’aide des mains et des appareils équipés d’un adaptateur permettant de les fixer sur une lunette de tir. »","Cet amendement vise à autoriser l’utilisation de jumelles permettant d’améliorer la vision nocturne, et de jumelles permettant d’identifier les sources de chaleur, dans le cadre des tirs de défense. Leur utilisation est d’ores et déjà autorisée, mais elle est soumise à un accord préalable de l’OFB. Dans le cadre de la chasse et de la régulation des espèces nuisibles, ces lunettes sont déjà autorisées, sans validation préalable de l’administration. Cet amendement vise à soumettre les éleveurs exposés à la prédation aux règles de droit commun de la chasse et de la régulation des espèces nuisibles, telles que le sanglier."
760,,Non renseigné,Article 14,Première délibération,Roseren Xavier,,Séance publique,1ère lecture (1ère assemblée saisie),https://www.assemblee-nationale.fr/dyn/17/amendements/2765/AN/760,https://www.assemblee-nationale.fr/dyn/opendata/AMANR5L17PO838901BTC2765P0D1N000760.xml,Non renseigné,"Après l’alinéa 11, insérer l’alinéa suivant :« Aux seules fins d’amélioration des tirs de défense, tout éleveur exploitant à titre individuel ou sous forme sociétaire, tout propriétaire public ou privé d’une exploitation agricole d’élevage mettant en valeur des surfaces pâturées, ou tout mandataire désigné par lui, peut, sous réserve d’être titulaire d’un permis de chasser en cours de validité, utiliser des dispositifs de repérage utilisant la technologie d’amplification de la lumière ou la détection thermique, à l’exception des appareils pouvant être mis en œuvre sans l’aide des mains et des appareils équipés d’un adaptateur permettant de les fixer sur une lunette de tir. »","Cet amendement vise à autoriser l’utilisation de jumelles permettant d’améliorer la vision nocturne, et de jumelles permettant d’identifier les sources de chaleur, dans le cadre des tirs de défense. Leur utilisation est d’ores et déjà autorisée, mais elle est soumise à un accord préalable de l’OFB. Dans le cadre de la chasse et de la régulation des espèces nuisibles, ces jumelles sont déjà autorisées, sans validation préalable de l’administration. Cet amendement vise à soumettre les éleveurs exposés à la prédation aux règles de droit commun de la chasse et de la régulation des espèces nuisibles, telles que le sanglier."
88,,Non renseigné,Article 14,Première délibération,Pochon Marie,"  Mme Voynet, M. Biteau, Mme Belluco, M. Nicolas Bonnet, Mme Ozenne, M. Raux, M. Peytavie, M. Tavernier, M. Thierry, M. Amirshahi, Mme Arrighi, Mme Autain, Mme Balage El Mariky, M. Ben Cheikh, M. Arnaud Bonnet, Mme Chatelain, M. Corbière, M. Davi, M. Duplessy, M. Fournier, Mme Garin, M. Damien Girard, M. Gustave, Mme Catherine Hervieu, M. Iordanoff, Mme Laernoes, M. Lahais, M. Lucas-Lundy, Mme Regol, M. Roumégas, Mme Sandrine Rousseau, M. Ruffin, Mme Sas, Mme Sebaihi, Mme Simonnet et Mme Taillé-Polian",Séance publique,1ère lecture (1ère assemblée saisie),https://www.assemblee-nationale.fr/dyn/17/amendements/2765/AN/88,https://www.assemblee-nationale.fr/dyn/opendata/AMANR5L17PO838901BTC2765P0D1N000088.xml,Non renseigné,"Après l’alinéa 11, insérer l’alinéa suivant : « Dans le cadre de leurs missions, les services compétents de l’État apportent un soutien technique aux parcs naturels régionaux réalisant des expérimentations locales en faveur de la cohabitation entre le loup et les activités d’élevage. » ","Les expérimentations locales en faveur de la cohabitation avec le loup sont essentielles pour comprendre le comportement du prédateur et prévenir au mieux les attaques. Il est nécessaire de soutenir et développer les expérimentations locales prévues par les parcs naturels régionaux comme celles du Parc naturel régional du Vercors qui demande, sans succès depuis huit ans, le soutien de l’État."
624 (Rect),,Non renseigné,Article 14,Première délibération,Allemand Marie-José,"  Mme Battistel, Mme Pantel, Mme Rossi, M. Echaniz, M. Proença et Mme Got",Séance publique,1ère lecture (1ère assemblée saisie),https://www.assemblee-nationale.fr/dyn/17/amendements/2765/AN/624,https://www.assemblee-nationale.fr/dyn/opendata/AMANR5L17PO838901BTC2765P0D1N000624.xml,Non renseigné,"Après l’alinéa 11, insérer l’alinéa suivant :« L’arrêté définit les conditions dans lesquelles le représentant de l’État dans le département peut autoriser tout éleveur exploitant à titre individuel ou sous forme sociétaire, tout propriétaire public ou privé d’une exploitation agricole d’élevage mettant en valeur des surfaces pâturées, ou tout mandataire désigné par lui, participant aux mesures de gestion destinées à lutter contre la prédation des troupeaux, à utiliser des lunettes de tir à visée thermique ou utilisant la technologie d’intensification de lumière ou d’infrarouge passif, sous réserve d’être titulaire d’un permis de chasser valide, d’avoir suivi une formation préalable auprès de l’Office français de la biodiversité et d’avoir préalablement participé à une opération encadrée par un ou plusieurs lieutenants de de louveterie. L’autorisation est délivrée pour une durée de trente jours, et se limite au périmètre de la commune où l’opération encadrée par un ou plusieurs lieutenants de louveterie a eu lieu, ainsi qu’à ses communes limitrophes. »","Cet amendement vise à ouvrir la possibilité aux éleveurs et à leurs mandataires titulaires d’un permis de chasse d’utiliser des lunettes thermiques afin de procéder à des tirs de loups dans le cadre des mesures de protection de leurs troupeaux visées au présent article.Ce moyen d’assistance est déjà autorisé pour la chasse et la destruction des espèces d’animaux classées comme susceptibles d’occasionner des dégâts. A droit constant, seuls les lieutenants de louveterie et les agents de l’OFB peuvent l’utiliser.Le présent amendement propose d’étendre son utilisation aux éleveurs titulaires d’un permis de chasse, sous réserve de satisfaire plusieurs conditions :Avoir suivi une formation préalable auprès de l'OFB ;Avoir préalablement participé à une opération encadrée par des lieutenants de louveterie.L’autorisation serait restreinte dans le temps et dans l’espace :Sa validité sera de trente jours ;Sa validité se limite à la commune dans laquelle l'éleveur a participé à l'opération encadrée par les lieutenants de louveterie, ainsi qu'à ses communes voisines."
179,,Non renseigné,Article 14,Première délibération,Warsmann Jean-Luc,,Séance publique,1ère lecture (1ère assemblée saisie),https://www.assemblee-nationale.fr/dyn/17/amendements/2765/AN/179,https://www.assemblee-nationale.fr/dyn/opendata/AMANR5L17PO838901BTC2765P0D1N000179.xml,Non renseigné,"Après l’alinéa 11, insérer l’alinéa suivant :« L’arrêté définit les conditions dans lesquelles le représentant de l’État dans le département peut autoriser tout éleveur exploitant à titre individuel ou sous forme sociétaire, tout propriétaire public ou privé d’une exploitation agricole d’élevage mettant en valeur des surfaces pâturées, ou tout mandataire désigné par lui, participant aux opérations de gestion destinées à lutter contre la prédation des troupeaux, à utiliser des lunettes de tir à visée utilisant la technologie d’intensification de lumière ou d’infrarouge passif, sous réserve d’être titulaire d’un permis de chasser valide, d’avoir suivi une formation préalable auprès de l’Office français de la biodiversité et d’avoir préalablement participé à une opération encadrée par un ou plusieurs lieutenants de de louveterie. L’autorisation est délivrée pour une durée de trente jours, et se limite au périmètre de la commune où l’opération encadrée par un ou plusieurs lieutenants de louveterie a eu lieu, ainsi qu’à ses communes limitrophes. »","Cet amendement vise à autoriser, sous conditions, l’utilisation des lunettes de tir à visée nocturne ou thermique, par les chasseurs et les éleveurs dans le cadre des tirs de défense. Aujourd’hui, ces lunettes de tir ne peuvent être utilisées que par les seuls agents de l’OFB et par les lieutenants de louveterie pour réaliser des tirs de défense. Ces armes se révèlent pourtant efficaces dans le cadre des tirs de défense sur les loups : La vision nocturne et la vision thermique sont particulièrement adaptées à la vision réduite la nuit ; La lunette de tir permet des tirs plus précis qu'avec des jumelles, qui doivent être lâchées avant de tirer avec une arme dont la lunette de tir ne comporte aucun dispositif d'amélioration de la vision nocturne.L'utilisation de ces lunettes est déjà autorisée pour la régulation des sangliers en Alsace et en Moselle, par arrêté préfectoral. L'autorisation des lunettes permettrait des tirs plus efficaces dans l'objectif de protéger les troupeaux exposés à la prédation lupine.  En complément des conditions déterminées par cet amendement, l'arrêté interministériel, ainsi que les arrêtés préfectoraux, peuvent établir des conditions d'application pour garantir la sécurité des tireurs et de la population, en fonction des circonstances locales. "
1823,,Non renseigné,Article 14,Première délibération,Bentz Christophe,"  M. Meurin, M. Blairy et M. Golliot",Séance publique,1ère lecture (1ère assemblée saisie),https://www.assemblee-nationale.fr/dyn/17/amendements/2765/AN/1823,https://www.assemblee-nationale.fr/dyn/opendata/AMANR5L17PO838901BTC2765P0D1N001823.xml,Non renseigné,"Après l’alinéa 11, insérer l’alinéa suivant :« L’arrêté définit les conditions dans lesquelles le représentant de l’État dans le département peut autoriser tout éleveur exploitant à titre individuel ou sous forme sociétaire, tout propriétaire public ou privé d’une exploitation agricole d’élevage mettant en valeur des surfaces pâturées, ou tout mandataire désigné par lui, participant aux opérations de gestion destinées à lutter contre la prédation des troupeaux, à utiliser des lunettes de tir à visée utilisant la technologie d’intensification de lumière ou d’infrarouge passif, sous réserve d’être titulaire d’un permis de chasser valide, d’avoir suivi une formation préalable auprès de l’Office français de la biodiversité et d’avoir préalablement participé à une opération encadrée par un ou plusieurs lieutenants de de louveterie. L’autorisation est délivrée pour une durée de trente jours, et se limite au périmètre de la commune où l’opération encadrée par un ou plusieurs lieutenants de louveterie a eu lieu, ainsi qu’à ses communes limitrophes. »","Cet amendement vise à renforcer l’efficacité des tirs de défense contre la prédation lupine en autorisant, sous conditions strictes, l’utilisation de lunettes de tir à vision nocturne ou thermique par les éleveurs, propriétaires d’exploitations agricoles et personnes mandatées participant à la protection des troupeaux.Les attaques de loups intervenant majoritairement de nuit, ces équipements permettent une meilleure identification de la cible et des tirs plus précis, améliorant ainsi la protection des élevages et la sécurité des opérations. Aujourd’hui, ces dispositifs ne peuvent être utilisés que par les agents de l’Office français de la biodiversité et les lieutenants de louveterie.L’utilisation de ces équipements est strictement encadrée, limitée dans le temps et réservée aux personnes formées et habilitées. "
2102,,Non renseigné,Article 14,Première délibération,Descoeur Vincent,"  M. Wauquiez, M. Barnier, M. Bazin, Mme Bazin-Malgras, Mme Blin, Mme Sylvie Bonnet, Mme Bonnivard, M. Bony, M. Bourgeaux, M. Breton, M. Brigand, M. Fabrice Brun, M. Ceccoli, Mme Chazé, M. Cordier, Mme Corneloup, Mme Dalloz, Mme de Maistre, M. Dive, Mme Duby-Muller, M. Duparay, M. Gosselin, Mme Gruet, M. Herbillon, M. Hetzel, M. Juvin, M. Le Fur, M. Liger, M. Liégeon, Mme Martin (Alpes-Maritimes), Mme Frédérique Meunier, Mme Minard, M. Neuder, M. Pauget, M. Portier, M. Ray, Mme Rey-Rinchet, M. Rolland, Mme Tabarot, M. Taite, M. Thiériot, M. Tryzna, M. Vermorel-Marques et M. Jean-Pierre Vigier",Séance publique,1ère lecture (1ère assemblée saisie),https://www.assemblee-nationale.fr/dyn/17/amendements/2765/AN/2102,https://www.assemblee-nationale.fr/dyn/opendata/AMANR5L17PO838901BTC2765P0D1N002102.xml,Non renseigné,"Après l’alinéa 11, insérer l’alinéa suivant :« L’arrêté définit les conditions dans lesquelles le représentant de l’État dans le département peut autoriser tout éleveur exploitant à titre individuel ou sous forme sociétaire, tout propriétaire public ou privé d’une exploitation agricole d’élevage mettant en valeur des surfaces pâturées, ou tout mandataire désigné par lui, participant aux opérations de gestion destinées à lutter contre la prédation des troupeaux, à utiliser des lunettes de tir à visée utilisant la technologie d’intensification de lumière ou d’infrarouge passif, sous réserve d’être titulaire d’un permis de chasser valide, d’avoir suivi une formation préalable auprès de l’Office français de la biodiversité et d’avoir préalablement participé à une opération encadrée par un ou plusieurs lieutenants de de louveterie. L’autorisation est délivrée pour une durée de trente jours, et se limite au périmètre de la commune où l’opération encadrée par un ou plusieurs lieutenants de louveterie a eu lieu, ainsi qu’à ses communes limitrophes. »","Le présent amendement de repli du groupe Droite Républicaine vise à autoriser les éleveurs ainsi que leurs mandataires participant à la lutte contre la prédation des troupeaux à utiliser des lunettes de tir à visée recourant à la technologie d’intensification de lumière ou à l’infrarouge passif.Cette autorisation est réservée aux personnes titulaires d’un permis de chasser valide et ayant participé à une opération encadrée par un ou plusieurs lieutenants de louveterie.L’amendement précise également les conditions de durée et de périmètre de cette autorisation, délivrée pour une durée maximale de trente jours et limitée au territoire de la commune où s’est déroulée l’opération encadrée par les lieutenants de louveterie, ainsi qu’aux communes limitrophes."
759,,Non renseigné,Article 14,Première délibération,Roseren Xavier,,Séance publique,1ère lecture (1ère assemblée saisie),https://www.assemblee-nationale.fr/dyn/17/amendements/2765/AN/759,https://www.assemblee-nationale.fr/dyn/opendata/AMANR5L17PO838901BTC2765P0D1N000759.xml,Non renseigné,"Après l’alinéa 11, insérer l’alinéa suivant :« L’arrêté définit les conditions dans lesquelles le représentant de l’État dans le département peut autoriser tout éleveur exploitant à titre individuel ou sous forme sociétaire, tout propriétaire public ou privé d’une exploitation agricole d’élevage mettant en valeur des surfaces pâturées, ou tout mandataire désigné par lui, participant aux opérations de gestion destinées à lutter contre la prédation des troupeaux, à utiliser des lunettes de tir à visée utilisant la technologie d’intensification de lumière ou d’infrarouge passif, sous réserve d’être titulaire d’un permis de chasser valide, d’avoir suivi une formation préalable auprès de l’Office français de la biodiversité et d’avoir préalablement participé à une opération encadrée par un ou plusieurs lieutenants de de louveterie. L’autorisation est délivrée pour une durée de trente jours, et se limite au périmètre de la commune où l’opération encadrée par un ou plusieurs lieutenants de louveterie a eu lieu, ainsi qu’à ses communes limitrophes. »","Cet amendement vise à autoriser, sous conditions, l’utilisation des lunettes de tir à visée nocturne ou thermique, par les chasseurs et les éleveurs dans le cadre des tirs de défense. Aujourd’hui, ces lunettes de tir ne peuvent être utilisées que par les seuls agents de l’OFB et par les lieutenants de louveterie pour réaliser des tirs de défense. Ces armes se révèlent pourtant efficaces dans le cadre des tirs de défense sur les loups : La vision nocturne et la vision thermique sont particulièrement adaptées à la vision réduite la nuit ; La lunette de tir permet des tirs plus précis qu’avec des jumelles, qui doivent être lâchées avant de tirer avec une arme dont la lunette de tir ne comporte aucun dispositif d’amélioration de la vision nocturne.L’utilisation de ces lunettes est déjà autorisée pour la régulation des sangliers en Alsace et en Moselle, par arrêté préfectoral. L’autorisation des lunettes permettrait des tirs plus efficaces dans l’objectif de protéger les troupeaux exposés à la prédation lupine.  En complément des conditions déterminées par cet amendement, l’arrêté interministériel, ainsi que les arrêtés préfectoraux, peuvent établir des conditions d’application pour garantir la sécurité des tireurs et de la population, en fonction des circonstances locales. "
CD251,,Retiré,Article 14,Première délibération,Warsmann Jean-Luc,,Développement durable,1ère lecture (1ère assemblée saisie),https://www.assemblee-nationale.fr/dyn/17/amendements/2632/CION-DVP/CD251,https://www.assemblee-nationale.fr/dyn/opendata/AMANR5L17PO419865B2632P0D1N000251.xml,Retiré,"Après l’alinéa 11, insérer les deux alinéas suivants : « II bis. – Après l’article L. 411‑2‑2 du code de l’environnement, il est inséré un article L. 411‑2‑3 ainsi rédigé :« Art L. 411‑2‑3. – L’éleveur repousse ou détruit un loup afin de prémunir son élevage de tout danger, dans le respect des conditions prévues aux articles L. 411‑2 et L. 411‑2‑4. » »",Cet amendement affirme le rôle de tout éleveur de protéger son troupeau et pour cela de procéder à la destruction ou à la capture d’un loup présentant un danger pour celui-ci dans le respect des conditions prévues par les articles L. 411‑1 et L. 411‑2 du code de l’environnement. 
CD367,,Rejeté,Article 14,Première délibération,Schreck Philippe,"  M. Allisio, M. Amblard, Mme Auzanot, M. Ballard, Mme Bamana, M. Baubry, M. Beaurain, M. Bentz, M. Bernhardt, M. Bigot, M. Bilde, M. Blairy, Mme Blanc, M. Boccaletti, M. Boulogne, Mme Bouquin, M. Bovet, M. Buisson, M. Casterman, M. Chenu, M. Chudeau, M. Clavet, Mme Colombier, Mme Da Conceicao Carvalho, M. de Fleurian, M. de Lépinau, Mme Dellong Meng, M. Dessigny, Mme Diaz, Mme Dogor-Such, M. Dragon, M. Dufosset, M. Dussausaye, M. Dutremble, M. Evrard, M. Falcon, M. Florquin, M. Fouquart, M. Frappé, M. Gabarron, Mme Galzy, M. Gery, M. Giletti, M. Gillet, M. Christian Girard, M. Golliot, M. Gonzalez, Mme Florence Goulet, Mme Grangier, Mme Griseti, M. Guibert, M. Guiniot, M. Guitton, Mme Hamelet, M. Houssin, M. Humbert, M. Jacobelli, M. Jenft, M. Jolly, Mme Joncour, M. Jordan, Mme Josserand, Mme Joubert, Mme Laporte, Mme Lavalette, M. Le Bourgeois, Mme Le Pen, Mme Lechanteux, Mme Lechon, Mme Lelouis, Mme Levavasseur, M. Limongi, M. Lioret, Mme Loir, M. Lopez-Liguori, Mme Lorho, M. Lottiaux, M. Loubet, M. David Magnier, Mme Marais-Beuil, M. Marchio, M. Markowsky, M. Patrice Martin, Mme Martinez, M. Mauvieux, M. Meizonnet, M. Meurin, M. Monnier, M. Muller, Mme Mélin, Mme Ménaché, M. Ménagé, M. Odoul, Mme Parmentier, M. Perez, M. Pfeffer, Mme Pollet, M. Rambaud, Mme Ranc, M. Rancoule, M. Renault, Mme Rimbert, M. Rivière, Mme Robert-Dehault, Mme Roullaud, Mme Roy, Mme Sabatini, M. Sabatou, M. Salmon, M. Emmanuel Taché, M. Jean-Philippe Tanguy, M. Taverne, M. Tesson, M. Tivoli, M. Tomatis, M. Tonussi, M. Tribuiani, M. Villedieu, M. Vos et M. Weber",Développement durable,1ère lecture (1ère assemblée saisie),https://www.assemblee-nationale.fr/dyn/17/amendements/2632/CION-DVP/CD367,https://www.assemblee-nationale.fr/dyn/opendata/AMANR5L17PO419865B2632P0D1N000367.xml,Rejeté,"Après l’alinéa 11, insérer les deux alinéas suivants :« II bis. – Après l’article L. 411‑2‑2 du même code, il est inséré un article L. 411‑2‑3 ainsi rédigé :« « Art. L. 411‑2‑3. – Sont réputés répondre à une raison impérative d’intérêt public majeur, au sens des b et c du 4° du I de l’article L. 411‑2, les activités d’élevage ayant fait l’objet d’une ou plusieurs attaques ou sur lesquelles pèse un risque imminent et avéré de prédation par une espèce inscrite sur la liste prévue au 1° du I de l’article L. 411‑2. » »","Tout comme les mesures du Plan Loup 2024 2029, celles proposées dans le cadre du présent projet de loi s’avèrent insuffisantes et trop soumises au bon vouloir des autorités administratives ou à une jurisprudence qui priorise le loup au détriment des éleveurs.Lorsqu’elles sont délivrées, lorsqu’elles ne sont pas conditionnées à des exigences de protection coûteuses et parfois irréalistes, lorsqu’elles ne sont pas annulées par le juge administratif, les autorisations de tirs - de défense comme de prélèvement - demeurent toujours trop limitées et bien trop lentes à être mises en œuvre face à un carnassier aussi mobile et insatiable, dont l’instinct de tuer dépasse le simple besoin de subsistante, et qui a le temps de faire d’autres massacres avant d’en être empêché, s’il l’est…Si l’élimination passée de ces espèces est jugée aujourd’hui, de manière rétroactive, comme excessive, leur présente surprotection l’est autant si ce n’est plus !Cet amendement vise donc à corriger les excès de la surprotection juridique dont bénéficient certaines espèces de prédateurs - et pas seulement le loup, comme le mentionne l’avis du Conseil d’État - réintroduits naturellement ou artificiellement dans nos écosystèmes, lorsqu’elles menacent de manière imminente, directe et avérée les cheptels, ou lorsque des attaques ont été constatées.Il vise à ce que les prédateurs faisant l’objet de ces protections, parfois obsolètes ou exorbitantes, ne puissent mettre en danger – comme c’est aujourd’hui le cas – tant les personnes que les activités économiques, notamment traditionnelles qui font partie du patrimoine de notre pays ou d’un ensemble reconnu patrimoine de l’humanité ; Dans le cas présent le pastoralisme dont le modèle économique est assurément viable et, de plus, majoritairement ‘localiste’.Le présent amendement propose donc – sous la condition essentielle d’un risque imminent et avéré de prédation, ou à la suite d’une ou plusieurs attaques – de prioriser et de légitimer la défense des élevages au titre de la raison impérative d’intérêt public majeur."
CD53,,Retiré,Article 14,Première délibération,Rousset Jean-François,"  Mme Pantel, Mme Froger, M. Vallaud, M. Fesneau, M. Peu, Mme Le Feur, M. Hollande, M. Roseren, M. Potier, M. Bony, M. Philippe Brun, Mme Rossi, Mme Allemand, M. Aviragnet, Mme Battistel, M. Bazin, M. Benoit, Mme Bergantz, M. Bonnecarrère, Mme Sylvie Bonnet, Mme Bonnivard, M. Bothorel, M. Bouyx, M. Brard, M. Brigand, M. Brugerolles, Mme Brulebois, M. Fabrice Brun, M. Buchou, Mme Buffet, M. Jean-René Cazeneuve, M. Ceccoli, M. Cormier-Bouligeon, M. Criaud, M. Croizier, Mme Corneloup, M. Daubié, M. David, M. Delautrette, Mme Delpech, Mme Dombre Coste, Mme Dubré-Chirat, M. Dufau, M. Echaniz, M. Fait, M. Fégné, M. Fugit, Mme Got, Mme Perrine Goulet, M. Guedj, Mme Herouin-Léautey, M. Houlié, M. Huyghe, M. Jacques, Mme Klinkert, M. Lauzzana, M. Lecamp, Mme Létard, Mme Le Peih, M. Liégeon, Mme Lingemann, Mme Marsaud, M. Maurel, M. Marion, M. Masséglia, M. Mattei, M. Molac, M. Mongardien, M. Naegelen, M. Oberti, M. Ott, M. Padey, Mme Pirès Beaune, M. Proença, M. Ramos, M. Ray, Mme Riotton, Mme Ronceret, Mme Rouaux, Mme Santiago, M. Saulignac, M. Sorre, M. Taite, M. Taupiac, M. Terlier, Mme Thiébault-Martinez, Mme Thomin, M. Travert, M. Vermorel-Marques, Mme Vidal, M. Jean-Pierre Vigier, M. Philippe Vigier, M. Viry, M. Vuibert et Mme Pochon",Développement durable,1ère lecture (1ère assemblée saisie),https://www.assemblee-nationale.fr/dyn/17/amendements/2632/CION-DVP/CD53,https://www.assemblee-nationale.fr/dyn/opendata/AMANR5L17PO419865B2632P0D1N000053.xml,Retiré,"Après l’alinéa 11, insérer les deux alinéas suivants : « II bis. – Après l’article L. 427‑2 du code de l’environnement, il est inséré un article L. 427‑2‑1 ainsi rédigé :« Art. L. 427‑2-1. – Aucun licenciement, déclassement professionnel, ni aucune sanction disciplinaire ne peuvent être prononcés à l’encontre d’un salarié, d’un agent public ou d’un étudiant, en raison des absences résultant de l’application des articles L. 427‑2‑3 et L. 427‑2‑4. »"," Cet amendement, issu du travail transpartisan conduit dans le cadre de la proposition de loi visant à créer un statut pour les lieutenants de louveterie déposée le 24 juin 2025, avec l’appui des Ministères de l’Agriculture et de la Transition écologique, protège les lieutenants de louveterie contre toute sanction professionnelle liée à leur engagement, qu’ils soient salariés, agents publics ou étudiants. L'un des objectifs centraux de cette réforme statutaire est de garantir l'attractivité de la fonction, dans un contexte où les lieutenants de louveterie sont aujourd'hui insuffisamment nombreux pour faire face à la multiplication et à la diversification de leurs missions (régulation des espèces, protection des troupeaux, des forêts, sécurité routière, biodiversité, etc..).Par conséquent, il apparaît nécessaire d’élargir le vivier et permettre à des actifs d'accéder à cette fonction bénévole. Pour cela, il est donc indispensable de lever les obstacles pratiques liés à la compatibilité entre l'exercice professionnel et l'accomplissement des missions de louveterie. Dès lors, les absences liées au statut de bénévole ne doivent pas constituer des motifs de licenciement, déclassement professionnel ou sanction disciplinaire. C’est pourquoi cet amendement garantie une protection du lieutenant de louveterie dans le cadre de la convention signée avec son employeur et des autorisations d’absence convenues. Cette rédaction s’inspire du modèle proposé aux sapeurs-pompiers volontaires tel que précisé à l’article L. 723-16 du code de la sécurité intérieure.  "
CE1045,,Adopté,Article 14,Première délibération,Roseren Xavier rapporteur pour avis au nom de la commission du développement durable et de l'aménagement du territoire,"  M. Rousset, Mme Pantel, Mme Froger, M. Vallaud, M. Fesneau, M. Peu, Mme Le Feur, M. Hollande, M. Potier, M. Bony, M. Philippe Brun, Mme Rossi, Mme Allemand, M. Aviragnet, Mme Battistel, M. Bazin, M. Benoit, Mme Bergantz, M. Bonnecarrère, Mme Sylvie Bonnet, Mme Bonnivard, M. Bothorel, M. Bouyx, M. Brard, M. Brigand, M. Brugerolles, Mme Brulebois, M. Fabrice Brun, M. Buchou, Mme Buffet, M. Jean-René Cazeneuve, M. Ceccoli, M. Cormier-Bouligeon, M. Criaud, M. Croizier, Mme Corneloup, M. Daubié, M. David, M. Delautrette, Mme Delpech, Mme Dombre Coste, Mme Dubré-Chirat, M. Dufau, M. Echaniz, M. Fait, M. Fégné, M. Fugit, Mme Got, Mme Perrine Goulet, M. Guedj, Mme Herouin-Léautey, M. Houlié, M. Huyghe, M. Jacques, Mme Klinkert, M. Lauzzana, M. Lecamp, Mme Létard, Mme Le Peih, M. Liégeon, Mme Lingemann, Mme Marsaud, M. Maurel, M. Marion, M. Masséglia, M. Mattei, M. Molac, M. Mongardien, M. Naegelen, M. Oberti, M. Ott, M. Padey, Mme Pirès Beaune, M. Proença, M. Ramos, M. Ray, Mme Riotton, Mme Ronceret, Mme Rouaux, Mme Santiago, M. Saulignac, M. Sorre, M. Taite, M. Taupiac, M. Terlier, Mme Thiébault-Martinez, Mme Thomin, M. Travert, M. Vermorel-Marques, Mme Vidal, M. Jean-Pierre Vigier, M. Philippe Vigier, M. Viry, M. Vuibert et Mme Pochon",Affaires économiques,1ère lecture (1ère assemblée saisie),https://www.assemblee-nationale.fr/dyn/17/amendements/2632/CION-ECO/CE1045,https://www.assemblee-nationale.fr/dyn/opendata/AMANR5L17PO419610B2632P0D1N001045.xml,Adopté,"Après l’alinéa 11, insérer les deux alinéas suivants : « II bis. – Après l’article L. 427‑2 du code de l’environnement, il est inséré un article L. 427‑2‑1 ainsi rédigé :« Art. L. 427‑2‑1. – Les missions ordonnées par l’autorité administrative compétente ouvrent droit à autorisation d’absence du lieutenant de louveterie pendant son temps de travail. Cette autorisation ne peut être refusée que si les nécessités du fonctionnement de l’entreprise ou du service public s’y opposent. Le refus est motivé, notifié à l’intéressé et transmis à l’autorité administrative compétente. ».","Cet amendement, issu du travail transpartisan conduit dans le cadre de la proposition de loi visant à créer un statut pour les lieutenants de louveterie déposée le 24 juin 2025, avec l’appui des Ministères de l’Agriculture et de la Transition écologique, crée un droit à autorisation d’absence pour l’exercice des missions, sauf impératif de service.L’un des objectifs centraux de cette réforme statutaire est de garantir l’attractivité de la fonction, dans un contexte où les lieutenants de louveterie sont aujourd’hui insuffisamment nombreux pour faire face à la multiplication et à la diversification de leurs missions (régulation des espèces, protection des troupeaux, des forêts, sécurité routière, biodiversité, etc..).Par conséquent, il apparaît nécessaire d’élargir le vivier et permettre à des actifs d’accéder à cette fonction bénévole. Pour cela, il est donc indispensable de lever les obstacles pratiques liés à la compatibilité entre l’exercice professionnel et l’accomplissement des missions de louveterie. Ces missions, par nature imprévisibles dans leur survenance, requièrent une disponibilité qui peut se trouver en tension directe avec les obligations liées à un emploi.Le présent amendement vise à remédier à cette situation en instituant un droit à autorisation d’absence permettant aux lieutenants de louveterie salariés ou agents publics de s’absenter pour l’exercice de leurs missions, tout en préservant le droit de l’employeur de faire prévaloir un impératif de service lorsque les circonstances l’exigent. Cette rédaction s’inspire du modèle proposé aux sapeurs-pompiers volontaires tel que précisé à l’article L. 723‑12 du code de la sécurité intérieure."
CD52,,Adopté,Article 14,Première délibération,Rousset Jean-François,"  Mme Pantel, Mme Froger, M. Vallaud, M. Fesneau, M. Peu, Mme Le Feur, M. Hollande, M. Roseren, M. Potier, M. Bony, M. Philippe Brun, Mme Rossi, Mme Allemand, M. Aviragnet, Mme Battistel, M. Bazin, M. Benoit, Mme Bergantz, M. Bonnecarrère, Mme Sylvie Bonnet, Mme Bonnivard, M. Bothorel, M. Bouyx, M. Brard, M. Brigand, M. Brugerolles, Mme Brulebois, M. Fabrice Brun, M. Buchou, Mme Buffet, M. Jean-René Cazeneuve, M. Ceccoli, M. Cormier-Bouligeon, M. Criaud, M. Croizier, Mme Corneloup, M. Daubié, M. David, M. Delautrette, Mme Delpech, Mme Dombre Coste, Mme Dubré-Chirat, M. Dufau, M. Echaniz, M. Fait, M. Fégné, M. Fugit, Mme Got, Mme Perrine Goulet, M. Guedj, Mme Herouin-Léautey, M. Houlié, M. Huyghe, M. Jacques, Mme Klinkert, M. Lauzzana, M. Lecamp, Mme Létard, Mme Le Peih, M. Liégeon, Mme Lingemann, Mme Marsaud, M. Maurel, M. Marion, M. Masséglia, M. Mattei, M. Molac, M. Mongardien, M. Naegelen, M. Oberti, M. Ott, M. Padey, Mme Pirès Beaune, M. Proença, M. Ramos, M. Ray, Mme Riotton, Mme Ronceret, Mme Rouaux, Mme Santiago, M. Saulignac, M. Sorre, M. Taite, M. Taupiac, M. Terlier, Mme Thiébault-Martinez, Mme Thomin, M. Travert, M. Vermorel-Marques, Mme Vidal, M. Jean-Pierre Vigier, M. Philippe Vigier, M. Viry, M. Vuibert et Mme Pochon",Développement durable,1ère lecture (1ère assemblée saisie),https://www.assemblee-nationale.fr/dyn/17/amendements/2632/CION-DVP/CD52,https://www.assemblee-nationale.fr/dyn/opendata/AMANR5L17PO419865B2632P0D1N000052.xml,Adopté,"Après l’alinéa 11, insérer les deux alinéas suivants : « II bis. – Après l’article L. 427‑2 du code de l’environnement, il est inséré un article L. 427‑2‑1 ainsi rédigé :« Art. L. 427‑2‑1. – Les missions ordonnées par l’autorité administrative compétente ouvrent droit à autorisation d’absence du lieutenant de louveterie pendant son temps de travail. Cette autorisation ne peut être refusée que si les nécessités du fonctionnement de l’entreprise ou du service public s’y opposent. Le refus est motivé, notifié à l’intéressé et transmis à l’autorité administrative compétente. ».","Cet amendement, issu du travail transpartisan conduit dans le cadre de la proposition de loi visant à créer un statut pour les lieutenants de louveterie déposée le 24 juin 2025, avec l’appui des Ministères de l’Agriculture et de la Transition écologique, crée un droit à autorisation d’absence pour l’exercice des missions, sauf impératif de service.L’un des objectifs centraux de cette réforme statutaire est de garantir l’attractivité de la fonction, dans un contexte où les lieutenants de louveterie sont aujourd’hui insuffisamment nombreux pour faire face à la multiplication et à la diversification de leurs missions (régulation des espèces, protection des troupeaux, des forêts, sécurité routière, biodiversité, etc..).Par conséquent, il apparaît nécessaire d’élargir le vivier et permettre à des actifs d’accéder à cette fonction bénévole. Pour cela, il est donc indispensable de lever les obstacles pratiques liés à la compatibilité entre l’exercice professionnel et l’accomplissement des missions de louveterie. Ces missions, par nature imprévisibles dans leur survenance, requièrent une disponibilité qui peut se trouver en tension directe avec les obligations liées à un emploi.Le présent amendement vise à remédier à cette situation en instituant un droit à autorisation d’absence permettant aux lieutenants de louveterie salariés ou agents publics de s’absenter pour l’exercice de leurs missions, tout en préservant le droit de l’employeur de faire prévaloir un impératif de service lorsque les circonstances l’exigent. Cette rédaction s’inspire du modèle proposé aux sapeurs-pompiers volontaires tel que précisé à l’article L. 723‑12 du code de la sécurité intérieure."
CE1044,,Adopté,Article 14,Première délibération,Roseren Xavier rapporteur pour avis au nom de la commission du développement durable et de l'aménagement du territoire,"  M. Rousset, Mme Pantel, Mme Froger, M. Vallaud, M. Fesneau, M. Peu, Mme Le Feur, M. Hollande, M. Potier, M. Bony, M. Philippe Brun, Mme Rossi, Mme Allemand, M. Aviragnet, Mme Battistel, M. Bazin, M. Benoit, Mme Bergantz, M. Bonnecarrère, Mme Sylvie Bonnet, Mme Bonnivard, M. Bothorel, M. Bouyx, M. Brard, M. Brigand, M. Brugerolles, Mme Brulebois, M. Fabrice Brun, M. Buchou, Mme Buffet, M. Jean-René Cazeneuve, M. Ceccoli, M. Cormier-Bouligeon, M. Criaud, M. Croizier, Mme Corneloup, M. Daubié, M. David, M. Delautrette, Mme Delpech, Mme Dombre Coste, Mme Dubré-Chirat, M. Dufau, M. Echaniz, M. Fait, M. Fégné, M. Fugit, Mme Got, Mme Perrine Goulet, M. Guedj, Mme Herouin-Léautey, M. Houlié, M. Huyghe, M. Jacques, Mme Klinkert, M. Lauzzana, M. Lecamp, Mme Létard, Mme Le Peih, M. Liégeon, Mme Lingemann, Mme Marsaud, M. Maurel, M. Marion, M. Masséglia, M. Mattei, M. Molac, M. Mongardien, M. Naegelen, M. Oberti, M. Ott, M. Padey, Mme Pirès Beaune, M. Proença, M. Ramos, M. Ray, Mme Riotton, Mme Ronceret, Mme Rouaux, Mme Santiago, M. Saulignac, M. Sorre, M. Taite, M. Taupiac, M. Terlier, Mme Thiébault-Martinez, Mme Thomin, M. Travert, M. Vermorel-Marques, Mme Vidal, M. Jean-Pierre Vigier, M. Philippe Vigier, M. Viry, M. Vuibert et Mme Pochon",Affaires économiques,1ère lecture (1ère assemblée saisie),https://www.assemblee-nationale.fr/dyn/17/amendements/2632/CION-ECO/CE1044,https://www.assemblee-nationale.fr/dyn/opendata/AMANR5L17PO419610B2632P0D1N001044.xml,Adopté,"Après l’alinéa 11, insérer les deux alinéas suivants : « II bis. – Après l’article L. 427‑2 du code de l’environnement, il est inséré un article L. 427‑2‑1 ainsi rédigé : « Art. L. 427‑2‑1. – Toute personne, qu’elle soit ou non en activité et quelle que soit son activité professionnelle, peut devenir lieutenant de louveterie, sous réserve de satisfaire aux conditions d’engagement fixées par voie réglementaire. »","Cet amendement, issu du travail transpartisan conduit dans le cadre de la proposition de loi visant à créer un statut pour les lieutenants de louveterie déposée le 24 juin 2025, avec l’appui des Ministères de l’Agriculture et de la Transition écologique, définit les conditions de recrutement des lieutenants de louveterie dans le cadre de la reconnaissance de leur statut de bénévole exerçant une mission de service public et d’intérêt général. En effet, dans un contexte de progression de la population de certaines espèces, notamment du loup, et de la recrudescence des dommages causés aux élevages, les interventions de régulation sont devenues un levier essentiel de protection des troupeaux. Ils sont également des acteurs majeurs face aux conséquences concernant les forêts, la sécurité routière, ou encore la biodiversité. Les lieutenants de louveterie jouent, à cet égard, un rôle central aux côtés des services de l’État, en assurant, sous l’autorité du préfet, relèvent de l’intérêt général et d’une mission de service public.Il est donc nécessaire de définir les conditions nécessaires pour garantir l’aptitude des candidats à l’exercice de ces fonctions (l’âge, la nationalité, la résidence, l’aptitude physique ou encore la compétence cynégétique…). Celles-ci seront déterminées par voie réglementaire. Il apparaît toutefois nécessaire aux rédacteurs de cet amendement d’inscrire ce renvoi à la voie réglementaire dans la loi sur le modèle de conditions de recrutement des sapeurs-pompiers volontaires tel que précisé à l’article L. 723‑3 du code de la sécurité intérieure."
CD50,,Adopté,Article 14,Première délibération,Rousset Jean-François,"  Mme Pantel, Mme Froger, M. Vallaud, M. Fesneau, M. Peu, Mme Le Feur, M. Hollande, M. Roseren, M. Potier, M. Bony, M. Philippe Brun, Mme Rossi, Mme Allemand, M. Aviragnet, Mme Battistel, M. Bazin, M. Benoit, Mme Bergantz, M. Bonnecarrère, Mme Sylvie Bonnet, Mme Bonnivard, M. Bothorel, M. Bouyx, M. Brard, M. Brigand, M. Brugerolles, Mme Brulebois, M. Fabrice Brun, M. Buchou, Mme Buffet, M. Jean-René Cazeneuve, M. Ceccoli, M. Cormier-Bouligeon, M. Criaud, M. Croizier, Mme Corneloup, M. Daubié, M. David, M. Delautrette, Mme Delpech, Mme Dombre Coste, Mme Dubré-Chirat, M. Dufau, M. Echaniz, M. Fait, M. Fégné, M. Fugit, Mme Got, Mme Perrine Goulet, M. Guedj, Mme Herouin-Léautey, M. Houlié, M. Huyghe, M. Jacques, Mme Klinkert, M. Lauzzana, M. Lecamp, Mme Létard, Mme Le Peih, M. Liégeon, Mme Lingemann, Mme Marsaud, M. Maurel, M. Marion, M. Masséglia, M. Mattei, M. Molac, M. Mongardien, M. Naegelen, M. Oberti, M. Ott, M. Padey, Mme Pirès Beaune, M. Proença, M. Ramos, M. Ray, Mme Riotton, Mme Ronceret, Mme Rouaux, Mme Santiago, M. Saulignac, M. Sorre, M. Taite, M. Taupiac, M. Terlier, Mme Thiébault-Martinez, Mme Thomin, M. Travert, M. Vermorel-Marques, Mme Vidal, M. Jean-Pierre Vigier, M. Philippe Vigier, M. Viry, M. Vuibert et Mme Pochon",Développement durable,1ère lecture (1ère assemblée saisie),https://www.assemblee-nationale.fr/dyn/17/amendements/2632/CION-DVP/CD50,https://www.assemblee-nationale.fr/dyn/opendata/AMANR5L17PO419865B2632P0D1N000050.xml,Adopté,"Après l’alinéa 11, insérer les deux alinéas suivants : « II bis. – Après l’article L. 427‑2 du code de l’environnement, il est inséré un article L. 427‑2‑1 ainsi rédigé : « Art. L. 427‑2‑1. – Toute personne, qu’elle soit ou non en activité et quelle que soit son activité professionnelle, peut devenir lieutenant de louveterie, sous réserve de satisfaire aux conditions d’engagement fixées par voie réglementaire. »","Cet amendement, issu du travail transpartisan conduit dans le cadre de la proposition de loi visant à créer un statut pour les lieutenants de louveterie déposée le 24 juin 2025, avec l’appui des Ministères de l’Agriculture et de la Transition écologique, définit les conditions de recrutement des lieutenants de louveterie dans le cadre de la reconnaissance de leur statut de bénévole exerçant une mission de service public et d’intérêt général. En effet, dans un contexte de progression de la population de certaines espèces, notamment du loup, et de la recrudescence des dommages causés aux élevages, les interventions de régulation sont devenues un levier essentiel de protection des troupeaux. Ils sont également des acteurs majeurs face aux conséquences concernant les forêts, la sécurité routière, ou encore la biodiversité. Les lieutenants de louveterie jouent, à cet égard, un rôle central aux côtés des services de l’État, en assurant, sous l’autorité du préfet, relèvent de l’intérêt général et d’une mission de service public.Il est donc nécessaire de définir les conditions nécessaires pour garantir l’aptitude des candidats à l’exercice de ces fonctions (l’âge, la nationalité, la résidence, l’aptitude physique ou encore la compétence cynégétique…). Celles-ci seront déterminées par voie réglementaire. Il apparaît toutefois nécessaire aux rédacteurs de cet amendement d’inscrire ce renvoi à la voie réglementaire dans la loi sur le modèle de conditions de recrutement des sapeurs-pompiers volontaires tel que précisé à l’article L. 723‑3 du code de la sécurité intérieure."
CD54,,Adopté,Article 14,Première délibération,Rousset Jean-François,"  Mme Pantel, Mme Froger, M. Vallaud, M. Fesneau, M. Peu, Mme Le Feur, M. Hollande, M. Roseren, M. Potier, M. Bony, M. Philippe Brun, Mme Rossi, Mme Allemand, M. Aviragnet, Mme Battistel, M. Bazin, M. Benoit, Mme Bergantz, M. Bonnecarrère, Mme Sylvie Bonnet, Mme Bonnivard, M. Bothorel, M. Bouyx, M. Brard, M. Brigand, M. Brugerolles, Mme Brulebois, M. Fabrice Brun, M. Buchou, Mme Buffet, M. Jean-René Cazeneuve, M. Ceccoli, M. Cormier-Bouligeon, M. Criaud, M. Croizier, Mme Corneloup, M. Daubié, M. David, M. Delautrette, Mme Delpech, Mme Dombre Coste, Mme Dubré-Chirat, M. Dufau, M. Echaniz, M. Fait, M. Fégné, M. Fugit, Mme Got, Mme Perrine Goulet, M. Guedj, Mme Herouin-Léautey, M. Houlié, M. Huyghe, M. Jacques, Mme Klinkert, M. Lauzzana, M. Lecamp, Mme Létard, Mme Le Peih, M. Liégeon, Mme Lingemann, Mme Marsaud, M. Maurel, M. Marion, M. Masséglia, M. Mattei, M. Molac, M. Mongardien, M. Naegelen, M. Oberti, M. Ott, M. Padey, Mme Pirès Beaune, M. Proença, M. Ramos, M. Ray, Mme Riotton, Mme Ronceret, Mme Rouaux, Mme Santiago, M. Saulignac, M. Sorre, M. Taite, M. Taupiac, M. Terlier, Mme Thiébault-Martinez, Mme Thomin, M. Travert, M. Vermorel-Marques, Mme Vidal, M. Jean-Pierre Vigier, M. Philippe Vigier, M. Viry, M. Vuibert et Mme Pochon",Développement durable,1ère lecture (1ère assemblée saisie),https://www.assemblee-nationale.fr/dyn/17/amendements/2632/CION-DVP/CD54,https://www.assemblee-nationale.fr/dyn/opendata/AMANR5L17PO419865B2632P0D1N000054.xml,Adopté,"Après l’alinéa 11, insérer les deux alinéas suivants : « II bis – Après l’article L. 427‑2‑2 du code de l’environnement, il est inséré un article L. 427‑2‑1 ainsi rédigé :« Art. L. 427-2-1. – Les lieutenants de louveterie peuvent conclure avec leur employeur une convention définissant les modalités de leur disponibilité pour les missions ordonnées par l’autorité administrative compétente. Cette convention veille à assurer la compatibilité de cette disponibilité avec les nécessités du fonctionnement de l’entreprise ou du service public ».","Cet amendement, issu du travail transpartisan conduit dans le cadre de la proposition de loi visant à créer un statut pour les lieutenants de louveterie déposée le 24 juin 2025, avec l’appui des Ministères de l’Agriculture et de la Transition écologique, permet la conclusion d’une convention de disponibilité avec l’employeur, garantissant la compatibilité entre engagement volontaire et activité professionnelle. Certains lieutenants de louveterie exercent leurs fonctions à titre bénévole et disposent, pour la plupart, d’une activité professionnelle par ailleurs. L’accomplissement des missions ordonnées par l’autorité administrative peut dès lors se trouver en tension avec les obligations liées à leur emploi, constituant un frein pratique à l’exercice de leurs fonctions.  Ce mécanisme conventionnel, souple et adapté à chaque situation, permet d’organiser la compatibilité entre les nécessités du fonctionnement de l’entreprise ou du service public et la disponibilité requise, tout en répondant à la recommandation n° 1 du rapport de l’Inspection générale de l’environnement et du développement durable (IGEDD) qui préconisait de faciliter l’aménagement du temps de travail des louvetiers en activité.  Cette approche retient la voie de conventions conclues au cas par cas, plutôt qu’un cadre national contraignant, afin de préserver la souplesse nécessaire à l’adaptation aux réalités de chaque situation professionnelle. Au-delà de son utilité pratique, cette disposition poursuit un objectif d’attractivité de la fonction, attirant ainsi des actifs, pour faire face à la multiplication et à la diversification des missions confiées aux lieutenants de louveterie. Cette rédaction s’inspire du modèle proposé aux sapeurs-pompiers volontaires tel que précisé à l’article L. 723-11 du code de la sécurité intérieure."
CE1046,,Adopté,Article 14,Première délibération,Roseren Xavier rapporteur pour avis au nom de la commission du développement durable et de l'aménagement du territoire,"  M. Rousset, Mme Pantel, Mme Froger, M. Vallaud, M. Fesneau, M. Peu, Mme Le Feur, M. Hollande, M. Potier, M. Bony, M. Philippe Brun, Mme Rossi, Mme Allemand, M. Aviragnet, Mme Battistel, M. Bazin, M. Benoit, Mme Bergantz, M. Bonnecarrère, Mme Sylvie Bonnet, Mme Bonnivard, M. Bothorel, M. Bouyx, M. Brard, M. Brigand, M. Brugerolles, Mme Brulebois, M. Fabrice Brun, M. Buchou, Mme Buffet, M. Jean-René Cazeneuve, M. Ceccoli, M. Cormier-Bouligeon, M. Criaud, M. Croizier, Mme Corneloup, M. Daubié, M. David, M. Delautrette, Mme Delpech, Mme Dombre Coste, Mme Dubré-Chirat, M. Dufau, M. Echaniz, M. Fait, M. Fégné, M. Fugit, Mme Got, Mme Perrine Goulet, M. Guedj, Mme Herouin-Léautey, M. Houlié, M. Huyghe, M. Jacques, Mme Klinkert, M. Lauzzana, M. Lecamp, Mme Létard, Mme Le Peih, M. Liégeon, Mme Lingemann, Mme Marsaud, M. Maurel, M. Marion, M. Masséglia, M. Mattei, M. Molac, M. Mongardien, M. Naegelen, M. Oberti, M. Ott, M. Padey, Mme Pirès Beaune, M. Proença, M. Ramos, M. Ray, Mme Riotton, Mme Ronceret, Mme Rouaux, Mme Santiago, M. Saulignac, M. Sorre, M. Taite, M. Taupiac, M. Terlier, Mme Thiébault-Martinez, Mme Thomin, M. Travert, M. Vermorel-Marques, Mme Vidal, M. Jean-Pierre Vigier, M. Philippe Vigier, M. Viry, M. Vuibert et Mme Pochon",Affaires économiques,1ère lecture (1ère assemblée saisie),https://www.assemblee-nationale.fr/dyn/17/amendements/2632/CION-ECO/CE1046,https://www.assemblee-nationale.fr/dyn/opendata/AMANR5L17PO419610B2632P0D1N001046.xml,Adopté,"Après l’alinéa 11, insérer les deux alinéas suivants : « II bis – Après l’article L. 427‑2‑2 du code de l’environnement, il est inséré un article L. 427‑2‑1 ainsi rédigé :« Art. L. 427‑2-1. – Les lieutenants de louveterie peuvent conclure avec leur employeur une convention définissant les modalités de leur disponibilité pour les missions ordonnées par l’autorité administrative compétente. Cette convention veille à assurer la compatibilité de cette disponibilité avec les nécessités du fonctionnement de l’entreprise ou du service public ».","Cet amendement, issu du travail transpartisan conduit dans le cadre de la proposition de loi visant à créer un statut pour les lieutenants de louveterie déposée le 24 juin 2025, avec l’appui des Ministères de l’Agriculture et de la Transition écologique, permet la conclusion d’une convention de disponibilité avec l’employeur, garantissant la compatibilité entre engagement volontaire et activité professionnelle.Certains lieutenants de louveterie exercent leurs fonctions à titre bénévole et disposent, pour la plupart, d’une activité professionnelle par ailleurs. L’accomplissement des missions ordonnées par l’autorité administrative peut dès lors se trouver en tension avec les obligations liées à leur emploi, constituant un frein pratique à l’exercice de leurs fonctions. Ce mécanisme conventionnel, souple et adapté à chaque situation, permet d’organiser la compatibilité entre les nécessités du fonctionnement de l’entreprise ou du service public et la disponibilité requise, tout en répondant à la recommandation n° 1 du rapport de l’Inspection générale de l’environnement et du développement durable (IGEDD) qui préconisait de faciliter l’aménagement du temps de travail des louvetiers en activité. Cette approche retient la voie de conventions conclues au cas par cas, plutôt qu’un cadre national contraignant, afin de préserver la souplesse nécessaire à l’adaptation aux réalités de chaque situation professionnelle.Au-delà de son utilité pratique, cette disposition poursuit un objectif d’attractivité de la fonction, attirant ainsi des actifs, pour faire face à la multiplication et à la diversification des missions confiées aux lieutenants de louveterie.Cette rédaction s’inspire du modèle proposé aux sapeurs-pompiers volontaires tel que précisé à l’article L. 723‑11 du code de la sécurité intérieure."
CD261,,Rejeté,Article 14,Première délibération,Blairy Emmanuel,"  Mme Bouquin, M. Dutremble, M. Evrard, M. Guibert, M. Houssin, M. Humbert, Mme Lechanteux, M. David Magnier, M. Marchio, M. Markowsky, M. Meurin, Mme Roullaud, Mme Sabatini et M. Schreck",Développement durable,1ère lecture (1ère assemblée saisie),https://www.assemblee-nationale.fr/dyn/17/amendements/2632/CION-DVP/CD261,https://www.assemblee-nationale.fr/dyn/opendata/AMANR5L17PO419865B2632P0D1N000261.xml,Rejeté,"Après l’alinéa 11, insérer les deux alinéas suivants : « II bis. – L’article L. 427‑1 du code de l’environnement est complété par un alinéa ainsi rédigé :« En cas de prédation du loup caractérisée ou de danger imminent pour la sécurité des troupeaux ou des personnes, les lieutenants de louveterie peuvent être requis directement par les maires. Les agents informent le représentant de l’État dans le département des actions engagées. »","Cet amendement vise à renforcer la réactivité des pouvoirs publics locaux face aux attaques de loups, en autorisant les maires à requérir directement l’intervention des lieutenants de louveterie, en cas de danger imminent. Ces derniers rendront naturellement compte de leurs actions au représentant de l’État dans le département, garant du cadre légal.Le loup représente aujourd’hui une contrainte directe à l’exercice du métier d’agriculteur et d’éleveur, particulièrement dans les zones de montagne, de plaine ou de reconquête rurale. Malgré les dispositifs actuels, la prolifération de cette espèce entraîne des prédations à répétition, un climat de tension sur le terrain et un profond découragement chez les éleveurs.Dans ce contexte, les lieutenants de louveterie, créés sous Charlemagne et reconnus comme officiers bénévoles assermentés spécialisés dans la régulation des espèces, constituent un maillon indispensable de la chaîne de protection des territoires agricoles. Leur connaissance fine du terrain, leur neutralité et leur compétence cynégétique en font des relais de proximité efficaces face à des situations d’urgence.Cet amendement permet de rappeler de la nécessité d’engager une réflexion afin de mieux prendre en charge les frais inhérents à la fonction de lieutenant de louveterie (travaux de la mission parlementaire de la commission du développement durable et de l’aménagement du territoire sur la conciliation des usages de la nature et de la protection de la biodiversité, remise à ladite commission en mars 2025. La proposition n° 10 propose d’étudier la possibilité de mieux prendre en charge les frais inhérents à la fonction de lieutenant de louveterie)."
CE1041,,Adopté,Article 14,Première délibération,Roseren Xavier rapporteur pour avis au nom de la commission du développement durable et de l'aménagement du territoire,,Affaires économiques,1ère lecture (1ère assemblée saisie),https://www.assemblee-nationale.fr/dyn/17/amendements/2632/CION-ECO/CE1041,https://www.assemblee-nationale.fr/dyn/opendata/AMANR5L17PO419610B2632P0D1N001041.xml,Adopté,"Après l’alinéa 11, insérer les quatre alinéas suivants :« II bis. – Après l’article L. 427‑1, il est inséré un article L. 427‑1‑1 ainsi rédigé :« Art. L. 427‑1‑1. – Par dérogation aux dispositions mentionnées à l’article L. 123‑19‑1, les actes administratifs pris par le représentant de l’État dans le département sont dispensés de consultation préalable du public lorsqu’ils visent à autoriser l’intervention des lieutenants de louveterie, dès lors qu’elle vise à répondre à une situation d’urgence ou à prévenir des dommages graves causés aux activités agricoles ou forestières.« En application de l’alinéa précédent, un arrêté du représentant de l’État dans le département peut définir, pour une durée ne pouvant excéder une année civile, les conditions, communes et modalités d’intervention des lieutenants de louveterie.« Les autorisations prises par le représentant de l’État dans le département sur le fondement du présent article sont publiées sur le site internet de la préfecture. » »",Objet : dispenser de consultation préalable du public les autorisations d’intervention des louvetiers délivrées par les préfets. Cet amendement vise à dispenser de consultation du public préalable les arrêtés pris par les préfets pour autoriser l’intervention des lieutenants de louveterie. Cet amendement vise à rendre les procédures administratives plus rapides afin de les rendre plus efficaces pour les éleveurs. Cette dispense est strictement encadrée : Le préfet devra justifier une situation d'urgence ou de dommages graves causés aux activités agricoles ou forestières ; L'arrêté ne pourra pas durer plus d'une année civile et sera circonscrit aux communes particulièrement exposées et sur lesquelles ont été constatés des dommages.
CD573,,Adopté,Article 14,Première délibération,Roseren Xavier rapporteur,,Développement durable,1ère lecture (1ère assemblée saisie),https://www.assemblee-nationale.fr/dyn/17/amendements/2632/CION-DVP/CD573,https://www.assemblee-nationale.fr/dyn/opendata/AMANR5L17PO419865B2632P0D1N000573.xml,Adopté,"Après l’alinéa 11, insérer les quatre alinéas suivants :« III bis. – Après l’article L. 427‑1, il est inséré un article L. 427‑1‑1 ainsi rédigé :« Art. L. 427‑1-1. – Par dérogation aux dispositions mentionnées à l’article L. 123‑19‑1, les actes administratifs pris par le représentant de l’État dans le département sont dispensés de consultation préalable du public lorsqu’ils visent à autoriser l’intervention des lieutenants de louveterie, dès lors qu’elle vise à répondre à une situation d’urgence ou à prévenir des dommages graves causés aux activités agricoles ou forestières.« En application de l’alinéa précédent, un arrêté du représentant de l’État dans le département peut définir, pour une durée ne pouvant excéder une année civile, les conditions, communes et modalités d’intervention des lieutenants de louveterie.« Les autorisations prises par le représentant de l’État dans le département sur le fondement du présent article sont publiées sur le site internet de la préfecture. » »",Objet : dispenser de consultation préalable du public les autorisations d’intervention des louvetiers délivrées par les préfets. Cet amendement vise à dispenser de consultation du public préalable les arrêtés pris par les préfets pour autoriser l’intervention des lieutenants de louveterie. Cet amendement vise à rendre les procédures administratives plus rapides afin de les rendre plus efficaces pour les éleveurs. Cette dispense est strictement encadrée : Le préfet devra justifier une situation d'urgence ou de dommages graves causés aux activités agricoles ou forestières ; L'arrêté ne pourra pas durer plus d'une année civile et sera circonscrit aux communes particulièrement exposées et sur lesquelles ont été constatés des dommages.
1690,,Non renseigné,Article 14,Première délibération,Valentin Antoine,,Séance publique,1ère lecture (1ère assemblée saisie),https://www.assemblee-nationale.fr/dyn/17/amendements/2765/AN/1690,https://www.assemblee-nationale.fr/dyn/opendata/AMANR5L17PO838901BTC2765P0D1N001690.xml,Non renseigné,"Après l’alinéa 11, insérer les quatre alinéas suivants : « Lorsqu’un même troupeau a subi deux attaques avérées attribuables au loup dans un délai de douze mois consécutifs et que les mesures de protection prévues par l’arrêté ministériel mentionné au présent I bis ont été mises en œuvre, le préfet du département concerné est tenu d’ordonner un tir d’élimination du ou des spécimens responsables dans un délai de sept jours à compter du constat de la troisième attaque. L’éleveur est informé sans délai de la décision préfectorale.« Les tirs d’élimination réalisés en application de l’alinéa précédent sont imputés au plafond national de prélèvements fixé par le ministre chargé de l’agriculture. Lorsque ce plafond est atteint, ils sont autorisés à titre dérogatoire conformément à l’article L. 411‑2 et sans que le plafond puisse constituer un motif de refus opposable à l’éleveur ayant mis en œuvre les mesures de protection prescrites.« Les bovins et les équins, dont l’impossibilité de mise en œuvre de moyens de protection efficaces est dûment constatée, bénéficient de la procédure d’élimination prévue au présent article dès la première attaque avérée.« L’évaluation des incidences de ces mesures sur l’état de conservation du loup s’apprécie au niveau national conformément à l’article L. 411‑1. »","L'article 14 du projet de loi pose un cadre législatif de gestion du loup que le présentamendement entend approfondir sur deux points.En premier lieu, la répétition des attaques sur un même troupeau malgré la mise en œuvre desmesures de protection prescrites caractérise l'échec des dispositifs préventifs. Maintenir unesimple faculté de tir dans cette situation revient à imposer à l'éleveur de subir des attaques ensérie sans garantie d'intervention effective. Le présent amendement transforme cette facultéen obligation dès la deuxième attaque sur douze mois, avec un délai de sept jours encadrant ladécision préfectorale.En second lieu, les bovins et équins ne disposent structurellement d'aucun moyen deprotection efficace : les chiens de protection et les parcs de regroupement nocturne sontinopérants pour ces espèces. Le présent amendement tire les conséquences logiques de cetteréalité opérationnelle en autorisant les tirs d'élimination dès la première attaque avérée pources espèces. L'ensemble de ces dispositions s'inscrit dans le cadre jurisprudentielcommunautaire, l'évaluation de l'état de conservation du loup continuant de s'apprécier àl'échelle nationale conformément à l'article L. 411-1 du code de l'environnement."
CD293,,Rejeté,Article 14,Première délibération,Dutremble Aurélien,"  M. Blairy, Mme Bouquin, M. Evrard, M. Guibert, M. Houssin, M. Humbert, Mme Lechanteux, M. David Magnier, M. Marchio, M. Markowsky, M. Meurin, Mme Roullaud, Mme Sabatini, M. Schreck et M. Tivoli",Développement durable,1ère lecture (1ère assemblée saisie),https://www.assemblee-nationale.fr/dyn/17/amendements/2632/CION-DVP/CD293,https://www.assemblee-nationale.fr/dyn/opendata/AMANR5L17PO419865B2632P0D1N000293.xml,Rejeté,"Après l’alinéa 11, insérer les trois alinéas suivants : « II bis. – Après l’article L. 411‑2 du code de l’environnement, il est inséré un article L. 411‑2‑1 A ainsi rédigé :« Art. L. 411‑2‑1 A. – La protection des activités d’élevage constitue un objectif d’intérêt général majeur.« Dans les territoires exposés à la prédation, la gestion des espèces prédatrices, notamment le loup (Canis lupus), s’exerce en tenant compte prioritairement de la préservation des troupeaux, de la viabilité économique des exploitations agricoles et de la sécurité des éleveurs. » »","Le présent amendement vise à consacrer dans la loi la primauté de l’activité d’élevage face à la prédation du loup.Alors que le projet de loi reconnaît la nécessité de renforcer la défense des troupeaux, il ne fixe pas de hiérarchie claire entre la protection des espèces et la sauvegarde des activités agricoles.Dans un contexte d’augmentation continue des attaques, il est indispensable d’affirmer que la pérennité de l’élevage constitue un objectif d’intérêt général majeur, devant guider l’ensemble des décisions administratives."
CE1047,,Adopté,Article 14,Première délibération,Roseren Xavier rapporteur pour avis au nom de la commission du développement durable et de l'aménagement du territoire,"  Mme Pantel, M. Rousset, Mme Froger, M. Vallaud, M. Fesneau, M. Peu, Mme Le Feur, M. Hollande, M. Potier, M. Bony, M. Philippe Brun, Mme Rossi, Mme Allemand, M. Aviragnet, Mme Battistel, M. Bazin, M. Benoit, Mme Bergantz, M. Bonnecarrère, Mme Sylvie Bonnet, Mme Bonnivard, M. Bothorel, M. Bouyx, M. Brard, M. Brugerolles, Mme Brulebois, M. Fabrice Brun, M. Buchou, Mme Buffet, M. Jean-René Cazeneuve, M. Ceccoli, M. Cormier-Bouligeon, M. Criaud, M. Croizier, Mme Corneloup, M. Daubié, M. David, M. Delautrette, Mme Delpech, Mme Dombre Coste, Mme Dubré-Chirat, M. Echaniz, M. Fait, M. Fégné, M. Fugit, Mme Got, Mme Perrine Goulet, M. Guedj, Mme Herouin-Léautey, M. Houlié, M. Jacques, Mme Klinkert, M. Lauzzana, M. Lecamp, Mme Létard, Mme Le Peih, M. Liégeon, Mme Lingemann, Mme Marsaud, M. Maurel, M. Marion, M. Masséglia, M. Mattei, M. Molac, M. Mongardien, M. Naegelen, M. Oberti, M. Ott, M. Padey, Mme Pirès Beaune, M. Proença, M. Ramos, M. Ray, Mme Riotton, Mme Ronceret, Mme Rouaux, Mme Santiago, M. Saulignac, M. Sorre, M. Taite, M. Taupiac, M. Terlier, Mme Thiébault-Martinez, Mme Thomin, M. Travert, M. Vermorel-Marques, Mme Vidal, M. Jean-Pierre Vigier, M. Philippe Vigier, M. Viry et M. Vuibert",Affaires économiques,1ère lecture (1ère assemblée saisie),https://www.assemblee-nationale.fr/dyn/17/amendements/2632/CION-ECO/CE1047,https://www.assemblee-nationale.fr/dyn/opendata/AMANR5L17PO419610B2632P0D1N001047.xml,Adopté,"Après l’alinéa 11, insérer les trois alinéas suivants :« II bis. – Après l’article L. 427‑2 du même code, il est inséré un article L. 427‑2‑1 ainsi rédigé :« Art. L. 427‑2‑1. – Par dérogation à l’article L. 312‑2‑1 du code de la sécurité intérieure, l’association nationale des lieutenants de louveterie et les associations régionales et départementales des lieutenants de louveterie sont autorisées à acquérir et à détenir des armes à feu, des munitions et de leurs éléments relevant de la catégorie C en vue de leur remise aux lieutenants de louveterie pour l’exercice de leurs fonctions et de leurs missions de gestion ou de régulation de la faune sauvage ordonnées par les préfets de département.« Les modalités d’application du présent article sont fixées par arrêté conjoint du ministre de l’intérieur et du ministre chargé de la chasse. ». »","Cet amendement permet de sécuriser juridiquement les lieutenants de louveterie en précisant le code de la Sécurité intérieure. Il est issu du travail transpartisan conduit dans le cadre de la proposition de loi visant à créer un statut pour les lieutenants de louveterie déposée le 24 juin 2025, avec l’appui des Ministères de l’Agriculture et de la Transition écologiqueAujourd’hui, le cadre juridique actuel ne permet pas aux associations de lieutenants de louveterie de détenir et de mutualiser des armes et équipements de catégorie C, en raison des restrictions prévues par le code de la sécurité intérieure. Cette situation limite les possibilités d’organisation collective, crée des inégalités d’accès aux moyens matériels et peut nuire à l’efficacité des interventions.Le présent amendement propose ainsi d’introduire une dérogation encadrée permettant à ces associations d’acquérir et de détenir ce type d’équipements, exclusivement en vue de leur mise à disposition des lieutenants de louveterie dans le cadre de missions ordonnées par l’autorité administrative. Cette faculté est strictement limitée à l’exercice de missions de service public de régulation et s’inscrit dans un cadre contrôlé par l’État.Le renvoi à un arrêté conjoint des ministres compétents permettra de définir précisément les conditions d’acquisition, de détention, de mise à disposition et de contrôle de ces équipements, garantissant ainsi un équilibre entre impératif de sécurité publique et efficacité opérationnelle."
CD3,,Adopté,Article 14,Première délibération,Pantel Sophie,"  M. Rousset, Mme Froger, M. Vallaud, M. Fesneau, M. Peu, Mme Le Feur, M. Hollande, M. Potier, M. Bony, M. Philippe Brun, Mme Rossi, Mme Allemand, M. Aviragnet, Mme Battistel, M. Bazin, M. Benoit, Mme Bergantz, M. Bonnecarrère, Mme Sylvie Bonnet, Mme Bonnivard, M. Bothorel, M. Bouyx, M. Brard, M. Brugerolles, Mme Brulebois, M. Fabrice Brun, M. Buchou, Mme Buffet, M. Jean-René Cazeneuve, M. Ceccoli, M. Cormier-Bouligeon, M. Criaud, M. Croizier, Mme Corneloup, M. Daubié, M. David, M. Delautrette, Mme Delpech, Mme Dombre Coste, Mme Dubré-Chirat, M. Echaniz, M. Fait, M. Fégné, M. Fugit, Mme Got, Mme Perrine Goulet, M. Guedj, Mme Herouin-Léautey, M. Houlié, M. Jacques, Mme Klinkert, M. Lauzzana, M. Lecamp, Mme Létard, Mme Le Peih, M. Liégeon, Mme Lingemann, Mme Marsaud, M. Maurel, M. Marion, M. Masséglia, M. Mattei, M. Molac, M. Mongardien, M. Naegelen, M. Oberti, M. Ott, M. Padey, Mme Pirès Beaune, M. Proença, M. Ramos, M. Ray, Mme Riotton, Mme Ronceret, M. Roseren, Mme Rouaux, Mme Santiago, M. Saulignac, M. Sorre, M. Taite, M. Taupiac, M. Terlier, Mme Thiébault-Martinez, Mme Thomin, M. Travert, M. Vermorel-Marques, Mme Vidal, M. Jean-Pierre Vigier, M. Philippe Vigier, M. Viry et M. Vuibert",Développement durable,1ère lecture (1ère assemblée saisie),https://www.assemblee-nationale.fr/dyn/17/amendements/2632/CION-DVP/CD3,https://www.assemblee-nationale.fr/dyn/opendata/AMANR5L17PO419865B2632P0D1N000003.xml,Adopté,"Après l’alinéa 11, insérer les trois alinéas suivants :« II bis. – Après l’article L. 427‑2 du même code, il est inséré un article L. 427‑2‑1 ainsi rédigé :« « Art. L. 427‑2‑1. – Par dérogation à l’article L. 312‑2‑1 du code de la sécurité intérieure, l’association nationale des lieutenants de louveterie et les associations régionales et départementales des lieutenants de louveterie sont autorisées à acquérir et à détenir des armes à feu, des munitions et de leurs éléments relevant de la catégorie C en vue de leur remise aux lieutenants de louveterie pour l’exercice de leurs fonctions et de leurs missions de gestion ou de régulation de la faune sauvage ordonnées par les préfets de département.« « Les modalités d’application du présent article sont fixées par arrêté conjoint du ministre de l’intérieur et du ministre chargé de la chasse. ». »","Cet amendement permet de sécuriser juridiquement les lieutenants de louveterie en précisant le code de la Sécurité intérieure. Il est issu du travail transpartisan conduit dans le cadre de la proposition de loi visant à créer un statut pour les lieutenants de louveterie déposée le 24 juin 2025, avec l’appui des Ministères de l’Agriculture et de la Transition écologiqueAujourd’hui, le cadre juridique actuel ne permet pas aux associations de lieutenants de louveterie de détenir et de mutualiser des armes et équipements de catégorie C, en raison des restrictions prévues par le code de la sécurité intérieure. Cette situation limite les possibilités d’organisation collective, crée des inégalités d’accès aux moyens matériels et peut nuire à l’efficacité des interventions.Le présent amendement propose ainsi d’introduire une dérogation encadrée permettant à ces associations d’acquérir et de détenir ce type d’équipements, exclusivement en vue de leur mise à disposition des lieutenants de louveterie dans le cadre de missions ordonnées par l’autorité administrative. Cette faculté est strictement limitée à l’exercice de missions de service public de régulation et s’inscrit dans un cadre contrôlé par l’État.Le renvoi à un arrêté conjoint des ministres compétents permettra de définir précisément les conditions d’acquisition, de détention, de mise à disposition et de contrôle de ces équipements, garantissant ainsi un équilibre entre impératif de sécurité publique et efficacité opérationnelle."
CE1043,,Adopté,Article 14,Première délibération,Roseren Xavier rapporteur pour avis au nom de la commission du développement durable et de l'aménagement du territoire,"  Mme Pantel, M. Rousset, Mme Froger, M. Vallaud, M. Fesneau, M. Peu, Mme Le Feur, M. Hollande, M. Potier, M. Bony, M. Philippe Brun, Mme Rossi, Mme Allemand, M. Aviragnet, Mme Battistel, M. Bazin, M. Benoit, Mme Bergantz, M. Bonnecarrère, Mme Sylvie Bonnet, Mme Bonnivard, M. Bothorel, M. Bouyx, M. Brard, M. Brugerolles, Mme Brulebois, M. Fabrice Brun, M. Buchou, Mme Buffet, M. Jean-René Cazeneuve, M. Ceccoli, M. Cormier-Bouligeon, M. Criaud, M. Croizier, Mme Corneloup, M. Daubié, M. David, M. Delautrette, Mme Delpech, Mme Dombre Coste, Mme Dubré-Chirat, M. Dufau, M. Echaniz, M. Fait, M. Fégné, M. Fugit, Mme Got, Mme Perrine Goulet, M. Guedj, Mme Herouin-Léautey, M. Houlié, M. Jacques, Mme Klinkert, M. Lauzzana, M. Lecamp, Mme Létard, Mme Le Peih, M. Liégeon, Mme Lingemann, Mme Marsaud, M. Maurel, M. Marion, M. Masséglia, M. Mattei, M. Molac, M. Mongardien, M. Naegelen, M. Oberti, M. Ott, M. Padey, Mme Pirès Beaune, M. Proença, M. Ramos, M. Ray, Mme Riotton, Mme Ronceret, Mme Rouaux, Mme Santiago, M. Saulignac, M. Sorre, M. Taite, M. Taupiac, M. Terlier, Mme Thiébault-Martinez, Mme Thomin, M. Travert, M. Vermorel-Marques, Mme Vidal, M. Jean-Pierre Vigier, M. Philippe Vigier, M. Viry et M. Vuibert",Affaires économiques,1ère lecture (1ère assemblée saisie),https://www.assemblee-nationale.fr/dyn/17/amendements/2632/CION-ECO/CE1043,https://www.assemblee-nationale.fr/dyn/opendata/AMANR5L17PO419610B2632P0D1N001043.xml,Adopté,"Après l’alinéa 11, insérer les trois alinéas suivants :« II bis. – L’article L. 427‑1 du même code est ainsi rédigé :« « Art. L. 427‑1. – L’activité de lieutenant de louveterie repose sur le bénévolat. Elle n’est pas exercée à titre professionnel mais dans les conditions fixées par les articles L. 427‑1 à L. 427‑2‑7 du présent code et par les textes pris pour l’application de ces dispositions.« « Les lieutenants de louveterie sont nommés par l’autorité administrative et concourent sous son contrôle à la destruction des animaux mentionnés aux articles L. 427‑6 et L. 427‑8 ou ponctuellement aux opérations de régulation des animaux qu’elle a ordonnées. Les lieutenants de louveterie sont assermentés au titre de la police de la chasse, et sont de fait des agents dépositaires d’une mission de service publique de police. Ils sont consultés, en tant que de besoin, par l’autorité compétente, sur les problèmes posés par la gestion de la faune sauvage. ». »","Cet amendement, issu du travail transpartisan conduit dans le cadre de la proposition de loi visant à créer un statut pour les lieutenants de louveterie déposée le 24 juin 2025, avec l'appui des Ministères de l'Agriculture et de la Transition écologique, vise à consacrer dans la loi le statut et les missions des lieutenants de louveterie lorsqu’ils interviennent pour le compte de l’État, en les adaptant aux enjeux actuels de gestion de la faune sauvage, et en particulier à la montée des phénomènes de prédation.Dans un contexte de progression de la population de certaines espèces, notamment du loup, et de recrudescence des dommages causés aux élevages, les interventions de régulation sont devenues un levier essentiel de protection des troupeaux. À cet égard, les lieutenants de louveterie jouent un rôle central aux côtés des services de l’État, en assurant, sous l’autorité du préfet, des missions de régulation indispensables à la protection des troupeaux. Les louvetiers interviennent également pour la sécurité sur les routes, ou encore en zones urbaines pour prévenir des risques sanitaires liés à certaines espèces. Leur engagement s’inscrit dans un contexte de transformation des équilibres agro-sylvo-cynégétiques, marqué par une diminution du nombre de chasseurs et une augmentation des sollicitations des services de l’État. Face à ces évolutions, leurs missions se sont intensifiées, tant en fréquence qu’en technicité, sans que leur statut n’ait été pleinement adapté.Le présent amendement propose ainsi de reconnaître dans la loi le caractère bénévole de leur engagement, aujourd’hui prévu uniquement par voie réglementaire, tout en rappelant qu’ils concourent, sous le contrôle de l’autorité administrative, à une mission de service public et d'interêt général. Il précise également leur rôle dans la mise en œuvre des opérations de régulation et leur contribution à l’expertise territoriale en matière de gestion de la faune sauvage. De cette manière, cet amendement souhaite répondre aux enjeux d'attractivité de ces missions indispensables face à la hausse des besoins. En consacrant dans la loi des pratiques déjà existantes, notamment leur rattachement à l’autorité préfectorale, leur rôle opérationnel et leur participation aux politiques de régulation, cet amendement vise donc à renforcer la lisibilité et l’efficacité des dispositifs, notamment de lutte contre la prédation. Il permet également une pratique harmonisée niveau national."
CD10,,Adopté,Article 14,Première délibération,Pantel Sophie,"  M. Rousset, Mme Froger, M. Vallaud, M. Fesneau, M. Peu, Mme Le Feur, M. Hollande, M. Potier, M. Bony, M. Philippe Brun, Mme Rossi, Mme Allemand, M. Aviragnet, Mme Battistel, M. Bazin, M. Benoit, Mme Bergantz, M. Bonnecarrère, Mme Sylvie Bonnet, Mme Bonnivard, M. Bothorel, M. Bouyx, M. Brard, M. Brugerolles, Mme Brulebois, M. Fabrice Brun, M. Buchou, Mme Buffet, M. Jean-René Cazeneuve, M. Ceccoli, M. Cormier-Bouligeon, M. Criaud, M. Croizier, Mme Corneloup, M. Daubié, M. David, M. Delautrette, Mme Delpech, Mme Dombre Coste, Mme Dubré-Chirat, M. Dufau, M. Echaniz, M. Fait, M. Fégné, M. Fugit, Mme Got, Mme Perrine Goulet, M. Guedj, Mme Herouin-Léautey, M. Houlié, M. Jacques, Mme Klinkert, M. Lauzzana, M. Lecamp, Mme Létard, Mme Le Peih, M. Liégeon, Mme Lingemann, Mme Marsaud, M. Maurel, M. Marion, M. Masséglia, M. Mattei, M. Molac, M. Mongardien, M. Naegelen, M. Oberti, M. Ott, M. Padey, Mme Pirès Beaune, M. Proença, M. Ramos, M. Ray, Mme Riotton, Mme Ronceret, M. Roseren, Mme Rouaux, Mme Santiago, M. Saulignac, M. Sorre, M. Taite, M. Taupiac, M. Terlier, Mme Thiébault-Martinez, Mme Thomin, M. Travert, M. Vermorel-Marques, Mme Vidal, M. Jean-Pierre Vigier, M. Philippe Vigier, M. Viry et M. Vuibert",Développement durable,1ère lecture (1ère assemblée saisie),https://www.assemblee-nationale.fr/dyn/17/amendements/2632/CION-DVP/CD10,https://www.assemblee-nationale.fr/dyn/opendata/AMANR5L17PO419865B2632P0D1N000010.xml,Adopté,"Après l’alinéa 11, insérer les trois alinéas suivants :« II bis. – L’article L. 427‑1 du même code est ainsi rédigé :« « Art. L. 427‑1. – L’activité de lieutenant de louveterie repose sur le bénévolat. Elle n’est pas exercée à titre professionnel mais dans les conditions fixées par les articles L. 427‑1 à L. 427‑2‑7 du présent code et par les textes pris pour l’application de ces dispositions.« « Les lieutenants de louveterie sont nommés par l’autorité administrative et concourent sous son contrôle à la destruction des animaux mentionnés aux articles L. 427‑6 et L. 427‑8 ou ponctuellement aux opérations de régulation des animaux qu’elle a ordonnées. Les lieutenants de louveterie sont assermentés au titre de la police de la chasse, et sont de fait des agents dépositaires d’une mission de service publique de police. Ils sont consultés, en tant que de besoin, par l’autorité compétente, sur les problèmes posés par la gestion de la faune sauvage. ». »","Cet amendement, issu du travail transpartisan conduit dans le cadre de la proposition de loi visant à créer un statut pour les lieutenants de louveterie déposée le 24 juin 2025, avec l'appui des Ministères de l'Agriculture et de la Transition écologique, vise à consacrer dans la loi le statut et les missions des lieutenants de louveterie lorsqu’ils interviennent pour le compte de l’État, en les adaptant aux enjeux actuels de gestion de la faune sauvage, et en particulier à la montée des phénomènes de prédation.Dans un contexte de progression de la population de certaines espèces, notamment du loup, et de recrudescence des dommages causés aux élevages, les interventions de régulation sont devenues un levier essentiel de protection des troupeaux. À cet égard, les lieutenants de louveterie jouent un rôle central aux côtés des services de l’État, en assurant, sous l’autorité du préfet, des missions de régulation indispensables à la protection des troupeaux. Les louvetiers interviennent également pour la sécurité sur les routes, ou encore en zones urbaines pour prévenir des risques sanitaires liés à certaines espèces. Leur engagement s’inscrit dans un contexte de transformation des équilibres agro-sylvo-cynégétiques, marqué par une diminution du nombre de chasseurs et une augmentation des sollicitations des services de l’État. Face à ces évolutions, leurs missions se sont intensifiées, tant en fréquence qu’en technicité, sans que leur statut n’ait été pleinement adapté.Le présent amendement propose ainsi de reconnaître dans la loi le caractère bénévole de leur engagement, aujourd’hui prévu uniquement par voie réglementaire, tout en rappelant qu’ils concourent, sous le contrôle de l’autorité administrative, à une mission de service public et d'interêt général. Il précise également leur rôle dans la mise en œuvre des opérations de régulation et leur contribution à l’expertise territoriale en matière de gestion de la faune sauvage. De cette manière, cet amendement souhaite répondre aux enjeux d'attractivité de ces missions indispensables face à la hausse des besoins. En consacrant dans la loi des pratiques déjà existantes, notamment leur rattachement à l’autorité préfectorale, leur rôle opérationnel et leur participation aux politiques de régulation, cet amendement vise donc à renforcer la lisibilité et l’efficacité des dispositifs, notamment de lutte contre la prédation. Il permet également une pratique harmonisée niveau national."
CE1042,,Adopté,Article 14,Première délibération,Roseren Xavier rapporteur pour avis au nom de la commission du développement durable et de l'aménagement du territoire,,Affaires économiques,1ère lecture (1ère assemblée saisie),https://www.assemblee-nationale.fr/dyn/17/amendements/2632/CION-ECO/CE1042,https://www.assemblee-nationale.fr/dyn/opendata/AMANR5L17PO419610B2632P0D1N001042.xml,Adopté,"Après l’alinéa 14, insérer l’alinéa suivant : « III bis. – Les tirs d’effarouchement et de défense ne peuvent être interdits dans les espaces protégés mentionnés aux articles L. 331‑1, L. 332‑1 et L. 341‑1 du code de l’environnement, à l’exception des cœurs de parcs nationaux définis à l’article L. 331‑2 du même code. »","Cet amendement vise à remédier à l’inégalité à laquelle sont confrontés les éleveurs situés dans les Réserves naturelles et Parcs nationaux, en prévoyant d’autoriser les tirs d’effarouchement et de défense. L’amendement exclut cependant les cœurs de parcs nationaux, dont la réglementation peut interdire totalement la chasse et la destruction d’espèces."
CD572,,Rejeté,Article 14,Première délibération,Roseren Xavier rapporteur,,Développement durable,1ère lecture (1ère assemblée saisie),https://www.assemblee-nationale.fr/dyn/17/amendements/2632/CION-DVP/CD572,https://www.assemblee-nationale.fr/dyn/opendata/AMANR5L17PO419865B2632P0D1N000572.xml,Rejeté,"Après l’alinéa 14, insérer les trois alinéas suivants :« 3° Après le neuvième alinéa, sont insérés deux alinéas ainsi rédigés : « Aux seules fins de protection des personnes et des élevages, le représentant de l’État dans le département peut autoriser, pour une durée ne pouvant excéder trente jours, des lieutenants de louveterie à procéder à la destruction de chiens en état de divagation ayant causé des dommages graves aux troupeaux ou étant susceptibles d’en causer lorsque des circonstances de temps et de lieu le justifient et qu’aucune autre mesure de capture ne peut être mise en œuvre dans un délai raisonnable.« La destruction d’un chien errant fait l’objet d’une déclaration immédiate auprès du représentant de l’État dans le département. » »","Cet amendement vise à autoriser les lieutenants de louveterie à défendre les troupeaux contre les chiens errants en cas de dommages graves dus à la pression de prédation qu’ils entraînent sur les troupeaux. Cette autorisation ne peut excéder trente jours, et ne peut intervenir que lorsque leur capture est impossible. C’est un amendement d’équilibre qui vise à défendre les éleveurs qui subissent les mêmes dommages que les attaques de loup, mais qui ne peuvent pas se défendre car les lieutenants de louveterie ne peuvent intervenir en présence de chiens errants."
1578,,Non renseigné,Article 14,Première délibération,Rousseau Sandrine,"  Mme Pochon, Mme Voynet, M. Biteau, M. Amirshahi, Mme Arrighi, Mme Autain, Mme Balage El Mariky, Mme Belluco, M. Ben Cheikh, M. Arnaud Bonnet, M. Nicolas Bonnet, Mme Chatelain, M. Corbière, M. Davi, M. Duplessy, M. Fournier, Mme Garin, M. Damien Girard, M. Gustave, Mme Catherine Hervieu, M. Iordanoff, Mme Laernoes, M. Lahais, M. Lucas-Lundy, Mme Ozenne, M. Peytavie, M. Raux, Mme Regol, M. Roumégas, M. Ruffin, Mme Sas, Mme Sebaihi, Mme Simonnet, Mme Taillé-Polian, M. Tavernier et M. Thierry",Séance publique,1ère lecture (1ère assemblée saisie),https://www.assemblee-nationale.fr/dyn/17/amendements/2765/AN/1578,https://www.assemblee-nationale.fr/dyn/opendata/AMANR5L17PO838901BTC2765P0D1N001578.xml,Non renseigné,"Après l’alinéa 15, insérer les deux alinéas suivants :« b bis) Le b du 4° est complété par un alinéa ainsi rédigé :« Les tirs de défense ne peuvent être autorisés qu’après justification de la mise en œuvre effective d’au moins deux mesures de protection adaptées au troupeau et à l’exploitation dont la liste et les conditions de mise en œuvre sont fixées par décret en Conseil d’État, sauf impossibilité technique objectivement démontrée et constatée par l’autorité administrative. Elle fait l’objet d’une décision motivée de l’autorité administrative compétente, rendue publique de manière à garantir l’exercice effectif des voies de recours. »","Cet amendement du groupe Écologiste et Social vise à garantir qu’au moins deux mesures de protection non létales destinées à réduire la vulnérabilité des troupeaux équins et bovins soient systématiquement mises en œuvre par les éleveurs préalablement à toute dérogation autorisant des tirs. Les données scientifiques issues des territoires historiquement les plus concernés par la présence du loup démontrent que les mesures de protection non létales sont les plus efficaces pour protéger les troupeaux. Dans les zones où la présence de l’espèce est ancienne et où des dispositifs de protection ont été déployés – chiens de protection, clôtures, gardiennage – la prédation a diminué malgré l’augmentation de la population lupine. À l’inverse, les dommages sont les plus importants dans les territoires nouvellement occupés, où les troupeaux demeurent insuffisamment protégés. Les chiffres de l’État confirment ce constat. Entre 2017 et 2025, alors que la population du loup a été multipliée par trois pour atteindre plus de 1 000 individus, le nombre de victimes animales est demeuré stable, autour de 12 000 par an. L’étude d’impact du projet de loi indique elle-même que cette stabilité s’explique par « le déploiement massif de mesures de protection encouragées et financées par l’État ». À l’inverse, malgré le relèvement constant des seuils d’autorisation de tirs, la prédation ne baisse pas. Les scientifiques et experts de la question s’accordent sur l’inefficacité des tirs de prélèvement pour lutter durablement contre les attaques. L’étude d’impact rappelle en outre que les tirs peuvent entraîner une déstructuration des meutes, favoriser la multiplication des attaques et conduire au remplacement des individus prélevés par des loups dispersants venus de territoires voisins. L’Office français de la biodiversité (OFB) confirme que les tirs en France produisent des effets « hautement variables », la majorité n’impliquant aucune réduction des déprédations, et pour le restant des effets, une réduction temporaire suivie d’une augmentation. Cela s’explique notamment par le fait que l’élimination d’un reproducteur peut conduire plusieurs femelles de sa meute à se reproduire, augmentant potentiellement la prédation plutôt que de la réduire. En tant qu’espèce protégée, le loup doit par ailleurs pouvoir remplir ses fonctions écologiques et se nourrir dans son milieu naturel. Toute gestion de cette espèce doit ainsi assurer un équilibre entre les activités humaines et la préservation de la biodiversité. Or, les dispositions proposées tendent à sortir le loup du régime général de protection applicable aux espèces protégées afin de lui attribuer un statut dérogatoire moins protecteur. En créant un statut dérogatoire pour une espèce protégée au motif d’un conflit économique, cet article établit un modèle reproductible qui fragilise le régime de protection des espèces dans un contexte de sixième extinction de masse. De plus, l’article ne propose aucune obligation d’expertise scientifique préalable, d’évaluation d’efficacité a posteriori, ou de mise en place obligatoire de mesures alternatives avant les tirs. Cette absence de conditions transforme la destruction en solution par défaut. Cet amendement a été travaillé sur la base des recommandations formulées par les associations Act For Animals, l’Alliance pour le respect et la protection des animaux (ARPA), l’Association Stéphane Lamart ainsi que la Société nationale pour la défense des animaux (SNDA). "
182,,Non renseigné,Article 14,Première délibération,Warsmann Jean-Luc,,Séance publique,1ère lecture (1ère assemblée saisie),https://www.assemblee-nationale.fr/dyn/17/amendements/2765/AN/182,https://www.assemblee-nationale.fr/dyn/opendata/AMANR5L17PO838901BTC2765P0D1N000182.xml,Non renseigné,"Après l’alinéa 19, insérer les deux alinéas suivants :« Aux seules fins de protection des personnes et des élevages, le représentant de l’État dans le département peut autoriser, pour une durée ne pouvant excéder trente jours, des lieutenants de louveterie à procéder à la destruction de chiens en état de divagation ayant causé des dommages graves aux troupeaux ou étant susceptibles d’en causer, lorsque des circonstances de temps et de lieu le justifient et qu’aucune autre mesure de capture ne peut être mise en œuvre dans un délai raisonnable.« La destruction d’un chien en état de divagation fait l’objet d’une déclaration immédiate auprès du représentant de l’État dans le département. »","Cet amendement vise à autoriser les lieutenants de louveterie à défendre les troupeaux contre les chiens errants en cas de dommages graves dus à la pression de prédation qu’ils entraînent sur les troupeaux. Cette autorisation ne peut excéder trente jours, et ne peut intervenir que lorsque leur capture est impossible. C’est un amendement d’équilibre qui vise à défendre les éleveurs qui subissent les mêmes dommages que les attaques de loup, mais qui ne peuvent pas se défendre car les lieutenants de louveterie ne peuvent intervenir en présence de chiens errants."
763,,Non renseigné,Article 14,Première délibération,Roseren Xavier,,Séance publique,1ère lecture (1ère assemblée saisie),https://www.assemblee-nationale.fr/dyn/17/amendements/2765/AN/763,https://www.assemblee-nationale.fr/dyn/opendata/AMANR5L17PO838901BTC2765P0D1N000763.xml,Non renseigné,"Après l’alinéa 19, insérer les deux alinéas suivants :« Aux seules fins de protection des personnes et des élevages, le représentant de l’État dans le département peut autoriser, pour une durée ne pouvant excéder trente jours, des lieutenants de louveterie à procéder à la destruction de chiens en état de divagation ayant causé des dommages graves aux troupeaux ou étant susceptibles d’en causer, lorsque des circonstances de temps et de lieu le justifient et qu’aucune autre mesure de capture ne peut être mise en œuvre dans un délai raisonnable.« La destruction d’un chien en état de divagation fait l’objet d’une déclaration immédiate auprès du représentant de l’État dans le département. »","Cet amendement vise à autoriser les lieutenants de louveterie à défendre les troupeaux contre les chiens errants en cas de dommages graves dus à la pression de prédation qu’ils entraînent sur les troupeaux. Cette autorisation ne peut excéder trente jours, et ne peut intervenir que lorsque leur capture est impossible. C’est un amendement d’équilibre qui vise à défendre les éleveurs qui subissent les mêmes dommages que les attaques de loup, mais qui ne peuvent pas se défendre car les lieutenants de louveterie ne peuvent intervenir en présence de chiens errants."
2388,,Non renseigné,Article 14,Première délibération,Blairy Emmanuel,"  M. Allisio, M. Amblard, Mme Auzanot, M. Ballard, Mme Bamana, M. Baubry, M. Beaurain, M. Bentz, M. Bernhardt, M. Bigot, M. Bilde, Mme Blanc, M. Boccaletti, M. Boulogne, Mme Bouquin, M. Bovet, M. Buisson, M. Casterman, M. Chaumeil, M. Chenu, M. Chudeau, M. Clavet, Mme Colombier, Mme Da Conceicao Carvalho, M. de Fleurian, M. de Lépinau, Mme Dellong Meng, M. Dessigny, Mme Diaz, Mme Dogor-Such, M. Dragon, M. Dufosset, M. Dussausaye, M. Dutremble, M. Evrard, M. Falcon, M. Florquin, M. Fouquart, M. Frappé, M. Gabarron, Mme Galzy, M. Gery, M. Giletti, M. Gillet, M. Christian Girard, M. Golliot, M. Gonzalez, Mme Florence Goulet, Mme Grangier, Mme Griseti, M. Guibert, M. Guiniot, M. Guitton, Mme Hamelet, M. Houssin, M. Humbert, M. Jacobelli, M. Jenft, M. Jolly, Mme Joncour, M. Jordan, Mme Josserand, Mme Joubert, Mme Laporte, Mme Lavalette, M. Le Bourgeois, Mme Le Pen, Mme Lechanteux, Mme Lechon, Mme Lelouis, Mme Levavasseur, M. Limongi, M. Lioret, Mme Loir, Mme Lorho, M. Lottiaux, M. Loubet, M. David Magnier, Mme Marais-Beuil, M. Marchio, M. Markowsky, M. Patrice Martin, Mme Martinez, M. Mauvieux, M. Meizonnet, M. Meurin, M. Monnier, M. Muller, Mme Mélin, Mme Ménaché, M. Ménagé, M. Odoul, Mme Parmentier, M. Perez, M. Pfeffer, Mme Pollet, M. Rambaud, Mme Ranc, M. Rancoule, M. Renault, Mme Rimbert, M. Rivière, Mme Robert-Dehault, Mme Roullaud, Mme Roy, Mme Sabatini, M. Sabatou, M. Salmon, M. Schreck, Mme Sicard, M. Emmanuel Taché, M. Jean-Philippe Tanguy, M. Taverne, M. Tesson, M. Tivoli, M. Tomatis, M. Tonussi, M. Tribuiani, M. Villedieu, M. Vos et M. Weber",Séance publique,1ère lecture (1ère assemblée saisie),https://www.assemblee-nationale.fr/dyn/17/amendements/2765/AN/2388,https://www.assemblee-nationale.fr/dyn/opendata/AMANR5L17PO838901BTC2765P0D1N002388.xml,Non renseigné,"Après l’alinéa 23, insérer l’alinéa suivant : « En cas de prédation caractérisée du loup ou de danger imminent pour la sécurité des troupeaux ou des personnes, les lieutenants de louveterie peuvent être requis directement par les maires. Ils informent le représentant de l’État dans le département des actions engagées. »","Le présent sous-amendement vise à renforcer la réactivité et l’efficacité des interventions des lieutenants de louveterie face à l’augmentation des attaques de loups sur les exploitations agricoles. Il prévoit, en premier lieu, de faciliter leur intervention en permettant leur déplacement rapide sur les exploitations agricoles victimes ou menacées, sans formalités ni conditions préalables, à la demande des éleveurs. Cette simplification est essentielle pour répondre à l’urgence des situations de prédation. Le sous-amendement complète utilement ce dispositif en permettant aux maires de requérir directement les lieutenants de louveterie en cas de prédation caractérisée ou de danger imminent pour les troupeaux ou les personnes. Cette faculté renforce la proximité de la décision et permet une mobilisation encore plus rapide des acteurs de terrain. Enfin, l’obligation d’information du représentant de l’État dans le département garantit une bonne coordination des interventions et un suivi rigoureux des actions engagées. Ainsi, cet ensemble de dispositions concilie réactivité opérationnelle, efficacité des moyens d’intervention et nécessaire articulation avec l’autorité préfectorale."
2389,,Non renseigné,Article 14,Première délibération,Blairy Emmanuel,"  M. Allisio, M. Amblard, Mme Auzanot, M. Ballard, Mme Bamana, M. Baubry, M. Beaurain, M. Bentz, M. Bernhardt, M. Bigot, M. Bilde, Mme Blanc, M. Boccaletti, M. Boulogne, Mme Bouquin, M. Bovet, M. Buisson, M. Casterman, M. Chaumeil, M. Chenu, M. Chudeau, M. Clavet, Mme Colombier, Mme Da Conceicao Carvalho, M. de Fleurian, M. de Lépinau, Mme Dellong Meng, M. Dessigny, Mme Diaz, Mme Dogor-Such, M. Dragon, M. Dufosset, M. Dussausaye, M. Dutremble, M. Evrard, M. Falcon, M. Florquin, M. Fouquart, M. Frappé, M. Gabarron, Mme Galzy, M. Gery, M. Giletti, M. Gillet, M. Christian Girard, M. Golliot, M. Gonzalez, Mme Florence Goulet, Mme Grangier, Mme Griseti, M. Guibert, M. Guiniot, M. Guitton, Mme Hamelet, M. Houssin, M. Humbert, M. Jacobelli, M. Jenft, M. Jolly, Mme Joncour, M. Jordan, Mme Josserand, Mme Joubert, Mme Laporte, Mme Lavalette, M. Le Bourgeois, Mme Le Pen, Mme Lechanteux, Mme Lechon, Mme Lelouis, Mme Levavasseur, M. Limongi, M. Lioret, Mme Loir, Mme Lorho, M. Lottiaux, M. Loubet, M. David Magnier, Mme Marais-Beuil, M. Marchio, M. Markowsky, M. Patrice Martin, Mme Martinez, M. Mauvieux, M. Meizonnet, M. Meurin, M. Monnier, M. Muller, Mme Mélin, Mme Ménaché, M. Ménagé, M. Odoul, Mme Parmentier, M. Perez, M. Pfeffer, Mme Pollet, M. Rambaud, Mme Ranc, M. Rancoule, M. Renault, Mme Rimbert, M. Rivière, Mme Robert-Dehault, Mme Roullaud, Mme Roy, Mme Sabatini, M. Sabatou, M. Salmon, M. Schreck, Mme Sicard, M. Emmanuel Taché, M. Jean-Philippe Tanguy, M. Taverne, M. Tesson, M. Tivoli, M. Tomatis, M. Tonussi, M. Tribuiani, M. Villedieu, M. Vos et M. Weber",Séance publique,1ère lecture (1ère assemblée saisie),https://www.assemblee-nationale.fr/dyn/17/amendements/2765/AN/2389,https://www.assemblee-nationale.fr/dyn/opendata/AMANR5L17PO838901BTC2765P0D1N002389.xml,Non renseigné,"Après l’alinéa 23, insérer l’alinéa suivant :« Les prélèvements ou captures effectivement réalisés par les lieutenants de louveterie sont déclarés en préfecture dans les 72 heures afin de permettre la détermination du nombre de spécimens restant sur le territoire national. »","Le présent sous‑amendement vise à renforcer le suivi et la fiabilité des données relatives aux interventions des lieutenants de louveterie dans le cadre de la lutte contre la prédation du loup. Il prévoit que les prélèvements ou captures effectivement réalisés fassent l’objet d’une déclaration en préfecture dans un délai de soixante-douze heures. Cette obligation permet d’assurer une meilleure traçabilité des actions conduites sur le terrain et de garantir une connaissance actualisée du nombre de spécimens présents sur le territoire national. Cette mesure s’inscrit dans une logique de cohérence avec les obligations déjà applicables aux éleveurs, qui doivent eux-mêmes signaler les attaques dans des délais comparables. Elle contribue ainsi à améliorer la qualité des données disponibles pour le pilotage des politiques publiques relatives à la gestion de l’espèce. En renforçant la transparence et le suivi des interventions, ce sous-amendement participe à une meilleure appréciation de la situation du loup en France et à une gestion plus efficace de sa population."
CD258,,Rejeté,Article 14,Première délibération,Blairy Emmanuel,"  Mme Bouquin, M. Dutremble, M. Evrard, M. Guibert, M. Houssin, M. Humbert, Mme Lechanteux, M. David Magnier, M. Marchio, M. Markowsky, M. Meurin, Mme Roullaud, Mme Sabatini et M. Schreck",Développement durable,1ère lecture (1ère assemblée saisie),https://www.assemblee-nationale.fr/dyn/17/amendements/2632/CION-DVP/CD258,https://www.assemblee-nationale.fr/dyn/opendata/AMANR5L17PO419865B2632P0D1N000258.xml,Rejeté,"Après l’alinéa 3, insérer l’alinéa suivant : « Dans les communes où il existe des formes d’élevage professionnel menacées périodiquement de destruction par les loups, et dont la liste est établie par arrêté préfectoral, le préfet peut déléguer ses pouvoirs aux maires des communes intéressées. Les battues sont organisées sous le contrôle et la responsabilité technique des lieutenants de louveterie. »","Les lieutenants de louveterie sont, depuis Charlemagne, les experts en la matière. Ils doivent être au cœur de tous les dispositifs de l’article 14 du présent projet de loi.Dans certains territoires, la prédation exercée par le loup sur les troupeaux revêt un caractère récurrent et prévisible, mettant directement en péril des formes d’élevage professionnel, en particulier de plein air. Malgré les adaptations récentes du cadre juridique, les dispositifs actuels ne permettent pas toujours une réponse suffisamment rapide et opérationnelle face à ces situations.Le présent amendement vise à renforcer l’efficacité des mesures de gestion de la prédation en permettant au préfet, dans des communes durablement exposées et inscrites sur une liste établie par arrêté, de déléguer ses pouvoirs aux maires concernés. Cette faculté permet de rapprocher la décision du terrain et d’assurer une meilleure réactivité, sans remettre en cause l’autorité de l’État.Afin de garantir la sécurité juridique et technique des opérations, les battues organisées dans ce cadre demeurent placées sous le contrôle et la responsabilité des lieutenants de louveterie, auxiliaires assermentés de l’administration.Ce dispositif, strictement encadré, concilie ainsi la protection des élevages menacés, la proximité de l’action publique et le respect des objectifs de conservation du loup à l’échelle nationale.Cet amendement permet de rappeler de la nécessité d’engager une réflexion afin de mieux prendre en charge les frais inhérents à la fonction de lieutenant de louveterie (travaux de la mission parlementaire de la commission du développement durable et de l’aménagement du territoire sur la conciliation des usages de la nature et de la protection de la biodiversité, remise à ladite commission en mars 2025. La proposition n° 10 propose d’étudier la possibilité de mieux prendre en charge les frais inhérents à la fonction de lieutenant de louveterie)."
CD134,,Rejeté,Article 14,Première délibération,Grangier Géraldine,"  M. Blairy, Mme Bouquin, M. Dutremble, M. Evrard, M. Guibert, M. Houssin, M. Humbert, Mme Lechanteux, M. David Magnier, M. Marchio, M. Markowsky, M. Meurin, Mme Roullaud, Mme Sabatini et M. Schreck",Développement durable,1ère lecture (1ère assemblée saisie),https://www.assemblee-nationale.fr/dyn/17/amendements/2632/CION-DVP/CD134,https://www.assemblee-nationale.fr/dyn/opendata/AMANR5L17PO419865B2632P0D1N000134.xml,Rejeté,"Après l’alinéa 3, insérer l’alinéa suivant :« Le nombre maximal de spécimens pouvant être détruits annuellement est décliné en tenant compte en priorité de la pression de prédation constatée au niveau départemental, afin de garantir la protection effective des activités d’élevage. »","Le présent article prévoit que le nombre maximal de spécimens de loups pouvant être détruits annuellement est déterminé à l’échelle nationale, en tenant compte de l’état de conservation favorable de l’espèce, conformément au cadre défini au sein du I bis de l’article L. 411-1 du code de l’environnement.Si ce cadre national répond à une exigence de cohérence dans la gestion de la population de loups, il apparaît insuffisamment adapté à la réalité des territoires, caractérisée par une forte hétérogénéité de la pression de prédation.Les données de terrain mettent en évidence des situations très contrastées : certains territoires connaissent une présence encore limitée de l’espèce, tandis que d’autres subissent une pression continue et élevée, se traduisant par des attaques répétées sur les troupeaux et une fragilisation durable des exploitations.Dans ces zones, une approche exclusivement nationale de la fixation du nombre maximal de spécimens pouvant être détruits conduit à une allocation inadaptée des capacités d’intervention, ne permettant pas de répondre de manière proportionnée aux dommages constatés.Le présent amendement vise à assurer une déclinaison territoriale effective de ce nombre maximal, en introduisant un principe de priorisation au niveau départemental fondé sur l’intensité de la prédation.Il ne remet pas en cause le cadre national ni l’objectif de maintien de l’espèce dans un état de conservation favorable, mais vise à en améliorer la mise en œuvre opérationnelle, afin de garantir une protection effective des activités d’élevage dans les territoires les plus exposés.   "
CD273,,Rejeté,Article 14,Première délibération,Pochon Marie,"  Mme Voynet, M. Biteau, Mme Belluco, M. Nicolas Bonnet, Mme Ozenne, M. Raux, M. Thierry, M. Amirshahi, Mme Arrighi, Mme Autain, Mme Balage El Mariky, M. Ben Cheikh, M. Arnaud Bonnet, Mme Chatelain, M. Corbière, M. Davi, M. Duplessy, M. Fournier, Mme Garin, M. Damien Girard, M. Gustave, Mme Catherine Hervieu, M. Iordanoff, Mme Laernoes, M. Lahais, M. Lucas-Lundy, M. Peytavie, Mme Regol, M. Roumégas, Mme Sandrine Rousseau, M. Ruffin, Mme Sas, Mme Sebaihi, Mme Simonnet, Mme Taillé-Polian et M. Tavernier",Développement durable,1ère lecture (1ère assemblée saisie),https://www.assemblee-nationale.fr/dyn/17/amendements/2632/CION-DVP/CD273,https://www.assemblee-nationale.fr/dyn/opendata/AMANR5L17PO419865B2632P0D1N000273.xml,Rejeté,"Après l’alinéa 3, insérer l’alinéa suivant : « Les mesures de destruction ne peuvent être autorisées qu’en cas de mise en place de moyens de protection, notamment des chiens de protection des troupeaux, des clôtures, du gardiennage ou d’autres dispositifs reconnus comme tels. »","Les mesures de protection non létales (chiens de protection, clôtures, etc.) ont prouvé leur efficacité. Dans les territoires où le loup est historiquement implanté et où les éleveurs et bergers se sont bon gré mal gré habitués à sa présence, diverses mesures de protection non létales ont été mises en place, en complément des tirs de défense, et même si des loups ont parfois réussi à franchir ces mesures de protection, il est prouvé que la prédation y baisse. C’est sur le front de colonisation, où les élevages ne sont pas protégés, que la prédation est la plus dévastatrice. Des mesures d’effarouchement peuvent également être efficaces, elles sont le sujet de nombreuses études qui doivent être soutenues pour développer de nouvelles méthodes de lutte contre la prédation. "
CD139,,Rejeté,Article 14,Première délibération,Grangier Géraldine,"  M. Blairy, Mme Bouquin, M. Dutremble, M. Evrard, M. Guibert, M. Houssin, M. Humbert, Mme Lechanteux, M. David Magnier, M. Marchio, M. Markowsky, M. Meurin, Mme Roullaud, Mme Sabatini et M. Schreck",Développement durable,1ère lecture (1ère assemblée saisie),https://www.assemblee-nationale.fr/dyn/17/amendements/2632/CION-DVP/CD139,https://www.assemblee-nationale.fr/dyn/opendata/AMANR5L17PO419865B2632P0D1N000139.xml,Rejeté,"Après l’alinéa 3, insérer l’alinéa suivant :« L’évaluation de l’état de conservation de l’espèce tient également compte de l’évolution de la population de loups à l’échelle européenne, sans préjudice du cadre européen applicable. »","Le texte prévoit que l’évaluation de l’incidence des mesures de gestion sur l’état de conservation du loup s’apprécie en principe au niveau national.Cette approche apparaît toutefois incomplète au regard de la réalité biologique de l’espèce, dont la population dépasse largement les frontières nationales.Les données disponibles mettent en évidence une progression significative de la population de loups à l’échelle européenne, confirmée par les évolutions récentes du cadre communautaire.Dans ce contexte, une appréciation strictement nationale peut conduire à des décisions excessivement restrictives, sans tenir compte de la dynamique globale de l’espèce.Le présent amendement vise à intégrer cette dimension européenne dans l’évaluation, afin de mieux proportionner les mesures de gestion aux réalités biologiques et territoriales. "
CD191,,Rejeté,Article 14,Première délibération,Allemand Marie-José,"  Mme Pantel, Mme Rossi, Mme Thomin, M. Potier, M. Delautrette, M. Dufau, M. Eskenazi, M. Fégné, Mme Jourdan, M. Leseul, M. Barusseau et M. Roussel",Développement durable,1ère lecture (1ère assemblée saisie),https://www.assemblee-nationale.fr/dyn/17/amendements/2632/CION-DVP/CD191,https://www.assemblee-nationale.fr/dyn/opendata/AMANR5L17PO419865B2632P0D1N000191.xml,Rejeté,"Après l’alinéa 4, insérer l’alinéa suivant : « L’arrêté définit également une méthode d’estimation de la population de loups, après concertation avec des représentants des collectivités territoriales et de leurs groupements, des professions agricoles et forestières, des chambres d’agriculture et des organismes nationaux à vocation agricole et rurale, des associations agréées de protection de l’environnement et des fédérations départementales ou interdépartementales de chasseurs. »","Cet amendement du groupe Socialistes et apparentés vise à souligner la nécessité d’adopter une méthode d’estimation de la population de loups fiable et partagée par l’ensemble des acteurs concernés.En effet, la politique de gestion et de prélèvement de la population lupine est directement indexée sur les effectifs estimés. Or, les méthodes de comptage actuellement utilisées ne sont pas toujours considérées comme efficaces par les acteurs de la ruralité.Depuis le 1er janvier 2025, l’estimation de l’effectif moyen de la population lupine se fait désormais uniquement avec la méthode « Capture-Marquage-Recapture » (CMR). Si le Ministère de la Transition écologique présente cette méthode comme la plus fiable scientifiquement, il reconnaît aussi que « la publication du chiffre définitif de la CMR n’est possible que plusieurs années après le recueil des données génétiques. »Cet amendement propose donc d’instaurer une concertation entre l’État et le monde agricole afin de définir une méthode de comptabilisation partagée et fiable."
899,,Non renseigné,Article 14,Première délibération,Allemand Marie-José,"  Mme Pantel, Mme Thomin, Mme Battistel, M. Potier, M. Delautrette, M. Dufau, M. Echaniz, M. Benbrahim, M. Eskenazi, M. Fégné, Mme Jourdan, M. Leseul, M. Barusseau, M. Lhardit, M. Naillet, M. Delaporte, M. Garot, Mme Got, Mme Rossi, M. Roussel, M. Aviragnet, M. Baptiste, M. Baumel, M. Belhaddad, Mme Bellay, M. Bouloux, Mme Bregman, M. Philippe Brun, M. Califer, Mme Capdevielle, M. Christophle, M. Courbon, M. David, Mme Diop, Mme Dombre Coste, M. Faure, Mme Froger, Mme Godard, M. Guedj, M. Hablot, Mme Hadizadeh, Mme Herouin-Léautey, Mme Céline Hervieu, M. Hollande, M. Houlié, Mme Karamanli, Mme Keloua Hachi, Mme Mercier, M. Oberti, M. Pena, Mme Pic, Mme Pirès Beaune, M. Pribetich, M. Proença, Mme Récalde, Mme Rouaux, M. Aurélien Rousseau, Mme Runel, M. Saint-Pasteur, Mme Santiago, M. Saulignac, M. Simion, M. Sother, Mme Thiébault-Martinez, M. Vallaud, M. Vicot, M. William et les membres du groupe Socialistes et apparentés",Séance publique,1ère lecture (1ère assemblée saisie),https://www.assemblee-nationale.fr/dyn/17/amendements/2765/AN/899,https://www.assemblee-nationale.fr/dyn/opendata/AMANR5L17PO838901BTC2765P0D1N000899.xml,Non renseigné,"Après l’alinéa 4, insérer l’alinéa suivant : « L’arrêté définit également une méthode d’estimation de la population de loups, après concertation avec des représentants des collectivités territoriales et de leurs groupements, des professions agricoles et forestières, des chambres d’agriculture et des organismes nationaux à vocation agricole et rurale, des associations agréées de protection de l’environnement et des fédérations départementales ou interdépartementales de chasseurs. »","Cet amendement du groupe Socialistes et apparentés vise à souligner la nécessité d’adopter une méthode d’estimation de la population de loups fiable et partagée par l’ensemble des acteurs concernés.En effet, la politique de gestion et de prélèvement de la population lupine est directement indexée sur les effectifs estimés. Or, les méthodes de comptage actuellement utilisées ne sont pas toujours considérées comme efficaces par les acteurs de la ruralité.Depuis le 1er janvier 2025, l’estimation de l’effectif moyen de la population lupine se fait désormais uniquement avec la méthode « Capture-Marquage-Recapture » (CMR). Si le Ministère de la Transition écologique présente cette méthode comme la plus fiable scientifiquement, il reconnaît aussi que « la publication du chiffre définitif de la CMR n’est possible que plusieurs années après le recueil des données génétiques. »Cet amendement propose donc d’instaurer une concertation entre l’État et le monde agricole afin de définir une méthode de comptabilisation partagée et fiable."
CD196,,Retiré,Article 14,Première délibération,Pantel Sophie,"  Mme Rossi, Mme Allemand, Mme Thomin, M. Potier, M. Delautrette, M. Dufau, M. Eskenazi, M. Fégné, Mme Jourdan, M. Leseul, M. Barusseau et M. Roussel",Développement durable,1ère lecture (1ère assemblée saisie),https://www.assemblee-nationale.fr/dyn/17/amendements/2632/CION-DVP/CD196,https://www.assemblee-nationale.fr/dyn/opendata/AMANR5L17PO419865B2632P0D1N000196.xml,Retiré,"Après l’alinéa 4, insérer l’alinéa suivant : « L’arrêté précise également les modalités d’application des mesures de gestion, mentionnées au précédent alinéa, aux exploitations situées sur des territoires relevant de régimes juridiques distincts, notamment lorsque leur périmètre s’étend sur des zones protégées et des zones non protégées, en prévoyant des procédures simplifiées et unifiées de déclaration ou d’autorisation, ainsi que des modalités de réponse adaptées. »","Cet amendement du groupe Socialistes et apparentés vise à prendre en compte les situations particulières des exploitations d’élevage situées à cheval entre des zones soumises à des régimes juridiques distincts, notamment entre le cœur de parcs nationaux et les zones situées en dehors de ces espaces.Dans ces configurations, les éleveurs peuvent être contraints de réaliser plusieurs démarches administratives distinctes, telles qu’une déclaration et une demande d’autorisation, pour une même exploitation et une même situation de prédation. Cette superposition des procédures génère une complexité inutile et est source de délais supplémentaires et de complexité, alors même que la réactivité constitue un élément essentiel dans la protection des troupeaux.Dans un contexte de progression de la population de loups et d’exposition accrue de certains territoires à la prédation, il est indispensable de simplifier les démarches administratives afin de permettre une réponse rapide et adaptée aux réalités du terrain.Le présent amendement propose ainsi que l’arrêté prévu à l’article 14 puisse définir des modalités spécifiques pour ces situations hybrides, en prévoyant des procédures simplifiées et unifiées, ainsi que des modalités de réponse adaptées."
897,,Non renseigné,Article 14,Première délibération,Pantel Sophie,"  Mme Allemand, Mme Thomin, Mme Battistel, M. Potier, M. Delautrette, M. Dufau, M. Echaniz, M. Benbrahim, M. Eskenazi, M. Fégné, Mme Jourdan, M. Leseul, M. Barusseau, M. Lhardit, M. Naillet, M. Delaporte, M. Garot, Mme Got, Mme Rossi, M. Roussel, M. Aviragnet, M. Baptiste, M. Baumel, M. Belhaddad, Mme Bellay, M. Bouloux, Mme Bregman, M. Philippe Brun, M. Califer, Mme Capdevielle, M. Christophle, M. Courbon, M. David, Mme Diop, Mme Dombre Coste, M. Faure, Mme Froger, Mme Godard, M. Guedj, M. Hablot, Mme Hadizadeh, Mme Herouin-Léautey, Mme Céline Hervieu, M. Hollande, M. Houlié, Mme Karamanli, Mme Keloua Hachi, Mme Mercier, M. Oberti, M. Pena, Mme Pic, Mme Pirès Beaune, M. Pribetich, M. Proença, Mme Récalde, Mme Rouaux, M. Aurélien Rousseau, Mme Runel, M. Saint-Pasteur, Mme Santiago, M. Saulignac, M. Simion, M. Sother, Mme Thiébault-Martinez, M. Vallaud, M. Vicot, M. William et les membres du groupe Socialistes et apparentés",Séance publique,1ère lecture (1ère assemblée saisie),https://www.assemblee-nationale.fr/dyn/17/amendements/2765/AN/897,https://www.assemblee-nationale.fr/dyn/opendata/AMANR5L17PO838901BTC2765P0D1N000897.xml,Non renseigné,"Après l’alinéa 4, insérer l’alinéa suivant : « L’arrêté précise également les modalités d’application des mesures de gestion, mentionnées au précédent alinéa, aux exploitations situées sur des territoires relevant de régimes juridiques distincts, notamment lorsque leur périmètre s’étend sur des zones protégées et des zones non protégées, en prévoyant des procédures simplifiées et unifiées de déclaration ou d’autorisation, ainsi que des modalités de réponse adaptées. »","Cet amendement du groupe Socialistes et apparentés vise à prendre en compte les situations particulières des exploitations d’élevage situées à cheval entre des zones soumises à des régimes juridiques distincts, notamment entre le cœur de parcs nationaux et les zones situées en dehors de ces espaces.Dans ces configurations, les éleveurs peuvent être contraints de réaliser plusieurs démarches administratives distinctes, telles qu’une déclaration et une demande d’autorisation, pour une même exploitation et une même situation de prédation. Cette superposition des procédures génère une complexité inutile et est source de délais supplémentaires et de complexité, alors même que la réactivité constitue un élément essentiel dans la protection des troupeaux.Dans un contexte de progression de la population de loups et d’exposition accrue de certains territoires à la prédation, il est indispensable de simplifier les démarches administratives afin de permettre une réponse rapide et adaptée aux réalités du terrain.Le présent amendement propose ainsi que l’arrêté prévu à l’article 14 puisse définir des modalités spécifiques pour ces situations hybrides, en prévoyant des procédures simplifiées et unifiées, ainsi que des modalités de réponse adaptées."
CE1037,,Adopté,Article 14,Première délibération,Roseren Xavier rapporteur pour avis au nom de la commission du développement durable et de l'aménagement du territoire,,Affaires économiques,1ère lecture (1ère assemblée saisie),https://www.assemblee-nationale.fr/dyn/17/amendements/2632/CION-ECO/CE1037,https://www.assemblee-nationale.fr/dyn/opendata/AMANR5L17PO419610B2632P0D1N001037.xml,Adopté,"Après l’alinéa 4, insérer l’alinéa suivant : « L’arrêté précise les conditions dans lesquelles l’autorité administrative émet le récépissé de la déclaration de demande de tir de défense. À compter de la réception d’un dossier complet, ce délai ne peut excéder un jour ouvré. »","Cet amendement vise à renvoyer à la voie réglementaire les modalités d’instruction de la déclaration de demande de tir de défense que doit réaliser un éleveur confronté à la prédation lupine. L’amendement prévoit en outre que la récépissé de demande de tir, sans lequel les tirs de défense ne peuvent pas être réalisés, doit être envoyé au demandeur dans un délai d’un jour ouvré, à compter de la réception d’un dossier dûment rempli. "
CD556,,Adopté,Article 14,Première délibération,Roseren Xavier rapporteur,,Développement durable,1ère lecture (1ère assemblée saisie),https://www.assemblee-nationale.fr/dyn/17/amendements/2632/CION-DVP/CD556,https://www.assemblee-nationale.fr/dyn/opendata/AMANR5L17PO419865B2632P0D1N000556.xml,Adopté,"Après l’alinéa 4, insérer l’alinéa suivant : « L’arrêté précise les conditions dans lesquelles l’autorité administrative émet le récépissé de la déclaration de demande de tir de défense. À compter de la réception d’un dossier complet, ce délai ne peut excéder un jour ouvré. »","Cet amendement vise à renvoyer à la voie réglementaire les modalités d’instruction de la déclaration de demande de tir de défense que doit réaliser un éleveur confronté à la prédation lupine. L’amendement prévoit en outre que la récépissé de demande de tir, sans lequel les tirs de défense ne peuvent pas être réalisés, doit être envoyé au demandeur dans un délai d'un jour ouvré, à compter de la réception d’un dossier dûment rempli. "
CD194,,Retiré,Article 14,Première délibération,Pantel Sophie,"  Mme Rossi, Mme Allemand, Mme Thomin, M. Potier, M. Delautrette, M. Dufau, M. Eskenazi, M. Fégné, Mme Jourdan, M. Leseul, M. Barusseau et M. Roussel",Développement durable,1ère lecture (1ère assemblée saisie),https://www.assemblee-nationale.fr/dyn/17/amendements/2632/CION-DVP/CD194,https://www.assemblee-nationale.fr/dyn/opendata/AMANR5L17PO419865B2632P0D1N000194.xml,Retiré,"Après l’alinéa 4, insérer l’alinéa suivant : « L’arrêté précise les conditions dans lesquelles les dispositifs de protection et d’intervention peuvent bénéficier à des troupeaux n’appartenant pas à des exploitants agricoles, notamment ceux détenus par des collectivités territoriales. »","Cet amendement du groupe Socialistes et apparentés vise à prendre en compte la diversité des situations d’élevage, notamment lorsque les troupeaux appartiennent à des collectivités territorialesSouvent, les collectivités territoriales détiennent des troupeaux dans le cadre de politiques de gestion des espaces naturels, d’entretien des milieux ou de prévention des risques, notamment en matière d’embroussaillement et d’incendies. Ces troupeaux peuvent également s’inscrire dans des démarches de valorisation agricole locale ou de soutien à des pratiques pastorales adaptées aux spécificités du territoire.Dans un contexte de progression de la prédation, la protection des troupeaux constitue un enjeu majeur, indépendamment du statut de leur propriétaire. Les attaques de loups ne distinguent pas entre élevages privés et troupeaux publics, alors même que ces derniers peuvent être particulièrement exposés, notamment lorsqu’ils participent à des missions d’entretien de l’espace.Ces troupeaux contribuent en effet à la gestion des milieux naturels, au maintien des espaces ouverts et à la prévention de certains risques, notaminent l’embroussaillement ou les incendies. A се titre, ils remplissent une fonction d’intérêt général et doivent pouvoir bénéficier des dispositifs de protection et d’intervention contre la prédation au même titre que les élevages privés."
898,,Non renseigné,Article 14,Première délibération,Allemand Marie-José,"  Mme Thomin, Mme Battistel, M. Potier, M. Delautrette, M. Dufau, M. Echaniz, M. Benbrahim, M. Eskenazi, M. Fégné, Mme Jourdan, M. Leseul, M. Barusseau, M. Lhardit, M. Naillet, M. Delaporte, M. Garot, Mme Got, Mme Rossi, M. Roussel, M. Aviragnet, M. Baptiste, M. Baumel, M. Belhaddad, Mme Bellay, M. Bouloux, Mme Bregman, M. Philippe Brun, M. Califer, Mme Capdevielle, M. Christophle, M. Courbon, M. David, Mme Diop, Mme Dombre Coste, M. Faure, Mme Froger, Mme Godard, M. Guedj, M. Hablot, Mme Hadizadeh, Mme Herouin-Léautey, Mme Céline Hervieu, M. Hollande, M. Houlié, Mme Karamanli, Mme Keloua Hachi, Mme Mercier, M. Oberti, M. Pena, Mme Pic, Mme Pirès Beaune, M. Pribetich, M. Proença, Mme Récalde, Mme Rouaux, M. Aurélien Rousseau, Mme Runel, M. Saint-Pasteur, Mme Santiago, M. Saulignac, M. Simion, M. Sother, Mme Thiébault-Martinez, M. Vallaud, M. Vicot, M. William et les membres du groupe Socialistes et apparentés",Séance publique,1ère lecture (1ère assemblée saisie),https://www.assemblee-nationale.fr/dyn/17/amendements/2765/AN/898,https://www.assemblee-nationale.fr/dyn/opendata/AMANR5L17PO838901BTC2765P0D1N000898.xml,Non renseigné,"Après l’alinéa 4, insérer l’alinéa suivant : « L’arrêté précise les conditions dans lesquelles les dispositifs de protection et d’intervention peuvent bénéficier à des troupeaux n’appartenant pas à des exploitants agricoles, notamment ceux détenus par des collectivités territoriales. »","Cet amendement du groupe Socialistes et apparentés vise à prendre en compte la diversité des situations d’élevage, notamment lorsque les troupeaux appartiennent à des collectivités territorialesSouvent, les collectivités territoriales détiennent des troupeaux dans le cadre de politiques de gestion des espaces naturels, d’entretien des milieux ou de prévention des risques, notamment en matière d’embroussaillement et d’incendies. Ces troupeaux peuvent également s’inscrire dans des démarches de valorisation agricole locale ou de soutien à des pratiques pastorales adaptées aux spécificités du territoire.Dans un contexte de progression de la prédation, la protection des troupeaux constitue un enjeu majeur, indépendamment du statut de leur propriétaire. Les attaques de loups ne distinguent pas entre élevages privés et troupeaux publics, alors même que ces derniers peuvent être particulièrement exposés, notamment lorsqu’ils participent à des missions d’entretien de l’espace.Ces troupeaux contribuent en effet à la gestion des milieux naturels, au maintien des espaces ouverts et à la prévention de certains risques, notaminent l’embroussaillement ou les incendies. A се titre, ils remplissent une fonction d’intérêt général et doivent pouvoir bénéficier des dispositifs de protection et d’intervention contre la prédation au même titre que les élevages privés."
CE1038,,Adopté,Article 14,Première délibération,Roseren Xavier rapporteur pour avis au nom de la commission du développement durable et de l'aménagement du territoire,,Affaires économiques,1ère lecture (1ère assemblée saisie),https://www.assemblee-nationale.fr/dyn/17/amendements/2632/CION-ECO/CE1038,https://www.assemblee-nationale.fr/dyn/opendata/AMANR5L17PO419610B2632P0D1N001038.xml,Adopté,"Après l’alinéa 4, insérer l’alinéa suivant : « Les attaques et dommages causés par le loup sont constatés sur place par un agent habilité ou par voie électronique. L’arrêté précise les conditions dans lesquelles le constat peut être réalisé par l’éleveur. »",Cet amendement prévoit que le constat de dommages dus à la prédation du loup puisse être réalisé de manière électronique. L’objectif est de permettre de réaliser les constats plus rapidement. Cette amélioration a pour effet de faciliter les démarches d’indemnisation. 
CD571,,Adopté,Article 14,Première délibération,Roseren Xavier rapporteur,,Développement durable,1ère lecture (1ère assemblée saisie),https://www.assemblee-nationale.fr/dyn/17/amendements/2632/CION-DVP/CD571,https://www.assemblee-nationale.fr/dyn/opendata/AMANR5L17PO419865B2632P0D1N000571.xml,Adopté,"Après l’alinéa 4, insérer l’alinéa suivant : « Les attaques et dommages causés par le loup sont constatés sur place par un agent habilité ou par voie électronique. L’arrêté précise les conditions dans lesquelles le constat peut être réalisé par l’éleveur. »",Cet amendement prévoit que le constat de dommages dus à la prédation du loup puisse être réalisé de manière électronique. L’objectif est de permettre de réaliser les constats plus rapidement. Cette amélioration a pour effet de faciliter les démarches d’indemnisation. 
79,,Non renseigné,Article 14,Première délibération,Pochon Marie,"  Mme Voynet, M. Biteau, Mme Belluco, M. Nicolas Bonnet, Mme Ozenne, M. Raux, M. Thierry, M. Amirshahi, Mme Arrighi, Mme Autain, Mme Balage El Mariky, M. Ben Cheikh, M. Arnaud Bonnet, Mme Chatelain, M. Corbière, M. Davi, M. Duplessy, M. Fournier, Mme Garin, M. Damien Girard, M. Gustave, Mme Catherine Hervieu, M. Iordanoff, Mme Laernoes, M. Lahais, M. Lucas-Lundy, M. Peytavie, Mme Regol, M. Roumégas, Mme Sandrine Rousseau, M. Ruffin, Mme Sas, Mme Sebaihi, Mme Simonnet, Mme Taillé-Polian et M. Tavernier",Séance publique,1ère lecture (1ère assemblée saisie),https://www.assemblee-nationale.fr/dyn/17/amendements/2765/AN/79,https://www.assemblee-nationale.fr/dyn/opendata/AMANR5L17PO838901BTC2765P0D1N000079.xml,Non renseigné,"Après l’alinéa 4, insérer l’alinéa suivant : « Les mesures de destruction ne peuvent être autorisées qu’en cas de mise en place de moyens de protection, notamment des chiens de protection des troupeaux, des clôtures, du gardiennage ou d’autres dispositifs reconnus comme tels. »","Les mesures de protection non létales (chiens de protection, clôtures, etc.) ont prouvé leur efficacité. Dans les territoires où le loup est historiquement implanté et où les éleveurs et bergers se sont bon gré mal gré habitués à sa présence, diverses mesures de protection non létales ont été mises en place, en complément des tirs de défense, et même si des loups ont parfois réussi à franchir ces mesures de protection, il est prouvé que la prédation y baisse. C’est sur le front de colonisation, où les élevages ne sont pas protégés, que la prédation est la plus dévastatrice. Des mesures d’effarouchement peuvent également être efficaces, elles sont le sujet de nombreuses études qui doivent être soutenues pour développer de nouvelles méthodes de lutte contre la prédation. "
374,,Non renseigné,Article 14,Première délibération,Grangier Géraldine,"  M. Baubry, M. Allisio, M. Amblard, Mme Auzanot, M. Ballard, Mme Bamana, M. Beaurain, M. Bentz, M. Bernhardt, M. Bigot, M. Bilde, M. Blairy, Mme Blanc, M. Boccaletti, M. Boulogne, Mme Bouquin, M. Bovet, M. Buisson, M. Casterman, M. Chaumeil, M. Chenu, M. Chudeau, M. Clavet, Mme Colombier, Mme Da Conceicao Carvalho, M. de Fleurian, M. de Lépinau, Mme Dellong Meng, M. Dessigny, Mme Diaz, Mme Dogor-Such, M. Dragon, M. Dufosset, M. Dussausaye, M. Dutremble, M. Evrard, M. Falcon, M. Florquin, M. Fouquart, M. Frappé, M. Gabarron, Mme Galzy, M. Gery, M. Giletti, M. Gillet, M. Christian Girard, M. Golliot, M. Gonzalez, Mme Florence Goulet, Mme Griseti, M. Guibert, M. Guiniot, M. Guitton, Mme Hamelet, M. Houssin, M. Humbert, M. Jacobelli, M. Jenft, M. Jolly, Mme Joncour, M. Jordan, Mme Josserand, Mme Joubert, Mme Laporte, Mme Lavalette, M. Le Bourgeois, Mme Le Pen, Mme Lechanteux, Mme Lechon, Mme Lelouis, Mme Levavasseur, M. Limongi, M. Lioret, Mme Loir, Mme Lorho, M. Lottiaux, M. Loubet, M. David Magnier, Mme Marais-Beuil, M. Marchio, M. Markowsky, M. Patrice Martin, Mme Martinez, M. Mauvieux, M. Meizonnet, M. Meurin, M. Monnier, M. Muller, Mme Mélin, Mme Ménaché, M. Ménagé, M. Odoul, Mme Parmentier, M. Perez, M. Pfeffer, Mme Pollet, M. Rambaud, Mme Ranc, M. Rancoule, M. Renault, Mme Rimbert, M. Rivière, Mme Robert-Dehault, Mme Roullaud, Mme Roy, Mme Sabatini, M. Sabatou, M. Salmon, M. Schreck, Mme Sicard, M. Emmanuel Taché, M. Jean-Philippe Tanguy, M. Taverne, M. Tesson, M. Tivoli, M. Tomatis, M. Tonussi, M. Tribuiani, M. Villedieu, M. Vos et M. Weber",Séance publique,1ère lecture (1ère assemblée saisie),https://www.assemblee-nationale.fr/dyn/17/amendements/2765/AN/374,https://www.assemblee-nationale.fr/dyn/opendata/AMANR5L17PO838901BTC2765P0D1N000374.xml,Non renseigné,"Après l’alinéa 4, insérer l’alinéa suivant :« L’évaluation de l’incidence des mesures de gestion sur l’état de conservation de l’espèce tient également compte de l’évolution de la population de loups à l’échelle transfrontlier. »","Cet amendement vise à compléter les critères d’évaluation de l’incidence des mesures de gestion sur l’état de conservation du loup en intégrant une approche transfrontalière.Le texte prévoit que cette évaluation s’apprécie en principe au niveau national. Si cette approche répond à une exigence de cohérence administrative, elle apparaît toutefois incomplète au regard de la réalité biologique de l’espèce, dont les populations évoluent naturellement au-delà des seules frontières nationales.Les données scientifiques disponibles mettent en évidence une progression de la population de loups dans plusieurs espaces naturels et massifs partagés entre États voisins.Dans ce contexte, une appréciation exclusivement nationale peut conduire à une lecture partielle de l’état réel de conservation de l’espèce et à des décisions insuffisamment adaptées aux réalités biologiques et territoriales.Le présent amendement permet ainsi de mieux prendre en compte les dynamiques naturelles de circulation et de développement de l’espèce dans l’appréciation des mesures de gestion."
CD238,,Retiré,Article 14,Première délibération,Warsmann Jean-Luc,,Développement durable,1ère lecture (1ère assemblée saisie),https://www.assemblee-nationale.fr/dyn/17/amendements/2632/CION-DVP/CD238,https://www.assemblee-nationale.fr/dyn/opendata/AMANR5L17PO419865B2632P0D1N000238.xml,Retiré,"Après l’alinéa 4, insérer l’alinéa suivant :« Par dérogation à l’alinéa précédent, l’effarouchement et le prélèvement des loups aux fins exclusives de la défense des troupeaux domestiques répondant aux conditions d’une dérogation prévue au présent article ne peuvent faire l’objet d’une interdiction réglementaire. »",Cet amendement ainsi que celui portant sur l'article L.332-3 proposent de mettre un terme aux inégalités qui existent entre les éleveurs selon le territoire où pâturent leurs troupeaux. Il lève l'interdiction ainsi que la possibilité d'interdire la capture et la destruction de loups dans les parcs nationaux et les réserves nationales. 
CE1036,,Adopté,Article 14,Première délibération,Roseren Xavier rapporteur pour avis au nom de la commission du développement durable et de l'aménagement du territoire,"  Mme Pantel, Mme Rossi, Mme Allemand, Mme Thomin, M. Potier, M. Delautrette, M. Dufau, M. Eskenazi, M. Fégné, Mme Jourdan, M. Leseul, M. Barusseau et M. Roussel",Affaires économiques,1ère lecture (1ère assemblée saisie),https://www.assemblee-nationale.fr/dyn/17/amendements/2632/CION-ECO/CE1036,https://www.assemblee-nationale.fr/dyn/opendata/AMANR5L17PO419610B2632P0D1N001036.xml,Adopté,"Après l’alinéa 4, insérer l’alinéa suivant : « Un arrêté des ministres chargés de l’agriculture et de la protection de la nature précise les conditions de mise en cohérence et de valorisation des données issues des registres existants de suivi des tirs liés à la prédation. »","Cet amendement vise à améliorer la connaissance et le suivi des actions de gestion de la prédation à l’échelle nationale par la mise en place d’un outil dématérialisé visant à regrouper l’ensemble des données relatives aux tirs inscrites dans les registres obligatoires des exploitations.Dans un contexte de progression de la population de loups et de diffusion géographique de la prédation, la capacité des pouvoirs publics à disposer d’une vision précise, actualisée et partagée des attaques et des interventions constitue un enjeu central. L’absence d’outil de suivi structuré et harmonisé à l’échelle nationale peut aujourd’hui limiter l’efficacité de la réponse publique et la bonne coordination des acteurs concernés.La mise en place d’un registre national dématérialisé permettra ainsi de centraliser les données relatives au tirs inscrites dans les registres obligatoires de chaque exploitation, afin d’améliorer la réactivité des services de l’État, d’objectiver les situations locales et d’adapter plus finement les politiques publiques aux réalités du terrain."
CD195,,Adopté,Article 14,Première délibération,Pantel Sophie,"  Mme Rossi, Mme Allemand, Mme Thomin, M. Potier, M. Delautrette, M. Dufau, M. Eskenazi, M. Fégné, Mme Jourdan, M. Leseul, M. Barusseau et M. Roussel",Développement durable,1ère lecture (1ère assemblée saisie),https://www.assemblee-nationale.fr/dyn/17/amendements/2632/CION-DVP/CD195,https://www.assemblee-nationale.fr/dyn/opendata/AMANR5L17PO419865B2632P0D1N000195.xml,Adopté,"Après l’alinéa 4, insérer l’alinéa suivant : « Un arrêté des ministres chargés de l’agriculture et de la protection de la nature précise les conditions de mise en cohérence et de valorisation des données issues des registres existants de suivi des tirs liés à la prédation. »","Cet amendement du groupe Socialistes et apparentés vise à améliorer la connaissance et le suivi des actions de gestion de la prédation à l’échelle nationale par la mise en place d’un outil dématérialisé visant à regrouper l’ensemble des données relatives aux tirs inscrites dans les registres obligatoires des exploitations.Dans un contexte de progression de la population de loups et de diffusion géographique de la prédation, la capacité des pouvoirs publics à disposer d’une vision précise, actualisée et partagée des attaques et des interventions constitue un enjeu central. L’absence d’outil de suivi structuré et harmonisé à l’échelle nationale peut aujourd’hui limiter l’efficacité de la réponse publique et la bonne coordination des acteurs concernés.La mise en place d’un registre national dématérialisé permettra ainsi de centraliser les données relatives au tirs inscrites dans les registres obligatoires de chaque exploitation, afin d’améliorer la réactivité des services de l’État, d’objectiver les situations locales et d’adapter plus finement les politiques publiques aux réalités du terrain."
394,,Non renseigné,Article 14,Première délibération,Goulet Florence,"  M. Allisio, M. Amblard, Mme Auzanot, M. Ballard, Mme Bamana, M. Baubry, M. Beaurain, M. Bentz, M. Bernhardt, M. Bigot, M. Bilde, M. Blairy, Mme Blanc, M. Boccaletti, M. Boulogne, Mme Bouquin, M. Bovet, M. Buisson, M. Casterman, M. Chaumeil, M. Chenu, M. Chudeau, M. Clavet, Mme Colombier, Mme Da Conceicao Carvalho, M. de Fleurian, M. de Lépinau, Mme Dellong Meng, M. Dessigny, Mme Diaz, Mme Dogor-Such, M. Dragon, M. Dufosset, M. Dussausaye, M. Dutremble, M. Evrard, M. Falcon, M. Florquin, M. Fouquart, M. Frappé, M. Gabarron, Mme Galzy, M. Gery, M. Giletti, M. Gillet, M. Christian Girard, M. Golliot, M. Gonzalez, Mme Grangier, Mme Griseti, M. Guibert, M. Guiniot, M. Guitton, Mme Hamelet, M. Houssin, M. Humbert, M. Jacobelli, M. Jenft, M. Jolly, Mme Joncour, M. Jordan, Mme Josserand, Mme Joubert, Mme Laporte, Mme Lavalette, M. Le Bourgeois, Mme Le Pen, Mme Lechanteux, Mme Lechon, Mme Lelouis, Mme Levavasseur, M. Limongi, M. Lioret, Mme Loir, Mme Lorho, M. Lottiaux, M. Loubet, M. David Magnier, Mme Marais-Beuil, M. Marchio, M. Markowsky, M. Patrice Martin, Mme Martinez, M. Mauvieux, M. Meizonnet, Mme Mélin, Mme Ménaché, M. Ménagé, M. Meurin, M. Monnier, M. Muller, M. Odoul, Mme Parmentier, M. Perez, M. Pfeffer, Mme Pollet, M. Rambaud, Mme Ranc, M. Rancoule, M. Renault, Mme Rimbert, M. Rivière, Mme Robert-Dehault, Mme Roullaud, Mme Roy, Mme Sabatini, M. Sabatou, M. Salmon, M. Schreck, Mme Sicard, M. Emmanuel Taché, M. Jean-Philippe Tanguy, M. Taverne, M. Tesson, M. Tivoli, M. Tomatis, M. Tonussi, M. Tribuiani, M. Villedieu, M. Vos et M. Weber",Séance publique,1ère lecture (1ère assemblée saisie),https://www.assemblee-nationale.fr/dyn/17/amendements/2765/AN/394,https://www.assemblee-nationale.fr/dyn/opendata/AMANR5L17PO838901BTC2765P0D1N000394.xml,Non renseigné,"Après l’alinéa 5, insérer l'alinéa suivant :« L’arrêté conjoint mentionné au présent I bis peut prévoir, pour les tirs de défense des troupeaux contre la prédation du loup, une dérogation à l’interdiction de fixer sur une arme des dispositifs optiques de vision thermique ou d’amplification de lumière, au bénéfice des éleveurs titulaires d’un permis de chasser valide et dûment habilités par arrêté préfectoral. Cette dérogation est accordée dans des conditions strictement définies par ledit arrêté conjoint, notamment quant aux types d’appareils admis, à leur résolution maximale, aux conditions d’identification préalable de la cible et aux règles de sécurité applicables. »","Le présent amendement vise à doter les éleveurs d’un outil technologique proportionné et encadré leur permettant d’exercer effectivement leur droit à la défense de leurs troupeaux dans des conditions nocturnes qui rendent les outils actuels inopérants.Le loup attaque majoritairement la nuit ou dans des conditions de faible visibilité. Or, le cadre juridique actuel impose qu’en cas de tir de nuit, la cible soit formellement identifiée « à l’aide d’une source lumineuse » (arrêté du 21 février 2024). Cette exigence, bien que légitime sur le plan de la sécurité, est en pratique difficilement compatible avec les conditions d’une intervention rapide et efficace : l’utilisation d’une source lumineuse est susceptible d’alerter l’animal et de provoquer sa fuite avant tout tir possible.Sur le plan de la réglementation des équipements optiques, l’arrêté du 30 juillet 2025 modifiant l’arrêté du 1er août 1986 relatif à divers procédés de chasse a autorisé l’usage des appareils monoculaires ou binoculaires thermiques tenus à la main à des fins d’observation, tout en maintenant l’interdiction stricte de les fixer sur une arme. Seul un arrêté ministériel peut ouvrir une telle dérogation, ce que le présent amendement prévoit d’habiliter expressément.La dérogation ainsi prévue serait réservée aux seuls éleveurs titulaires d’un permis de chasser valide et préalablement habilités par arrêté préfectoral, dans le strict cadre des tirs de défense des troupeaux. Un arrêté conjoint fixerait les types d’appareils admis, leurs caractéristiques techniques maximales (notamment la résolution), les conditions d’identification préalable de la cible ainsi que les règles d’utilisation applicables.Cette mesure s’inscrit dans l’évolution du cadre européen : le Parlement européen a voté, le 8 mai 2025, en faveur du déclassement du loup dans la directive « Habitats ». Les États membres disposent d’un délai de 18 mois pour s’y conformer. La France bénéficie ainsi d’une latitude juridique accrue pour renforcer les mesures de protection des troupeaux, dès lors que l’état de conservation favorable de l’espèce est maintenu.Cet amendement a été travaillé avec la Coordination Rurale."
CE1040,,Adopté,Article 14,Première délibération,Roseren Xavier rapporteur pour avis au nom de la commission du développement durable et de l'aménagement du territoire,,Affaires économiques,1ère lecture (1ère assemblée saisie),https://www.assemblee-nationale.fr/dyn/17/amendements/2632/CION-ECO/CE1040,https://www.assemblee-nationale.fr/dyn/opendata/AMANR5L17PO419610B2632P0D1N001040.xml,Adopté,"Après l’alinéa 5, insérer l’alinéa suivant : « L’arrêté précise les conditions dans lesquelles, lorsque le nombre maximal de loups pouvant être détruits est atteint avant la fin de l’année civile, et à la suite de dommages dus à la prédation constatés par le représentant de l’État dans le département, le préfet coordonnateur du plan national loup peut autoriser l’abattage de spécimens à titre dérogatoire, à l’échelle du département dans lequel ont été constatés les dommages et dans la limite d’un seuil assurant le maintien de l’espèce dans un état de conservation favorable. »","Cet amendement vise à inscrire dans la loi la possibilité de relever le nombre de loups pouvant être abattus si le nombre maximal de loups défini par l’arrêté est atteint avant la fin de l’année civile. La possibilité d’augmenter le seuil maximal de loups pouvant être abattus figure déjà dans l’arrêté du 23 février 2026. Cet amendement vise à lui conférer une définition légale qui conditionne ce relèvement : – Aux circonstances locales de la prédation. Aujourd’hui, la possibilité d’augmenter le nombre maximal de loups est fixée à l’échelle nationale par la préfète coordinatrice, dans le cas où le nombre est atteint avant la fin de l’année civile. Cet amendement vise à adapter le nombre de loups pouvant être abattus aux circonstances locales. Ainsi, quand le préfet d’un département situé dans un nouveau front de colonisation constatera une recrudescence de la prédation sur une ou plusieurs exploitations, il le signalera à la préfète coordinatrice qui pourra, afin de limiter ces dommages précis, relever le nombre de loups pouvant être abattus afin de remédier précisément à cette prédation. – Cette possibilité de dérogation reste strictement encadrée par le critère de maintien de l’espèce dans un état de conservation favorable. "
CD559,,Adopté,Article 14,Première délibération,Roseren Xavier rapporteur,,Développement durable,1ère lecture (1ère assemblée saisie),https://www.assemblee-nationale.fr/dyn/17/amendements/2632/CION-DVP/CD559,https://www.assemblee-nationale.fr/dyn/opendata/AMANR5L17PO419865B2632P0D1N000559.xml,Adopté,"Après l’alinéa 5, insérer l’alinéa suivant : « L’arrêté précise les conditions dans lesquelles, lorsque le nombre maximal de loups pouvant être détruits est atteint avant la fin de l’année civile, et à la suite de dommages dus à la prédation constatés par le représentant de l’État dans le département, le préfet coordonnateur du plan national loup peut autoriser l’abattage de spécimens à titre dérogatoire, à l’échelle du département dans lequel ont été constatés les dommages et dans la limite d’un seuil assurant le maintien de l’espèce dans un état de conservation favorable. »","Cet amendement vise à inscrire dans la loi la possibilité de relever le nombre de loups pouvant être abattus si le nombre maximal de loups défini par l’arrêté est atteint avant la fin de l’année civile. La possibilité d’augmenter le seuil maximal de loups pouvant être abattus figure déjà dans l’arrêté du 23 février 2026. Cet amendement vise à lui conférer une définition légale qui conditionne ce relèvement : – Aux circonstances locales de la prédation. Aujourd’hui, la possibilité d’augmenter le nombre maximal de loups est fixée à l’échelle nationale par la préfète coordinatrice, dans le cas où le nombre est atteint avant la fin de l’année civile. Cet amendement vise à adapter le nombre de loups pouvant être abattus aux circonstances locales. Ainsi, quand le préfet d’un département situé dans un nouveau front de colonisation constatera une recrudescence de la prédation sur une ou plusieurs exploitations, il le signalera à la préfète coordinatrice qui pourra, afin de limiter ces dommages précis, relever le nombre de loups pouvant être abattus afin de remédier précisément à cette prédation. – Cette possibilité de dérogation reste strictement encadrée par le critère de maintien de l’espèce dans un état de conservation favorable. "
392,,Non renseigné,Article 14,Première délibération,Goulet Florence,"  M. Allisio, M. Amblard, Mme Auzanot, M. Ballard, Mme Bamana, M. Baubry, M. Beaurain, M. Bentz, M. Bernhardt, M. Bigot, M. Bilde, M. Blairy, Mme Blanc, M. Boccaletti, M. Boulogne, Mme Bouquin, M. Bovet, M. Buisson, M. Casterman, M. Chaumeil, M. Chenu, M. Chudeau, M. Clavet, Mme Colombier, Mme Da Conceicao Carvalho, M. de Fleurian, M. de Lépinau, Mme Dellong Meng, M. Dessigny, Mme Diaz, Mme Dogor-Such, M. Dragon, M. Dufosset, M. Dussausaye, M. Dutremble, M. Evrard, M. Falcon, M. Florquin, M. Fouquart, M. Frappé, M. Gabarron, Mme Galzy, M. Gery, M. Giletti, M. Gillet, M. Christian Girard, M. Golliot, M. Gonzalez, Mme Grangier, Mme Griseti, M. Guibert, M. Guiniot, M. Guitton, Mme Hamelet, M. Houssin, M. Humbert, M. Jacobelli, M. Jenft, M. Jolly, Mme Joncour, M. Jordan, Mme Josserand, Mme Joubert, Mme Laporte, Mme Lavalette, M. Le Bourgeois, Mme Le Pen, Mme Lechanteux, Mme Lechon, Mme Lelouis, Mme Levavasseur, M. Limongi, M. Lioret, Mme Loir, Mme Lorho, M. Lottiaux, M. Loubet, M. David Magnier, Mme Marais-Beuil, M. Marchio, M. Markowsky, M. Patrice Martin, Mme Martinez, M. Mauvieux, M. Meizonnet, Mme Mélin, Mme Ménaché, M. Ménagé, M. Meurin, M. Monnier, M. Muller, M. Odoul, Mme Parmentier, M. Perez, M. Pfeffer, Mme Pollet, M. Rambaud, Mme Ranc, M. Rancoule, M. Renault, Mme Rimbert, M. Rivière, Mme Robert-Dehault, Mme Roullaud, Mme Roy, Mme Sabatini, M. Sabatou, M. Salmon, M. Schreck, Mme Sicard, M. Emmanuel Taché, M. Jean-Philippe Tanguy, M. Taverne, M. Tesson, M. Tivoli, M. Tomatis, M. Tonussi, M. Tribuiani, M. Villedieu, M. Vos et M. Weber",Séance publique,1ère lecture (1ère assemblée saisie),https://www.assemblee-nationale.fr/dyn/17/amendements/2765/AN/392,https://www.assemblee-nationale.fr/dyn/opendata/AMANR5L17PO838901BTC2765P0D1N000392.xml,Non renseigné,"Après l’alinéa 5, insérer l’alinéa suivant :« L’arrêté prévoit qu’en cas d’attaque ou de menace imminente du troupeau, une autorisation est délivrée aux éleveurs exploitant à titre individuel ou sous forme sociétaire, groupements pastoraux, propriétaires publics ou privés d’une exploitation agricole d’élevage concernées, permettant de procéder à des tirs de défense immédiate. Ces autorisations, accordées pour une durée déterminée et dans des zones caractérisées par une pression avérée de prédation, peuvent être mises en œuvre immédiatement sans nouvelle décision administrative préalable en cas d’attaque ou de menace imminente du troupeau, conformément aux exigences de l’article 16 de la directive 92/43/CEE. »","En 2025 en France, selon de premières estimations, le nombre d’attaques de loup a augmenté d’environ 10 % (4 441 attaques) tandis que le nombre d’animaux victimes a augmenté de 15,1 % (12 927 bêtes, surtout des ovins). Dans ce contexte, le présent amendement vise à apporter une réponse à la fois immédiate afin de renforcer la protection des élevages et de garantir la pérennité des activités pastorales."
CD135,,Rejeté,Article 14,Première délibération,Grangier Géraldine,"  M. Blairy, Mme Bouquin, M. Dutremble, M. Evrard, M. Guibert, M. Houssin, M. Humbert, Mme Lechanteux, M. David Magnier, M. Marchio, M. Markowsky, M. Meurin, Mme Roullaud, Mme Sabatini et M. Schreck",Développement durable,1ère lecture (1ère assemblée saisie),https://www.assemblee-nationale.fr/dyn/17/amendements/2632/CION-DVP/CD135,https://www.assemblee-nationale.fr/dyn/opendata/AMANR5L17PO419865B2632P0D1N000135.xml,Rejeté,"Après l’alinéa 6, insérer l’alinéa suivant :« Ces mesures ne peuvent avoir pour effet de retarder, de conditionner ou d’empêcher la mise en œuvre immédiate des mesures de destruction lorsque des attaques ont été constatées sur les troupeaux. »","Le dispositif proposé encadre les mesures de gestion du loup par des régimes de déclaration ou d’autorisation définis par arrêté.Si cet encadrement répond à un objectif de sécurité juridique et de conservation de l’espèce, les retours de terrain convergent pour souligner les délais et les contraintes administratives qui en résultent, susceptibles de retarder l’intervention en cas d’attaque.Or, l’efficacité des mesures de protection repose sur leur immédiateté. Tout décalage entre la constatation des dommages et l’intervention réduit significativement l’effet dissuasif des prélèvements et expose les exploitations à des pertes répétées.Le présent amendement vise à garantir que les procédures administratives ne puissent ni retarder, ni conditionner l’intervention dès lors que des attaques sont avérées.Il consacre la nécessité d’une réponse rapide et proportionnée, condition indispensable à la protection effective des troupeaux. "
CD141,,Rejeté,Article 14,Première délibération,Grangier Géraldine,"  M. Blairy, Mme Bouquin, M. Dutremble, M. Evrard, M. Guibert, M. Houssin, M. Humbert, Mme Lechanteux, M. David Magnier, M. Marchio, M. Markowsky, M. Meurin, Mme Roullaud, Mme Sabatini et M. Schreck",Développement durable,1ère lecture (1ère assemblée saisie),https://www.assemblee-nationale.fr/dyn/17/amendements/2632/CION-DVP/CD141,https://www.assemblee-nationale.fr/dyn/opendata/AMANR5L17PO419865B2632P0D1N000141.xml,Rejeté,"Après l’alinéa 6, insérer l’alinéa suivant :« Dans les territoires caractérisés par une pression de prédation avérée au regard des attaques constatées, des autorisations de tir de défense peuvent être délivrées de manière anticipée. »","Le dispositif actuel repose principalement sur des interventions postérieures aux attaques constatées.Or, les retours de terrain montrent que cette approche réactive atteint ses limites dans les territoires où la présence du loup est durablement installée et où les attaques sont récurrentes.Dans ces zones, l’absence de possibilité d’intervention anticipée conduit à une répétition des dommages et à une dégradation continue des conditions d’exploitation.Le présent amendement vise à introduire une faculté d’autorisation anticipée des tirs de défense dans les territoires les plus exposés.Il s’agit de passer d’une logique exclusivement réactive à une logique de prévention opérationnelle, mieux adaptée aux réalités de terrain et à la protection des activités d’élevage.   "
CD282,,Rejeté,Article 14,Première délibération,Pochon Marie,"  Mme Voynet, M. Biteau, Mme Belluco, M. Nicolas Bonnet, Mme Ozenne, M. Raux, M. Thierry, M. Amirshahi, Mme Arrighi, Mme Autain, Mme Balage El Mariky, M. Ben Cheikh, M. Arnaud Bonnet, Mme Chatelain, M. Corbière, M. Davi, M. Duplessy, M. Fournier, Mme Garin, M. Damien Girard, M. Gustave, Mme Catherine Hervieu, M. Iordanoff, Mme Laernoes, M. Lahais, M. Lucas-Lundy, M. Peytavie, Mme Regol, M. Roumégas, Mme Sandrine Rousseau, M. Ruffin, Mme Sas, Mme Sebaihi, Mme Simonnet, Mme Taillé-Polian et M. Tavernier",Développement durable,1ère lecture (1ère assemblée saisie),https://www.assemblee-nationale.fr/dyn/17/amendements/2632/CION-DVP/CD282,https://www.assemblee-nationale.fr/dyn/opendata/AMANR5L17PO419865B2632P0D1N000282.xml,Rejeté,"Après l’alinéa 6, insérer l’alinéa suivant :  « En complément des mesures de protection, et afin d’améliorer l’efficacité de ces mesures, les programmes de recherche sur l’éthologie du loup sont renforcés. »",Les programmes de recherche sur l’éthologie du loup permettent de mieux comprendre ce prédateur que l’on connaît encore trop insuffisamment. Ils permettent également d’élaborer des stratégies plus efficaces pour éviter les attaques. 
CD136,,Rejeté,Article 14,Première délibération,Grangier Géraldine,"  M. Blairy, Mme Bouquin, M. Dutremble, M. Evrard, M. Guibert, M. Houssin, M. Humbert, Mme Lechanteux, M. David Magnier, M. Marchio, M. Markowsky, M. Meurin, Mme Roullaud, Mme Sabatini et M. Schreck",Développement durable,1ère lecture (1ère assemblée saisie),https://www.assemblee-nationale.fr/dyn/17/amendements/2632/CION-DVP/CD136,https://www.assemblee-nationale.fr/dyn/opendata/AMANR5L17PO419865B2632P0D1N000136.xml,Rejeté,"Après l’alinéa 6, insérer l’alinéa suivant :« La suspension des mesures mentionnée au présent alinéa ne peut intervenir dans les territoires ayant connu un nombre significatif d’attaques sur une période récente, notamment au regard des attaques constatées, défini par décret. »","Le texte prévoit que les mesures de gestion du loup peuvent être suspendues par l’autorité administrative afin de garantir le maintien de l’espèce dans un état de conservation favorable.Si cette faculté répond à un objectif légitime de préservation de la biodiversité, elle soulève des difficultés majeures dans les territoires déjà fortement exposés à la prédation.Dans ces zones, toute suspension des mesures de gestion entraîne mécaniquement une augmentation des attaques, aggravant la situation économique et psychologique des éleveurs.Le présent amendement vise à encadrer cette faculté en excluant son application dans les territoires où la pression de prédation est objectivement établie.Il s’agit d’assurer un équilibre effectif entre les impératifs de conservation et la nécessité de garantir la continuité des activités d’élevage."
CD454,,Rejeté,Article 14,Première délibération,Warsmann Jean-Luc,,Développement durable,1ère lecture (1ère assemblée saisie),https://www.assemblee-nationale.fr/dyn/17/amendements/2632/CION-DVP/CD454,https://www.assemblee-nationale.fr/dyn/opendata/AMANR5L17PO419865B2632P0D1N000454.xml,Rejeté,"Après l’alinéa 6, insérer l’alinéa suivant : « L’arrêté définit les conditions dans lesquelles le représentant de l’État dans le département peut autoriser tout éleveur exploitant à titre individuel ou sous forme sociétaire, tout propriétaire public ou privé d’une exploitation agricole d’élevage mettant en valeur des surfaces pâturées, ou tout mandataire désigné par lui, participant aux opérations de gestion destinées à lutter contre la prédation des troupeaux, à utiliser des appareils monoculaires ou binoculaires thermiques, à l’exclusion des appareils qui peuvent être mis en œuvre sans l’aide des mains dont les monoculaires équipés d’un adaptateur leur permettant d’être fixé sur une lunette de tir, sous réserve d’être titulaire d’un permis de chasser valide, d’avoir suivi une formation préalable auprès de l’Office français de la biodiversité et d’avoir préalablement participé à une opération encadrée par un ou plusieurs lieutenants de de louveterie. L’autorisation est délivrée pour une durée de trente jours, et se limite au périmètre de la commune où l’opération encadrée par un ou plusieurs lieutenants de louveterie a eu lieu, ainsi qu’à ses communes limitrophes. ","Cet amendement vise à ouvrir la possibilité aux seuls titulaires d’un permis de chasse d’utiliser des lunette thermiques afin de procéder à des tirs de loups dans le seul objectif de défendre leurs troupeaux. Ce moyen d’assistance est déjà autorisé pour la chasse et la destruction des espèces d’animaux classées comme susceptibles d’occasionner des dégâts. A droit constant, seuls les lieutenants de louveterie et les agents de l’OFB peuvent l’utiliser. Le présent amendement propose d’étendre son utilisation aux éleveurs titulaires d’un permis de chasse, sous réserve de satisfaire plusieurs conditions :Avoir suivi une formation préalable auprès de l'OFB ; Avoir préalablement participé à une opération encadrée par des lieutenants de louveterie. L’autorisation sera restreinte dans le temps et dans l’espace : Sa validité sera de trente jours ; Sa validité se limite à la commune dans laquelle l'éleveur a participé à l'opération encadrée par les lieutenants de louveterie, ainsi qu'à ses communes voisines. "
CD561,,Rejeté,Article 14,Première délibération,Roseren Xavier rapporteur,,Développement durable,1ère lecture (1ère assemblée saisie),https://www.assemblee-nationale.fr/dyn/17/amendements/2632/CION-DVP/CD561,https://www.assemblee-nationale.fr/dyn/opendata/AMANR5L17PO419865B2632P0D1N000561.xml,Rejeté,"Après l’alinéa 6, insérer l’alinéa suivant : « L’arrêté définit les conditions dans lesquelles le représentant de l’État dans le département peut autoriser tout éleveur exploitant à titre individuel ou sous forme sociétaire, tout propriétaire public ou privé d’une exploitation agricole d’élevage mettant en valeur des surfaces pâturées, ou tout mandataire désigné par lui, participant aux opérations de gestion destinées à lutter contre la prédation des troupeaux, à utiliser des appareils monoculaires ou binoculaires thermiques, à l’exclusion des appareils qui peuvent être mis en œuvre sans l’aide des mains dont les monoculaires équipés d’un adaptateur leur permettant d’être fixé sur une lunette de tir, sous réserve d’être titulaire d’un permis de chasser valide, d’avoir suivi une formation préalable auprès de l’Office français de la biodiversité et d’avoir préalablement participé à une opération encadrée par un ou plusieurs lieutenants de de louveterie. L’autorisation est délivrée pour une durée de trente jours, et se limite au périmètre de la commune où l’opération encadrée par un ou plusieurs lieutenants de louveterie a eu lieu, ainsi qu’à ses communes limitrophes. ","Cet amendement vise à ouvrir la possibilité aux seuls titulaires d’un permis de chasse d’utiliser des lunette thermiques afin de procéder à des tirs de loups dans le seul objectif de défendre leurs troupeaux. Ce moyen d’assistance est déjà autorisé pour la chasse et la destruction des espèces d’animaux classées comme susceptibles d’occasionner des dégâts. A droit constant, seuls les lieutenants de louveterie et les agents de l’OFB peuvent l’utiliser. Le présent amendement propose d’étendre son utilisation aux éleveurs titulaires d’un permis de chasse, sous réserve de satisfaire plusieurs conditions :Avoir suivi une formation préalable auprès de l'OFB ; Avoir préalablement participé à une opération encadrée par des lieutenants de louveterie. L'autorisation sera restreinte dans le temps et dans l'espace : Sa validité sera de trente jours ; Sa validité se limite à la commune dans laquelle l'éleveur a participé à l'opération encadrée par les lieutenants de louveterie, ainsi qu'à ses communes voisines. "
CD87,,Rejeté,Article 14,Première délibération,Tivoli Lionel,"  M. Blairy, Mme Bouquin, M. Dutremble, M. Evrard, M. Guibert, M. Houssin, Mme Lechanteux, M. Marchio, M. Markowsky, M. Meurin, Mme Roullaud et M. Schreck",Développement durable,1ère lecture (1ère assemblée saisie),https://www.assemblee-nationale.fr/dyn/17/amendements/2632/CION-DVP/CD87,https://www.assemblee-nationale.fr/dyn/opendata/AMANR5L17PO419865B2632P0D1N000087.xml,Rejeté,"Après l’alinéa 6, insérer l’alinéa suivant : « L’arrêté mentionné au quatrième alinéa identifie des zones caractérisées par une présence significative et récurrente du loup, dans lesquelles sont mises en œuvre des mesures renforcées d’éloignement, de prévention et de protection des troupeaux. Ces zones sont définies sur la base de données objectives et actualisées relatives à la pression de prédation. Un décret en Conseil d’État précise les modalités d’application du présent alinéa ».","Depuis une quinzaine d’années, le loup étend progressivement sa présence sur le territoire. Pendant longtemps, toute discussion sur ses impacts était impossible à mener tant le débat était faussé par des prises de position idéologiques. Pourtant, sa progression actuelle l’amène désormais à s’approcher, voire à pénétrer, dans des zones urbanisées. Des observations répétées ont ainsi été signalées à proximité immédiate, ou au cœur même de villes comme Nice, Menton ou Grasse. La présence du loup a des effets directes sur la faune sauvage et les animaux domestiques. Cette proximité soulève des inquiétudes légitimes, tant pour les animaux domestiques que pour les populations humaines. Preuve en est, il a fallu attendre le décès du poney d’Ursula Von Der Leyen pour que l’on se décide enfin à mener un débat de fond.Le loup demeure une espèce sauvage, dont la place n’est pas en milieu urbain. Il apparaît donc nécessaire de mettre en œuvre des dispositifs adaptés visant à limiter son approche, renforcer les moyens de protection, et instaurer de véritables zones tampons entre espaces naturels et zones habitées."
2091,,Non renseigné,Article 14,Première délibération,Violland Anne-Cécile,"  M. Alfandari, M. Albertini, Mme Bellamy, M. Berrios, M. Blanchard, M. Bouyx, M. Brard, Mme Colin-Oesterlé, M. Criaud, M. Fait, Mme Firmin Le Bodo, M. Gernigon, Mme Gérard, M. Henriet, M. Jolivet, M. Kervran, M. Lam, M. Lemaire, Mme Ludmann, Mme Lise Magnier, M. Marle, Mme Parmentier-Lecocq, M. Patrier-Leitus, Mme Piron, M. Plassard, M. Portarrieu, Mme Poussier-Winsback, Mme Rauch, Mme Saint-Paul, M. Thiébaut, M. Valletoux, M. Marcangeli et M. Benoit",Séance publique,1ère lecture (1ère assemblée saisie),https://www.assemblee-nationale.fr/dyn/17/amendements/2765/AN/2091,https://www.assemblee-nationale.fr/dyn/opendata/AMANR5L17PO838901BTC2765P0D1N002091.xml,Non renseigné,"Après l’alinéa 6, insérer l’alinéa suivant : « L’arrêté précise les conditions dans lesquelles le préfet de département définit, après accord du préfet coordonnateur du plan national d’actions sur le loup, les communes revêtant le caractère de zone pouvant difficilement être protégée, en raison des caractéristiques topographiques et écologiques des milieux exploités par les troupeaux empêchant la mise en œuvre de moyens de protection efficace des troupeaux d’ovins et de caprins. »","Cet amendement vise à inscrire dans la loi la définition des zones difficilement protégeables (ZDP). En raison de leurs caractéristiques géographiques et topographiques, les élevages situés dans ces zones ne peuvent pas être efficacement protégés de la prédation du loup. "
753,,Non renseigné,Article 14,Première délibération,Roseren Xavier,,Séance publique,1ère lecture (1ère assemblée saisie),https://www.assemblee-nationale.fr/dyn/17/amendements/2765/AN/753,https://www.assemblee-nationale.fr/dyn/opendata/AMANR5L17PO838901BTC2765P0D1N000753.xml,Non renseigné,"Après l’alinéa 6, insérer l’alinéa suivant : « L’arrêté précise les conditions dans lesquelles le préfet de département définit, après accord du préfet coordonnateur du plan national d’actions sur le loup, les communes revêtant le caractère de zone pouvant difficilement être protégée, en raison des caractéristiques topographiques et écologiques des milieux exploités par les troupeaux empêchant la mise en œuvre de moyens de protection efficace des troupeaux d’ovins et de caprins. »","Cet amendement vise à inscrire dans la loi la définition des zones difficilement protégeables (ZDP). En raison de leurs caractéristiques géographiques et topographiques, les élevages situés dans ces zones ne peuvent pas être efficacement protégés de la prédation du loup. L’objectif de cet amendement est de leur conférer une définition légale. Elles pourront être définies par le préfet de département, sous couvert de l’accord préalable du préfet coordonnateur du plan national d’actions sur le loup. "
CD562,,Retiré,Article 14,Première délibération,Roseren Xavier rapporteur,,Développement durable,1ère lecture (1ère assemblée saisie),https://www.assemblee-nationale.fr/dyn/17/amendements/2632/CION-DVP/CD562,https://www.assemblee-nationale.fr/dyn/opendata/AMANR5L17PO419865B2632P0D1N000562.xml,Retiré,"Après l’alinéa 6, insérer l’alinéa suivant : « L’arrêté précise les conditions dans lesquelles le préfet de département définit, après accord du préfet coordonnateur sur le loup, les communes revêtant le caractère de zone difficilement protégeable, en raison caractéristiques topographiques et écologiques des milieux exploités par les troupeaux empêchant la mise en œuvre de moyens de protection efficace des troupeaux d’ovins et de caprins. »","Cet amendement vise à conférer une base légale aux zones difficilement protégeables (ZDP), qui recensent les zones dans lesquelles les pâturages d’ovins et de caprins sont où les tirs de défense et de prélèvement du loup ne sont plus conditionnés par l’engagement de mettre en œuvre de mesures de protection des troupeaux. Les zones difficilement protégeables bénéficient du même régime juridique que les élevages protégés, en raison de leurs caractéristiques géographiques : ils sont souvent situés sur des terrains de montagne où la mise en place de clôtures est inopérante.L’objectif de cet amendement est de permettre au préfet de définir des zones difficilement protégeables afin de ne pas imposer les mêmes exigences de protection sans tenir compte des spécificités des pâturages de montagnards, pour lutter efficacement contre la prédation lupine. "
373,,Non renseigné,Article 14,Première délibération,Grangier Géraldine,"  Mme Auzanot, M. Allisio, M. Amblard, M. Ballard, Mme Bamana, M. Baubry, M. Beaurain, M. Bentz, M. Bernhardt, M. Bigot, M. Bilde, M. Blairy, Mme Blanc, M. Boccaletti, M. Boulogne, Mme Bouquin, M. Bovet, M. Buisson, M. Casterman, M. Chaumeil, M. Chenu, M. Chudeau, M. Clavet, Mme Colombier, Mme Da Conceicao Carvalho, M. de Fleurian, M. de Lépinau, Mme Dellong Meng, M. Dessigny, Mme Diaz, Mme Dogor-Such, M. Dragon, M. Dufosset, M. Dussausaye, M. Dutremble, M. Evrard, M. Falcon, M. Florquin, M. Fouquart, M. Frappé, M. Gabarron, Mme Galzy, M. Gery, M. Giletti, M. Gillet, M. Christian Girard, M. Golliot, M. Gonzalez, Mme Florence Goulet, Mme Griseti, M. Guibert, M. Guiniot, M. Guitton, Mme Hamelet, M. Houssin, M. Humbert, M. Jacobelli, M. Jenft, M. Jolly, Mme Joncour, M. Jordan, Mme Josserand, Mme Joubert, Mme Laporte, Mme Lavalette, M. Le Bourgeois, Mme Le Pen, Mme Lechanteux, Mme Lechon, Mme Lelouis, Mme Levavasseur, M. Limongi, M. Lioret, Mme Loir, Mme Lorho, M. Lottiaux, M. Loubet, M. David Magnier, Mme Marais-Beuil, M. Marchio, M. Markowsky, M. Patrice Martin, Mme Martinez, M. Mauvieux, M. Meizonnet, M. Meurin, M. Monnier, M. Muller, Mme Mélin, Mme Ménaché, M. Ménagé, M. Odoul, Mme Parmentier, M. Perez, M. Pfeffer, Mme Pollet, M. Rambaud, Mme Ranc, M. Rancoule, M. Renault, Mme Rimbert, M. Rivière, Mme Robert-Dehault, Mme Roullaud, Mme Roy, Mme Sabatini, M. Sabatou, M. Salmon, M. Schreck, Mme Sicard, M. Emmanuel Taché, M. Jean-Philippe Tanguy, M. Taverne, M. Tesson, M. Tivoli, M. Tomatis, M. Tonussi, M. Tribuiani, M. Villedieu, M. Vos et M. Weber",Séance publique,1ère lecture (1ère assemblée saisie),https://www.assemblee-nationale.fr/dyn/17/amendements/2765/AN/373,https://www.assemblee-nationale.fr/dyn/opendata/AMANR5L17PO838901BTC2765P0D1N000373.xml,Non renseigné,"Après l’alinéa 6, insérer l’alinéa suivant :« Les modalités de mise en œuvre de ces mesures ne peuvent avoir pour effet de retarder de manière disproportionnée l’intervention lorsque des attaques sur les troupeaux ont été constatées. Elles garantissent une réponse rapide et adaptée à la réalité des dommages constatés. »","Le dispositif proposé encadre les mesures de gestion du loup par des régimes de déclaration ou d’autorisation définis par arrêté.Si cet encadrement répond à un objectif de sécurité juridique et de conservation de l’espèce, les retours de terrain convergent pour souligner les délais et les contraintes administratives qui peuvent en résulter, susceptibles de ralentir l’intervention en cas d’attaque.Or, l’efficacité des mesures de protection repose sur leur rapidité. Tout décalage entre la constatation des dommages et l’intervention réduit significativement l’effet dissuasif des prélèvements et expose les exploitations à des pertes répétées.Cet amendement vise à garantir que les procédures administratives ne puissent retarder de manière disproportionnée l’intervention lorsque des attaques sont constatées.Il consacre la nécessité d’une réponse rapide, adaptée et proportionnée, condition indispensable à la protection effective des troupeaux."
CD296,,Rejeté,Article 14,Première délibération,Dutremble Aurélien,"  M. Blairy, Mme Bouquin, M. Evrard, M. Guibert, M. Houssin, M. Humbert, Mme Lechanteux, M. David Magnier, M. Marchio, M. Markowsky, M. Meurin, Mme Roullaud, Mme Sabatini, M. Schreck et M. Tivoli",Développement durable,1ère lecture (1ère assemblée saisie),https://www.assemblee-nationale.fr/dyn/17/amendements/2632/CION-DVP/CD296,https://www.assemblee-nationale.fr/dyn/opendata/AMANR5L17PO419865B2632P0D1N000296.xml,Rejeté,"Après l’alinéa 6, insérer les deux alinéas suivants :« Le loup (Canis lupus) est exclu du régime des espèces protégées mentionné à l’article L. 411‑1 du code de l’environnement.« Il fait l’objet d’un régime spécifique de gestion visant à assurer sa régulation tout en garantissant la protection des activités d’élevage. »","Cet amendement vise à tirer toutes les conséquences de l’évolution du statut du loup au niveau européen et de l’augmentation continue des attaques sur les troupeaux.Le maintien du loup dans le régime des espèces strictement protégées constitue aujourd’hui un obstacle majeur à une régulation efficace et adaptée aux réalités du terrain.Il est donc proposé de sortir explicitement le loup de ce régime afin de permettre la mise en oeuvre de politiques de gestion plus équilibrées, donnant la priorité à la protection des éleveurs et à la pérennité des activités agricoles. "
CD294,,Non soutenu,Article 14,Première délibération,Dutremble Aurélien,,Développement durable,1ère lecture (1ère assemblée saisie),https://www.assemblee-nationale.fr/dyn/17/amendements/2632/CION-DVP/CD294,https://www.assemblee-nationale.fr/dyn/opendata/AMANR5L17PO419865B2632P0D1N000294.xml,Non soutenu,"Après l’alinéa 6, insérer les deux alinéas suivants :« Le plafond annuel de prélèvement du loup ne peut être inférieur à 30 % de la population estimée sur le territoire national.« Ces prélèvements sont mis en œuvre dans des conditions garantissant le maintien, à tout moment, d’une population minimale de 500 individus sur le territoire national. »",Le plafond actuel de prélèvement est insuffisant pour répondre à l’augmentation de la prédation.Cet amendement vise à garantir une régulation réellement efficace en fixant un seuil minimal de prélèvement.
CD563,,Adopté,Article 14,Première délibération,Roseren Xavier rapporteur,,Développement durable,1ère lecture (1ère assemblée saisie),https://www.assemblee-nationale.fr/dyn/17/amendements/2632/CION-DVP/CD563,https://www.assemblee-nationale.fr/dyn/opendata/AMANR5L17PO419865B2632P0D1N000563.xml,Adopté,"Après l’alinéa 7, insérer l’alinéa suivant : « I bis. – Les tirs d’effarouchement et de défense ne peuvent être interdits dans les espaces protégés mentionnés aux articles L. 331‑1, L. 332‑1 et L. 341‑1, à l’exception des cœurs de parcs nationaux définis à l’article L. 331‑2. »","Cet amendement vise à remédier à l’inégalité à laquelle sont confrontés les éleveurs situés dans les Réserves naturelles et Parcs nationaux, en prévoyant d’autoriser les tirs d’effarouchement et de défense. L’amendement exclut cependant les cœurs de parcs nationaux, dont la réglementation peut interdire totalement la chasse et la destruction d’espèces."
CD82,,Rejeté,Article 14,Première délibération,Tivoli Lionel,"  M. Schreck, Mme Sabatini, M. Blairy, Mme Bouquin, M. Dutremble, M. Evrard, M. Guibert, M. Humbert, Mme Lechanteux, M. Marchio, M. Markowsky et Mme Roullaud",Développement durable,1ère lecture (1ère assemblée saisie),https://www.assemblee-nationale.fr/dyn/17/amendements/2632/CION-DVP/CD82,https://www.assemblee-nationale.fr/dyn/opendata/AMANR5L17PO419865B2632P0D1N000082.xml,Rejeté,"Après l’alinéa 7, insérer les cinq alinéas suivants : « I bis. – Le représentant de l’État dans le département peut délimiter, par arrêté, des zones de régulation renforcée du loup (Canis lupus) regroupant les communes dans lesquelles les activités pastorales subissent des perturbations graves et durables du fait d’attaques de loups causant des dommages importants.« Dans les zones de régulation renforcée du loup, l’abattage de spécimens de l’espèce Canis lupus peut être autorisé par arrêté préfectoral, dans la limite d’un plafond de destruction propre à chaque zone et sans préjudice du respect de l’état de conservation favorable de l’espèce sur le territoire national.« Les zones de régulation renforcée du loup sont délimitées au regard de l’importance et de la répétition des dommages constatés, ainsi que de l’ampleur des perturbations causées aux activités pastorales, lorsque ces dommages persistent malgré la mise en œuvre de mesures de protection adaptées.« Les autorisations délivrées en application du présent article ne peuvent avoir pour effet de porter atteinte au maintien de l’espèce dans un état de conservation favorable sur le territoire national.« Un décret en Conseil d’État précise les modalités d’application du présent article, notamment les critères de délimitation des zones, les conditions d’autorisation des opérations d’abattage et les modalités de fixation des plafonds de destruction. »","Les activités pastorales souffrent d’attaques répétées de loups gris (canis lupus), notamment dans le Sud-est de la France et plus particulièrement dans le massif Alpin. Il en résulte une activité économique locale gravement perturbée et des éleveurs plongésdans une insécurité économique et financière mais également sociale.Le nombre d’attaques de loups sur les troupeaux est passé de 984 en 2010 à 3 730 en2020, démontrant que la situation est urgente. Dans le détail, 3 791 animaux ont péri en 2010 à la suite de ces attaques aux loups, contre 11 849 en 2020, soit une augmentation de 213 %.Pour se protéger, les éleveurs sont contraints de mettre la main à la poche pour se protéger. Au total, ils débourseraient 7,86 millions d’euros.Selon un rapport de la commission des finances de l’Assemblée Nationale, cette augmentation des incidents a également engendré une explosion des indemnisations pour dédommager partiellement les éleveurs touchés. Les indemnités de réparation perpétrées par les loups représentent 4,18 millions d’euros en 2019. De plus, les dépenses pour dédommager les victimes de loups sont passées de 1,09 million d’euros en 2010 à 3,96 millions d’euros en 2020. Une augmentation de 263 %.Cette enveloppe pourrait à l’avenir encore augmenter au vu de l’augmentation du nombre d’attaques aux loups ces dernières années.Si le principe reste celui de la protection des espèces, une dérogation peut être autorisée, via l’article L. 411‑2, 4° b) du code de l’environnement, « pour prévenir des dommages importants, notamment aux cultures, à l’élevage, aux forêts, aux pêcheries, aux eaux et à d’autres formes de propriété ».Par conséquent, ce présent dispositif a pour objet de créer des zones de régulation pour le loup regroupant les communes dans lesquelles les activités pastorales sont gravement perturbées par les attaques des loups qui causent des dommages importants. Ce texte, conforme à nos engagements internationaux, est une réponse au caractère insuffisant des mesures mises en place pour assurer un équilibre entre la protection du loup et les activités pastorales traditionnelles."
CD247,,Retiré,Article 14,Première délibération,Warsmann Jean-Luc,,Développement durable,1ère lecture (1ère assemblée saisie),https://www.assemblee-nationale.fr/dyn/17/amendements/2632/CION-DVP/CD247,https://www.assemblee-nationale.fr/dyn/opendata/AMANR5L17PO419865B2632P0D1N000247.xml,Retiré,"Après l’alinéa 7, insérer les deux alinéas suivant : « I bis. – Après l’article L. 424‑4 du code de l’environnement, il est inséré un article L. 424‑4‑1 ainsi rédigé :« Art. L. 424‑4‑1. – Pour le besoin de la défense des troupeaux contre les attaques de loups, les éleveurs exploitant à titre individuel ou sous forme sociétaire, groupement pastoraux, propriétaires publics ou privés d’une exploitation agricole d’élevage mettant en valeur des surfaces pâturées, ainsi que leurs mandataires titulaires du permis de chasse et ayant suivi une formation participant aux opérations de tirs létaux et de captures des loups dans les conditions prévues à l’article L. 411‑2‑4 sont habilités à utiliser après qu’ils aient participé à une opération encadrée par un ou plusieurs lieutenants de louveterie, sur la commune ou les communes sur lesquelles cette opération a eu lieu ainsi que sur le territoire des communes voisines, pour une durée de 30 jours, des appareil monoculaires ou binoculaires thermiques. » »","Au fil de ces derniers mois, il est apparu que le prélèvement de loups est un exercice de plus en plus difficile, accessible uniquement à des chasseurs formés et équipés.Il est encore plus difficile dans les zones agricoles d’élevage avec la présence de forêts, dans lesquelles la visibilité lointaine que permettent les prélèvements dans les zones d’alpages n’est pas permise. C’est le cas par exemple en Haute-Marne où la présence d’une brigade nationale spécialisée n’a pas permis pendant plusieurs jours le moindre prélèvement du fait de la nécessité pour les chasseurs de s’approcher du loup et de la fuite de celui-ci après qu’il ait détecté le danger. Ce recours est extrêmement encadré : il ne concerne que des titulaires du permis de chasse ayant suivi une formation aux opérations de tirs létaux et de captures de loups. Aujourd’hui ceux-ci sont autorisés à intervenir lorsqu’ils sont accompagnés de lieutenants de louveterie. Cet amendement leur donne la possibilité, à partir du moment où ils ont participé à au moins une opération encadrée par les lieutenants de louveterie de poursuivre celle-ci sur un périmètre limité, là où les communes où l’intervention encadrée par les lieutenants de louveterie a eu lieu et les communes immédiatement voisines, ce uniquement pour une durée de 30 jours. "
CD180,,Rejeté,Article 14,Première délibération,Dutremble Aurélien,"  M. Blairy, Mme Bouquin, M. Evrard, M. Guibert, M. Houssin, M. Humbert, Mme Lechanteux, M. David Magnier, M. Marchio, M. Markowsky, M. Meurin, Mme Roullaud, Mme Sabatini, M. Schreck et M. Tivoli",Développement durable,1ère lecture (1ère assemblée saisie),https://www.assemblee-nationale.fr/dyn/17/amendements/2632/CION-DVP/CD180,https://www.assemblee-nationale.fr/dyn/opendata/AMANR5L17PO419865B2632P0D1N000180.xml,Rejeté,"Après l’alinéa 7, insérer les deux alinéas suivants : « I bis. – Après l’article L. 415‑3 du code de l’environnement, il est inséré un article L. 415‑3‑1 ainsi rédigé :« Art. L. 415‑3‑1. – N’est pas pénalement responsable l’éleveur qui procède à la destruction d’un loup dans le but de défendre son troupeau contre une attaque, dès lors que son action est nécessaire et proportionnée. » »",Les éleveurs peuvent aujourd’hui être exposés à des poursuites pénales lorsqu’ils défendent leurs animaux contre des attaques de loups.Cet amendement vise à sécuriser juridiquement leurs actions lorsqu’elles sont justifiées par une situation de légitime défense.
CD164,,Non soutenu,Article 14,Première délibération,Brun Fabrice,"  M. Ray, M. Brigand, M. Cordier, Mme Sylvie Bonnet, M. Descoeur, M. Portier, Mme Corneloup et Mme Duby-Muller",Développement durable,1ère lecture (1ère assemblée saisie),https://www.assemblee-nationale.fr/dyn/17/amendements/2632/CION-DVP/CD164,https://www.assemblee-nationale.fr/dyn/opendata/AMANR5L17PO419865B2632P0D1N000164.xml,Non soutenu,"Après l’alinéa 7, insérer les deux alinéas suivants : « I bis. – Après l’article L. 423‑3 du code de l’environnement, il est inséré un article L. 423‑3‑1 ainsi rédigé :« Art. L. 423‑3‑1. – Pour le besoin de la défense des troupeaux contre les attaques de loups, les éleveurs exploitant à titre individuel ou sous forme sociétaire, groupements pastoraux, propriétaires publics ou privés d’une exploitation agricole d’élevage mettant en valeur des surfaces pâturées, ainsi que leurs mandataires titulaires du permis de chasse et ayant suivi une formation participant aux opérations de tirs létaux et de captures des loups dans les conditions prévues à l’article L. 411‑2‑4 sont habilités à utiliser des appareils monoculaires ou binoculaires thermiques, y compris des appareils qui peuvent être mis en œuvre sans l’aide des mains dont les monoculaires équipés d’un adaptateur leur permettant d’être fixés sur une lunette de tir. » »"," Le présent article répond au besoin identifié par les éleveurs de simplifier les procédures pour les éleveurs afin de défendre leurs troupeaux contre la prédation du loup. En effet, depuis de nombreuses années les troupeaux élevés en plein air subissent des attaques de loups de plus en plus fréquentes, qui occasionnent des prédations sur les animaux d’élevage de plus en plus nombreuses, malgré les mesures de protection mises en place par les éleveurs. Aujourd’hui, les éleveurs subissent de nombreux préjudices et des pertes au sein de leurs troupeaux. Cet amendement, inspiré de la proposition de loi de Jean-Luc Warsmann, député des Ardennes, vise à permettre aux éleveurs et à leurs mandataires titulaires d’un permis de chasse d’utiliser des lunettes de tir à visée nocturne, utilisables grâce à un système de fixation sur l’arme."
CD181,,Rejeté,Article 14,Première délibération,Dutremble Aurélien,"  M. Blairy, Mme Bouquin, M. Evrard, M. Guibert, M. Houssin, M. Humbert, Mme Lechanteux, M. David Magnier, M. Marchio, M. Markowsky, M. Meurin, Mme Roullaud, Mme Sabatini, M. Schreck et M. Tivoli",Développement durable,1ère lecture (1ère assemblée saisie),https://www.assemblee-nationale.fr/dyn/17/amendements/2632/CION-DVP/CD181,https://www.assemblee-nationale.fr/dyn/opendata/AMANR5L17PO419865B2632P0D1N000181.xml,Rejeté,"Après l’alinéa 7, insérer les deux alinéas suivants : « I bis. – Après l’article L. 427‑6 du code de l’environnement, il est inséré un article L. 427‑6‑1 ainsi rédigé :« Art. L. 427‑6‑1. – Dans les zones à forte activité pastorale, l’autorité administrative peut définir des zones de protection renforcée des troupeaux dans lesquelles la présence du loup justifie des mesures de prélèvement systématique. » »","Dans certains territoires, la cohabitation entre le loup et l’élevage extensif est devenue impossible.Cet amendement permet de créer des zones prioritaires de protection des troupeaux, dans lesquellesla régulation du loup est renforcée."
CD240,,Retiré,Article 14,Première délibération,Warsmann Jean-Luc,,Développement durable,1ère lecture (1ère assemblée saisie),https://www.assemblee-nationale.fr/dyn/17/amendements/2632/CION-DVP/CD240,https://www.assemblee-nationale.fr/dyn/opendata/AMANR5L17PO419865B2632P0D1N000240.xml,Retiré,"Après l’alinéa 7, insérer les deux alinéas suivants :« I bis. – Après le deuxième alinéa de l’article L. 332‑3 du code de l’environnement, il est inséré un alinéa ainsi rédigé :« « Par dérogation à l’alinéa précédent, l’effarouchement et le prélèvement des loups aux fins exclusives de la défense des troupeaux domestiques répondant aux conditions d’une dérogation prévue au I bis de l’article L. 411‑1 ne peuvent faire l’objet d’une interdiction réglementaire. » »",Il a été présenté sous l’amendement modifiant l’article L. 331‑11
CD478,,Retiré,Article 14,Première délibération,Warsmann Jean-Luc,,Développement durable,1ère lecture (1ère assemblée saisie),https://www.assemblee-nationale.fr/dyn/17/amendements/2632/CION-DVP/CD478,https://www.assemblee-nationale.fr/dyn/opendata/AMANR5L17PO419865B2632P0D1N000478.xml,Retiré,"Après l’alinéa 7, insérer les deux alinéas suivants : « I bis. – L’article L. 331‑4‑2 du code de l’environnement est complété par un alinéa ainsi rédigé :« « L’effarouchement et la destruction du loup (Canis lupus) aux fins exclusives de la défense des troupeaux, sous réserve de satisfaire les conditions mentionnées au I bis de l’article L. 411‑1 du code de l’environnement, ne peuvent faire l’objet d’une interdiction règlementaire. » »","Cet amendement vise à étendre les mesures de protection des élevages face à la prédation du loup dans les parcs nationaux, en raison de nombreux dommages constatés dans ces zones. Il proscrit la possibilité d’interdire l’effarouchement et la destruction du loup pour les seules nécessités de défense des troupeaux."
1684,,Non renseigné,Après l'article 14,Première délibération,Pochon Marie,"  Mme Voynet, M. Biteau, Mme Belluco, M. Nicolas Bonnet, Mme Ozenne, M. Peytavie, M. Raux, M. Tavernier et M. Thierry",Séance publique,1ère lecture (1ère assemblée saisie),https://www.assemblee-nationale.fr/dyn/17/amendements/2765/AN/1684,https://www.assemblee-nationale.fr/dyn/opendata/AMANR5L17PO838901BTC2765P0D1N001684.xml,Non renseigné,"Après l’article L. 113‑3 du code rural et de la pêche maritime, il est inséré un article L. 113‑3‑1 ainsi rédigé : « Art. L. 113‑3‑1. – Le loup est réputé susceptible d’étendre son aire de présence à l’ensemble du territoire métropolitain. Des mesures de protection sont encouragées afin de prévenir les risques de prédation. Les conditions d’application du présent article sont fixées par décret en Conseil d’État. »","Cet amendement du groupe Écologiste et Social vise à anticiper l’extension progressive de l’aire de présence du loup sur le territoire national métropolitain et à renforcer les dispositifs de prévention de la prédation sur les troupeaux.La dynamique actuelle de colonisation observée dans de nombreux départements conduit un nombre croissant d’éleveurs à être confrontés, à court ou moyen terme, à un risque de prédation. Or, les dispositifs de protection demeurent aujourd’hui largement conditionnés au zonage administratif des « cercles loup » (0, 1, 2 ou 3), qui limite l’accès anticipé aux mesures de prévention.En réputant le loup susceptible d’étendre son aire de présence à l’ensemble du territoire métropolitain, cet amendement encourage la mise en place préventive de mesures de protection, notamment dans les zones situées à proximité des nouveaux fronts de colonisation.Cette évolution vise à donner aux éleveurs la possibilité d’anticiper l’arrivée du loup, de sécuriser leurs pratiques d’élevage et d’accéder plus largement aux dispositifs d’accompagnement prévus par l’État.Elle participe également d’une logique de gradation des réponses à la prédation, fondée prioritairement sur la prévention et la protection des troupeaux, avant le recours aux tirs."
1217,,Non renseigné,Après l'article 14,Première délibération,Dutremble Aurélien,"  M. Allisio, M. Amblard, Mme Auzanot, M. Ballard, Mme Bamana, M. Baubry, M. Beaurain, M. Bentz, M. Bernhardt, M. Bigot, M. Bilde, M. Blairy, Mme Blanc, M. Boccaletti, M. Boulogne, Mme Bouquin, M. Bovet, M. Buisson, M. Casterman, M. Chaumeil, M. Chenu, M. Chudeau, M. Clavet, Mme Colombier, Mme Da Conceicao Carvalho, M. de Fleurian, M. de Lépinau, Mme Dellong Meng, M. Dessigny, Mme Diaz, Mme Dogor-Such, M. Dragon, M. Dufosset, M. Dussausaye, M. Evrard, M. Falcon, M. Florquin, M. Fouquart, M. Frappé, M. Gabarron, Mme Galzy, M. Gery, M. Giletti, M. Gillet, M. Christian Girard, M. Golliot, M. Gonzalez, Mme Florence Goulet, Mme Grangier, Mme Griseti, M. Guibert, M. Guiniot, M. Guitton, Mme Hamelet, M. Houssin, M. Humbert, M. Jacobelli, M. Jenft, M. Jolly, Mme Joncour, M. Jordan, Mme Josserand, Mme Joubert, Mme Laporte, Mme Lavalette, M. Le Bourgeois, Mme Le Pen, Mme Lechanteux, Mme Lechon, Mme Lelouis, Mme Levavasseur, M. Limongi, M. Lioret, Mme Loir, Mme Lorho, M. Lottiaux, M. Loubet, M. David Magnier, Mme Marais-Beuil, M. Marchio, M. Markowsky, M. Patrice Martin, Mme Martinez, M. Mauvieux, M. Meizonnet, M. Meurin, M. Monnier, M. Muller, Mme Mélin, Mme Ménaché, M. Ménagé, M. Odoul, Mme Parmentier, M. Perez, M. Pfeffer, Mme Pollet, M. Rambaud, Mme Ranc, M. Rancoule, M. Renault, Mme Rimbert, M. Rivière, Mme Robert-Dehault, Mme Roullaud, Mme Roy, Mme Sabatini, M. Sabatou, M. Salmon, M. Schreck, Mme Sicard, M. Emmanuel Taché, M. Jean-Philippe Tanguy, M. Taverne, M. Tesson, M. Tivoli, M. Tomatis, M. Tonussi, M. Tribuiani, M. Villedieu, M. Vos et M. Weber",Séance publique,1ère lecture (1ère assemblée saisie),https://www.assemblee-nationale.fr/dyn/17/amendements/2765/AN/1217,https://www.assemblee-nationale.fr/dyn/opendata/AMANR5L17PO838901BTC2765P0D1N001217.xml,Non renseigné,"Après l’article L. 411‑2 du code de l’environnement, il est inséré un article L. 411‑2‑1‑1 ainsi rédigé :« Art. L. 411‑2‑1‑1. – La protection des activités d’élevage constitue un objectif d’intérêt général majeur.« Dans les territoires exposés à la prédation, la gestion des espèces prédatrices, notamment le loup (Canis lupus), s’exerce en tenant compte prioritairement de la préservation des troupeaux, de la viabilité économique des exploitations agricoles et de la sécurité des éleveurs. »","Le présent amendement vise à consacrer dans la loi la primauté de l’activité d’élevage face à la prédation du loup.Alors que le projet de loi reconnaît la nécessité de renforcer la défense des troupeaux, il ne fixe pas de hiérarchie claire entre la protection des espèces et la sauvegarde des activités agricoles.Dans un contexte d’augmentation continue des attaques, il est indispensable d’affirmer que la pérennité de l’élevage constitue un objectif d’intérêt général majeur, devant guider l’ensemble des décisions administratives."
1076,,Non renseigné,Après l'article 14,Première délibération,Schreck Philippe,"  M. Allisio, M. Amblard, Mme Auzanot, M. Ballard, Mme Bamana, M. Baubry, M. Beaurain, M. Bentz, M. Bernhardt, M. Bigot, M. Bilde, M. Blairy, Mme Blanc, M. Boccaletti, M. Boulogne, Mme Bouquin, M. Bovet, M. Buisson, M. Casterman, M. Chaumeil, M. Chenu, M. Chudeau, M. Clavet, Mme Colombier, Mme Da Conceicao Carvalho, M. de Fleurian, M. de Lépinau, Mme Dellong Meng, M. Dessigny, Mme Diaz, Mme Dogor-Such, M. Dragon, M. Dufosset, M. Dussausaye, M. Dutremble, M. Evrard, M. Falcon, M. Florquin, M. Fouquart, M. Frappé, M. Gabarron, Mme Galzy, M. Gery, M. Giletti, M. Gillet, M. Christian Girard, M. Golliot, M. Gonzalez, Mme Florence Goulet, Mme Grangier, Mme Griseti, M. Guibert, M. Guiniot, M. Guitton, Mme Hamelet, M. Houssin, M. Humbert, M. Jacobelli, M. Jenft, M. Jolly, Mme Joncour, M. Jordan, Mme Josserand, Mme Joubert, Mme Laporte, Mme Lavalette, M. Le Bourgeois, Mme Le Pen, Mme Lechanteux, Mme Lechon, Mme Lelouis, Mme Levavasseur, M. Limongi, M. Lioret, Mme Loir, Mme Lorho, M. Lottiaux, M. Loubet, M. David Magnier, Mme Marais-Beuil, M. Marchio, M. Markowsky, M. Patrice Martin, Mme Martinez, M. Mauvieux, M. Meizonnet, M. Meurin, M. Monnier, M. Muller, Mme Mélin, Mme Ménaché, M. Ménagé, M. Odoul, Mme Parmentier, M. Perez, M. Pfeffer, Mme Pollet, M. Rambaud, Mme Ranc, M. Rancoule, M. Renault, Mme Rimbert, M. Rivière, Mme Robert-Dehault, Mme Roullaud, Mme Roy, Mme Sabatini, M. Sabatou, M. Salmon, Mme Sicard, M. Emmanuel Taché, M. Jean-Philippe Tanguy, M. Taverne, M. Tesson, M. Tivoli, M. Tomatis, M. Tonussi, M. Tribuiani, M. Villedieu, M. Vos et M. Weber",Séance publique,1ère lecture (1ère assemblée saisie),https://www.assemblee-nationale.fr/dyn/17/amendements/2765/AN/1076,https://www.assemblee-nationale.fr/dyn/opendata/AMANR5L17PO838901BTC2765P0D1N001076.xml,Non renseigné,"Après l’article L. 411‑2‑2 du code de l’environnement, il est inséré un article L. 411‑2‑3 ainsi rédigé :« Art. 411‑2-3. – Sont réputés répondre à une raison impérative d’intérêt public majeur, au sens des b et c du 4° du I de l’article L. 411‑2, les activités d’élevage ayant fait l’objet d’une ou plusieurs attaques ou sur lesquelles pèse un risque imminent et avéré de prédation par une espèce inscrite sur la liste prévue au 1° du même I. » »","Tout comme les mesures du Plan Loup 2024 2029, celles proposées dans le cadre du présent projet de loi s’avèrent insuffisantes et trop soumises au bon vouloir des autorités administratives ou à une jurisprudence qui priorise le loup au détriment des éleveurs.Lorsqu’elles sont délivrées, lorsqu’elles ne sont pas conditionnées à des exigences de protection coûteuses et parfois irréalistes, lorsqu’elles ne sont pas annulées par le juge administratif, les autorisations de tirs - de défense comme de prélèvement - demeurent toujours trop limitées et bien trop lentes à être mises en œuvre face à un carnassier aussi mobile et insatiable, dont l’instinct de tuer dépasse le simple besoin de subsistante, et qui a le temps de faire d’autres massacres avant d’en être empêché, s’il l’est…Si l’élimination passée de ces espèces est jugée aujourd’hui, de manière rétroactive, comme excessive, leur présente surprotection l’est autant si ce n’est plus !Cet amendement vise donc à corriger les excès de la surprotection juridique dont bénéficient certaines espèces de prédateurs - et pas seulement le loup, comme le mentionne l’avis du Conseil d’État - réintroduits naturellement ou artificiellement dans nos écosystèmes, lorsqu’elles menacent de manière imminente, directe et avérée les cheptels, ou lorsque des attaques ont été constatées.Il vise à ce que les prédateurs faisant l’objet de ces protections, parfois obsolètes ou exorbitantes, ne puissent mettre en danger – comme c’est aujourd’hui le cas – tant les personnes que les activités économiques, notamment traditionnelles qui font partie du patrimoine de notre pays ou d’un ensemble reconnu patrimoine de l’humanité ; dans le cas présent, le pastoralisme dont le modèle économique est assurément viable et, de plus, majoritairement ‘localiste’.Le présent amendement propose donc – sous la condition essentielle d’un risque imminent et avéré de prédation, ou à la suite d’une ou plusieurs attaques – de prioriser et de légitimer la défense des élevages au titre de la raison impérative d’intérêt public majeur."
926,,Non renseigné,Après l'article 14,Première délibération,Dutremble Aurélien,"  M. Allisio, M. Amblard, Mme Auzanot, M. Ballard, Mme Bamana, M. Baubry, M. Beaurain, M. Bentz, M. Bernhardt, M. Bigot, M. Bilde, M. Blairy, Mme Blanc, M. Boccaletti, M. Boulogne, Mme Bouquin, M. Bovet, M. Buisson, M. Casterman, M. Chaumeil, M. Chenu, M. Chudeau, M. Clavet, Mme Colombier, Mme Da Conceicao Carvalho, M. de Fleurian, M. de Lépinau, Mme Dellong Meng, M. Dessigny, Mme Diaz, Mme Dogor-Such, M. Dragon, M. Dufosset, M. Dussausaye, M. Evrard, M. Falcon, M. Florquin, M. Fouquart, M. Frappé, M. Gabarron, Mme Galzy, M. Gery, M. Giletti, M. Gillet, M. Christian Girard, M. Golliot, M. Gonzalez, Mme Florence Goulet, Mme Grangier, Mme Griseti, M. Guibert, M. Guiniot, M. Guitton, Mme Hamelet, M. Houssin, M. Humbert, M. Jacobelli, M. Jenft, M. Jolly, Mme Joncour, M. Jordan, Mme Josserand, Mme Joubert, Mme Laporte, Mme Lavalette, M. Le Bourgeois, Mme Le Pen, Mme Lechanteux, Mme Lechon, Mme Lelouis, Mme Levavasseur, M. Limongi, M. Lioret, Mme Loir, Mme Lorho, M. Lottiaux, M. Loubet, M. David Magnier, Mme Marais-Beuil, M. Marchio, M. Markowsky, M. Patrice Martin, Mme Martinez, M. Mauvieux, M. Meizonnet, M. Meurin, M. Monnier, M. Muller, Mme Mélin, Mme Ménaché, M. Ménagé, M. Odoul, Mme Parmentier, M. Perez, M. Pfeffer, Mme Pollet, Mme Ranc, M. Rambaud, M. Rancoule, M. Renault, Mme Rimbert, M. Rivière, Mme Robert-Dehault, Mme Roullaud, Mme Roy, Mme Sabatini, M. Sabatou, M. Salmon, M. Schreck, Mme Sicard, M. Emmanuel Taché, M. Jean-Philippe Tanguy, M. Taverne, M. Tesson, M. Tivoli, M. Tomatis, M. Tonussi, M. Tribuiani, M. Villedieu, M. Vos et M. Weber",Séance publique,1ère lecture (1ère assemblée saisie),https://www.assemblee-nationale.fr/dyn/17/amendements/2765/AN/926,https://www.assemblee-nationale.fr/dyn/opendata/AMANR5L17PO838901BTC2765P0D1N000926.xml,Non renseigné,"Après l’article L. 415‑3 du code de l’environnement, il est inséré un article L. 415‑3‑1 ainsi rédigé :« Art. L. 415‑3‑1. – N’est pas pénalement responsable l’éleveur qui procède à la destruction d’un loup dans le but de défendre son troupeau contre une attaque, dès lors que son action est nécessaire et proportionnée. » »",Les éleveurs peuvent aujourd’hui être exposés à des poursuites pénales lorsqu’ils défendent leurs animaux contre des attaques de loups.Cet amendement vise à sécuriser juridiquement leurs actions lorsqu’elles sont justifiées par une situation de légitime défense.
364,,Non renseigné,Après l'article 14,Première délibération,Brun Fabrice,"  Mme Blin, Mme Bonnivard, M. Portier, M. Ray, Mme Corneloup, M. Bony et M. Le Fur",Séance publique,1ère lecture (1ère assemblée saisie),https://www.assemblee-nationale.fr/dyn/17/amendements/2765/AN/364,https://www.assemblee-nationale.fr/dyn/opendata/AMANR5L17PO838901BTC2765P0D1N000364.xml,Non renseigné,"Après l’article L. 423‑3 du code de l’environnement, il est inséré un article L. 423‑3‑1 ainsi rédigé :« Art. L. 423‑3‑1. – Pour le besoin de la défense des troupeaux contre les attaques de loups, les éleveurs exploitant à titre individuel ou sous forme sociétaire, groupements pastoraux, propriétaires publics ou privés d’une exploitation agricole d’élevage mettant en valeur des surfaces pâturées, ainsi que leurs mandataires titulaires du permis de chasse et ayant suivi une formation participant aux opérations de tirs létaux et de captures des loups dans les conditions prévues à l’article L. 411‑2‑4 sont habilités à utiliser des appareils monoculaires ou binoculaires thermiques, y compris des appareils qui peuvent être mis en œuvre sans l’aide des mains dont les monoculaires équipés d’un adaptateur leur permettant d’être fixés sur une lunette de tir. »"," Le présent article répond au besoin identifié par les éleveurs de simplifier les procédures pour les éleveurs afin de défendre leurs troupeaux contre la prédation du loup. En effet, depuis de nombreuses années les troupeaux élevés en plein air subissent des attaques de loups de plus en plus fréquentes, qui occasionnent des prédations sur les animaux d’élevage de plus en plus nombreuses, malgré les mesures de protection mises en place par les éleveurs. Aujourd’hui, les éleveurs subissent de nombreux préjudices et des pertes au sein de leurs troupeaux. Cet amendement, inspiré de la proposition de loi de Jean-Luc Warsmann, député des Ardennes, vise à permettre aux éleveurs et à leurs mandataires titulaires d’un permis de chasse d’utiliser des lunettes de tir à visée nocturne, utilisables grâce à un système de fixation sur l’arme."
2023,,Non renseigné,Après l'article 14,Première délibération,Descoeur Vincent,"  M. Wauquiez, M. Barnier, M. Bazin, Mme Bazin-Malgras, Mme Blin, Mme Sylvie Bonnet, M. Bony, Mme Bonnivard, M. Bourgeaux, M. Breton, M. Brigand, M. Fabrice Brun, M. Ceccoli, Mme Chazé, M. Cordier, Mme Corneloup, Mme Dalloz, Mme de Maistre, M. Dive, Mme Duby-Muller, M. Duparay, M. Gosselin, Mme Gruet, M. Herbillon, M. Hetzel, M. Juvin, M. Le Fur, M. Liger, M. Liégeon, Mme Martin (Alpes-Maritimes), Mme Frédérique Meunier, Mme Minard, M. Neuder, M. Pauget, M. Portier, M. Ray, Mme Rey-Rinchet, M. Rolland, Mme Tabarot, M. Taite, M. Thiériot, M. Tryzna et M. Vermorel-Marques",Séance publique,1ère lecture (1ère assemblée saisie),https://www.assemblee-nationale.fr/dyn/17/amendements/2765/AN/2023,https://www.assemblee-nationale.fr/dyn/opendata/AMANR5L17PO838901BTC2765P0D1N002023.xml,Non renseigné,"Après l’article L. 423‑3 du code de l’environnement, il est inséré un article L. 423‑3‑1 ainsi rédigé :« Art. L. 423‑3‑1. – Pour le besoin de la défense des troupeaux contre les attaques de loups, les éleveurs exploitant à titre individuel ou sous forme sociétaire, groupements pastoraux, propriétaires publics ou privés d’une exploitation agricole d’élevage mettant en valeur des surfaces pâturées, ainsi que leurs mandataires titulaires du permis de chasse et ayant suivi une formation participant aux opérations de tirs létaux et de captures des loups sont habilités à utiliser des appareils monoculaires ou binoculaires thermiques, y compris des appareils qui peuvent être mis en œuvre sans l’aide des mains dont les monoculaires équipés d’un adaptateur leur permettant d’être fixés sur une lunette de tir. »","Le présent amendement du groupe Droite Républicaine vise à permettre aux éleveurs et à leurs mandataires titulaires d’un permis de chasse d’utiliser des lunettes de tir à visée nocturne, utilisables sans les mains grâce à un système de fixation sur l’arme.Il correspond à des dispositions de la proposition de loi portée par le député Jean-Luc Warsmann, visant à protéger les animaux élevés par nos agriculteurs de la prédation du loup."
1081,,Non renseigné,Après l'article 14,Première délibération,Dirx Benjamin,,Séance publique,1ère lecture (1ère assemblée saisie),https://www.assemblee-nationale.fr/dyn/17/amendements/2765/AN/1081,https://www.assemblee-nationale.fr/dyn/opendata/AMANR5L17PO838901BTC2765P0D1N001081.xml,Non renseigné,"Après l’article L. 423‑3 du code de l’environnement, il est inséré un article L. 423‑3‑1 ainsi rédigé :« Art. L. 423‑3‑1. – Pour le besoin de la défense des troupeaux contre les attaques de loups, les lieutenants de louveterie, les éleveurs exploitant à titre individuel ou sous forme sociétaire, groupements pastoraux, propriétaires publics ou privés d’une exploitation agricole d’élevage mettant en valeur des surfaces pâturées, ainsi que leurs mandataires titulaires du permis de chasse et ayant suivi une formation, participant aux opérations de tirs létaux et de captures des loups prévues par la loi, sont habilités à utiliser des appareils monoculaires ou binoculaires thermiques, y compris des appareils qui peuvent être mis en œuvre sans l’aide des mains dont les monoculaires équipés d’un adaptateur leur permettant d’être fixés sur une lunette de tir. »","Cet amendement vise à autoriser les éleveurs et leurs mandataires titulaires d’un permis de chasse à utiliser des lunettes de tir à visée thermique, utilisables sans les mains grâce à un système de fixation sur l’arme. Cette proposition tend à renforcer la sécurité et la fiabilité des opérations de tirs.Sourcing : Cet amendement été co-réalisé en partenariat avec la Fédération Départementale des Syndicats d'Exploitants Agricoles (FDSEA71)."
1099,,Non renseigné,Après l'article 14,Première délibération,Brulebois Danielle,,Séance publique,1ère lecture (1ère assemblée saisie),https://www.assemblee-nationale.fr/dyn/17/amendements/2765/AN/1099,https://www.assemblee-nationale.fr/dyn/opendata/AMANR5L17PO838901BTC2765P0D1N001099.xml,Non renseigné,"Après l’article L. 423‑3 du code de l’environnement, il est inséré un article L. 423‑3‑1 ainsi rédigé :« Art. L. 423‑3‑1. – Pour le besoin de la défense des troupeaux contre les attaques de loups, les lieutenants de louveterie, les éleveurs exploitant à titre individuel ou sous forme sociétaire, groupements pastoraux, propriétaires publics ou privés d’une exploitation agricole d’élevage mettant en valeur des surfaces pâturées, ainsi que leurs mandataires titulaires du permis de chasse et ayant suivi une formation, participant aux opérations de tirs létaux et de captures des loups prévues par la loi, sont habilités à utiliser des appareils monoculaires ou binoculaires thermiques, y compris des appareils qui peuvent être mis en œuvre sans l’aide des mains dont les monoculaires équipés d’un adaptateur leur permettant d’être fixés sur une lunette de tir. »","Cet amendement propose d’autoriser les éleveurs et leurs mandataires, titulaires d’un permis de chasse, à utiliser des lunettes de tir à visée thermique, fixables sur l’arme pour une utilisation sans les mains. Cette mesure vise à améliorer la sécurité et la fiabilité des opérations de tirs.Cet amendement a été travaillé avec la FNSEA."
1316,,Non renseigné,Après l'article 14,Première délibération,Corneloup Josiane,"  M. Tryzna, Mme Sylvie Bonnet, M. Cordier, M. Ray, M. Hetzel et M. Duparay",Séance publique,1ère lecture (1ère assemblée saisie),https://www.assemblee-nationale.fr/dyn/17/amendements/2765/AN/1316,https://www.assemblee-nationale.fr/dyn/opendata/AMANR5L17PO838901BTC2765P0D1N001316.xml,Non renseigné,"Après l’article L. 423‑3 du code de l’environnement, il est inséré un article L. 423‑3‑1 ainsi rédigé :« Art. L. 423‑3‑1. – Pour le besoin de la défense des troupeaux contre les attaques de loups, les lieutenants de louveterie, les éleveurs exploitant à titre individuel ou sous forme sociétaire, groupements pastoraux, propriétaires publics ou privés d’une exploitation agricole d’élevage mettant en valeur des surfaces pâturées, ainsi que leurs mandataires titulaires du permis de chasse et ayant suivi une formation, participant aux opérations de tirs létaux et de captures des loups prévues par la loi, sont habilités à utiliser des appareils monoculaires ou binoculaires thermiques, y compris des appareils qui peuvent être mis en œuvre sans l’aide des mains dont les monoculaires équipés d’un adaptateur leur permettant d’être fixés sur une lunette de tir. »","Cet amendement vise à autoriser les éleveurs et leurs mandataires titulaires d’un permis de chasse à utiliser des lunettes de tir à visée thermique, utilisables sans les mains grâce à un système de fixation sur l’arme. Cette proposition tend à renforcer la sécurité et la fiabilité des opérations de tirs."
1375,,Non renseigné,Après l'article 14,Première délibération,de Courson Charles,"  M. Castellani, M. Lenormand, M. Mazaury, Mme Sanquer et M. Taupiac",Séance publique,1ère lecture (1ère assemblée saisie),https://www.assemblee-nationale.fr/dyn/17/amendements/2765/AN/1375,https://www.assemblee-nationale.fr/dyn/opendata/AMANR5L17PO838901BTC2765P0D1N001375.xml,Non renseigné,"Après l’article L. 423‑3 du code de l’environnement, il est inséré un article L. 423‑3‑1 ainsi rédigé :« Art. L. 423‑3‑1. – Pour le besoin de la défense des troupeaux contre les attaques de loups, les lieutenants de louveterie, les éleveurs exploitant à titre individuel ou sous forme sociétaire, groupements pastoraux, propriétaires publics ou privés d’une exploitation agricole d’élevage mettant en valeur des surfaces pâturées, ainsi que leurs mandataires titulaires du permis de chasse et ayant suivi une formation, participant aux opérations de tirs létaux et de captures des loups prévues par la loi, sont habilités à utiliser des appareils monoculaires ou binoculaires thermiques, y compris des appareils qui peuvent être mis en œuvre sans l’aide des mains dont les monoculaires équipés d’un adaptateur leur permettant d’être fixés sur une lunette de tir. »","Cet amendement vise à autoriser les éleveurs et leurs mandataires titulaires d’un permis de chasse à utiliser des lunettes de tir à visée thermique, utilisables sans les mains grâce à un système de fixation sur l’arme. Cette proposition tend à renforcer la sécurité et la fiabilité des opérations de tirs.Il a été réalisé avec le concours de la FNSEA. "
1750,,Non renseigné,Après l'article 14,Première délibération,Warsmann Jean-Luc,,Séance publique,1ère lecture (1ère assemblée saisie),https://www.assemblee-nationale.fr/dyn/17/amendements/2765/AN/1750,https://www.assemblee-nationale.fr/dyn/opendata/AMANR5L17PO838901BTC2765P0D1N001750.xml,Non renseigné,"Après l’article L. 423‑3 du code de l’environnement, il est inséré un article L. 423‑3‑1 ainsi rédigé :« Art. L. 423‑3‑1. – Pour le besoin de la défense des troupeaux contre les attaques de loups, les lieutenants de louveterie, les éleveurs exploitant à titre individuel ou sous forme sociétaire, groupements pastoraux, propriétaires publics ou privés d’une exploitation agricole d’élevage mettant en valeur des surfaces pâturées, ainsi que leurs mandataires titulaires du permis de chasse et ayant suivi une formation, participant aux opérations de tirs létaux et de captures des loups prévues par la loi, sont habilités à utiliser des appareils monoculaires ou binoculaires thermiques, y compris des appareils qui peuvent être mis en œuvre sans l’aide des mains dont les monoculaires équipés d’un adaptateur leur permettant d’être fixés sur une lunette de tir. »","Cet amendement vise à autoriser les éleveurs et leurs mandataires titulaires d’un permis de chasse à utiliser des lunettes de tir à visée thermique, utilisables sans les mains grâce à un système de fixation sur l’arme. Cette proposition tend à renforcer la sécurité et la fiabilité des opérations de tirs.Cet amendement a été travaillé avec la FNSEA."
663,,Non renseigné,Après l'article 14,Première délibération,Cormier-Bouligeon François,,Séance publique,1ère lecture (1ère assemblée saisie),https://www.assemblee-nationale.fr/dyn/17/amendements/2765/AN/663,https://www.assemblee-nationale.fr/dyn/opendata/AMANR5L17PO838901BTC2765P0D1N000663.xml,Non renseigné,"Après l’article L. 423‑3 du code de l’environnement, il est inséré un article L. 423‑3‑1 ainsi rédigé :« Art. L. 423‑3‑1. – Pour le besoin de la défense des troupeaux contre les attaques de loups, les lieutenants de louveterie, les éleveurs exploitant à titre individuel ou sous forme sociétaire, groupements pastoraux, propriétaires publics ou privés d’une exploitation agricole d’élevage mettant en valeur des surfaces pâturées, ainsi que leurs mandataires titulaires du permis de chasse et ayant suivi une formation, participant aux opérations de tirs létaux et de captures des loups prévues par la loi, sont habilités à utiliser des appareils monoculaires ou binoculaires thermiques, y compris des appareils qui peuvent être mis en œuvre sans l’aide des mains dont les monoculaires équipés d’un adaptateur leur permettant d’être fixés sur une lunette de tir. »","La protection des troupeaux face à la prédation nécessite des outils adaptés et performants.Le présent amendement vise à autoriser les éleveurs et leurs mandataires titulaires d’un permis de chasse à utiliser des lunettes de tir à visée thermique, fixées directement sur l’arme pour une utilisation sans les mains.Cette mesure a pour objectif de renforcer la sécurité et la fiabilité des opérations de tirs, dans le respect des règles de chasse et de protection des espèces.Amendement travaillé avec les Jeunes Agriculteurs Centre-Val de Loire et la FNSEA"
729,,Non renseigné,Après l'article 14,Première délibération,Kervran Loïc,,Séance publique,1ère lecture (1ère assemblée saisie),https://www.assemblee-nationale.fr/dyn/17/amendements/2765/AN/729,https://www.assemblee-nationale.fr/dyn/opendata/AMANR5L17PO838901BTC2765P0D1N000729.xml,Non renseigné,"Après l’article L. 423‑3 du code de l’environnement, il est inséré un article L. 423‑3‑1 ainsi rédigé :« Art. L. 423‑3‑1. – Pour le besoin de la défense des troupeaux contre les attaques de loups, les lieutenants de louveterie, les éleveurs exploitant à titre individuel ou sous forme sociétaire, groupements pastoraux, propriétaires publics ou privés d’une exploitation agricole d’élevage mettant en valeur des surfaces pâturées, ainsi que leurs mandataires titulaires du permis de chasse et ayant suivi une formation, participant aux opérations de tirs létaux et de captures des loups prévues par la loi, sont habilités à utiliser des appareils monoculaires ou binoculaires thermiques, y compris des appareils qui peuvent être mis en œuvre sans l’aide des mains dont les monoculaires équipés d’un adaptateur leur permettant d’être fixés sur une lunette de tir. »","Cet amendement vise à autoriser les éleveurs et leurs mandataires titulaires d’un permis de chasse à utiliser des lunettes de tir à visée thermique, utilisables sans les mains grâce à un système de fixation sur l’arme. Cette proposition tend à renforcer la sécurité et la fiabilité des opérations de tirs.Cet amendement a été travaillé avec la Fédération Nationale des Syndicats d’Exploitants Agricoles Après le seizième alinéa, insérer deux alinéas rédigés comme suit :« Après l’article L. 423‑3, il est inséré un article L. 423‑3‑1 ainsi rédigé :« Art. L. 423‑3‑1. – Pour le besoin de la défense des troupeaux contre les attaques de loups, les lieutenants de louveterie, les éleveurs exploitant à titre individuel ou sous forme sociétaire, groupements pastoraux, propriétaires publics ou privés d'une exploitation agricole d'élevage mettant en valeur des surfaces pâturées, ainsi que leurs mandataires titulaires du permis de chasse et ayant suivi une formation, participant aux opérations de tirs létaux et de captures des loups prévues par la loi, sont habilités à utiliser des appareils monoculaires ou binoculaires thermiques, y compris des appareils qui peuvent être mis en œuvre sans l’aide des mains dont les monoculaires équipés d’un adaptateur leur permettant d'être fixés sur une lunette de tir. » »"
2089,,Non renseigné,Après l'article 14,Première délibération,Descoeur Vincent,"  M. Wauquiez, M. Barnier, M. Bazin, Mme Bazin-Malgras, Mme Blin, Mme Sylvie Bonnet, Mme Bonnivard, M. Bony, M. Bourgeaux, M. Breton, M. Brigand, M. Fabrice Brun, M. Ceccoli, Mme Chazé, M. Cordier, Mme Corneloup, Mme Dalloz, Mme de Maistre, M. Dive, Mme Duby-Muller, M. Duparay, M. Gosselin, Mme Gruet, M. Herbillon, M. Hetzel, M. Juvin, M. Le Fur, M. Liger, M. Liégeon, Mme Martin (Alpes-Maritimes), Mme Frédérique Meunier, Mme Minard, M. Neuder, M. Pauget, M. Portier, M. Ray, Mme Rey-Rinchet, M. Rolland, Mme Tabarot, M. Taite, M. Thiériot, M. Tryzna, M. Vermorel-Marques et M. Jean-Pierre Vigier",Séance publique,1ère lecture (1ère assemblée saisie),https://www.assemblee-nationale.fr/dyn/17/amendements/2765/AN/2089,https://www.assemblee-nationale.fr/dyn/opendata/AMANR5L17PO838901BTC2765P0D1N002089.xml,Non renseigné,"Après l’article L. 427‑2 du code de l'environnement, il est inséré un article L. 427‑2‑1 ainsi rédigé :« Art. L. 427‑2‑1. – Sur demande des éleveurs, les lieutenants de louveterie se déplacent dans les meilleurs délais, sans formalités et sans conditions préalables sur les exploitations agricoles victimes ou menacées par la prédation du loup.« À des fins de défense des troupeaux contre les attaques de loups, les lieutenants de louveterie sont habilités à utiliser des appareils monoculaires ou binoculaires thermiques, y compris des appareils qui peuvent être mis en œuvre sans l’aide des mains dont les monoculaires équipés d’un adaptateur leur permettant d’être fixés sur une lunette de tir. »","Le présent amendement du groupe Droite Républicaine vise à rendre l’intervention des lieutenants de louveterie plus rapide et efficace pour soutenir les exploitations face aux loups, en supprimant les conditions préalables à leur intervention et en autorisant l’usage de la détection thermique.Il correspond à des dispositions de la proposition de loi portée par le député Jean-Luc Warsmann, visant à protéger les animaux élevés par nos agriculteurs de la prédation du loup."
1306,,Non renseigné,Après l'article 14,Première délibération,Pantel Sophie,"  M. Rousset, Mme Froger, M. Fesneau, M. Peu, M. Vallaud, Mme Le Feur, M. Hollande, M. Potier, M. Bony, M. Philippe Brun, Mme Rossi, Mme Allemand, M. Aviragnet, Mme Battistel, M. Bazin, M. Benoit, Mme Bergantz, M. Bonnecarrère, Mme Sylvie Bonnet, Mme Bonnivard, M. Bothorel, M. Bouyx, M. Brard, M. Brugerolles, Mme Brulebois, M. Fabrice Brun, M. Buchou, Mme Buffet, M. Jean-René Cazeneuve, M. Ceccoli, M. Cormier-Bouligeon, M. Criaud, M. Croizier, Mme Corneloup, M. Daubié, Mme Delpech, Mme Dombre Coste, Mme Dubré-Chirat, M. Dufau, M. Echaniz, M. Fait, M. Fégné, M. Fugit, Mme Got, Mme Perrine Goulet, M. Guedj, Mme Herouin-Léautey, M. Houlié, M. Huyghe, M. Jacques, Mme Klinkert, M. Lauzzana, M. Lecamp, Mme Létard, Mme Le Peih, M. Liégeon, Mme Lingemann, Mme Marsaud, M. Maurel, M. Marion, M. Masséglia, M. Mattei, M. Molac, M. Mongardien, M. Naegelen, M. Oberti, M. Ott, M. Padey, Mme Pirès Beaune, M. Proença, M. Ramos, M. Ray, Mme Riotton, Mme Ronceret, Mme Rouaux, Mme Santiago, M. Saulignac, M. Sorre, M. Taite, M. Taupiac, M. Terlier, Mme Thiébault-Martinez, Mme Thomin, M. Travert, M. Vermorel-Marques, Mme Vidal, M. Jean-Pierre Vigier, M. Philippe Vigier, M. Viry et M. Vuibert",Séance publique,1ère lecture (1ère assemblée saisie),https://www.assemblee-nationale.fr/dyn/17/amendements/2765/AN/1306,https://www.assemblee-nationale.fr/dyn/opendata/AMANR5L17PO838901BTC2765P0D1N001306.xml,Non renseigné,"Après l’article L. 427‑2‑4 du code de l’environnement, dans sa rédaction résultant de la présente loi, il est inséré un article L. 427‑2‑5 ainsi rédigé :« Art. L. 427-2-5. – L’État organise, dans le cadre de ses moyens, les conditions d’accompagnement des missions exercées par les lieutenants de louveterie.« Cet accompagnement peut donner lieu, chaque année, à l’attribution de moyens ou de dotations appréciés au niveau territorial.« Les modalités d’application du présent article sont fixées par voie réglementaire. »","Le présent amendement vise à inscrire dans le code de l’environnement un cadre permettant à l’État d’accompagner, dans la limite de ses moyens, l’exercice des missions confiées aux lieutenants de louveterie.Les lieutenants de louveterie exercent, à titre bénévole, des missions concourant à la mise en œuvre des politiques publiques relatives à la gestion de la faune sauvage et à la prévention des dommages. L’exercice de ces missions implique toutefois la mobilisation de matériels et d’équipements adaptés, dont les besoins peuvent varier selon les territoires et les situations locales.Dans ce contexte, le présent dispositif a pour objet de permettre l’attribution de moyens ou de dotations appréciés au niveau territorial, afin de favoriser une organisation plus homogène et plus lisible de l’accompagnement apporté par l’État. Cette faculté pourra notamment s’appuyer sur des structures associatives départementales lorsque cela apparaît pertinent au regard des besoins locaux et des modalités d’organisation retenues par les services de l’État.Le dispositif proposé préserve pleinement le caractère bénévole des fonctions exercées par les lieutenants de louveterie. Il vise uniquement à donner à l’État un cadre lui permettant d’adapter son soutien matériel aux réalités territoriales, dans une logique de bonne administration et de continuité des missions exercées sur le terrain.Les modalités d’application de ce dispositif relèveront du pouvoir réglementaire."
857,,Non renseigné,Après l'article 14,Première délibération,Gouvernement,,Séance publique,1ère lecture (1ère assemblée saisie),https://www.assemblee-nationale.fr/dyn/17/amendements/2765/AN/857,https://www.assemblee-nationale.fr/dyn/opendata/AMANR5L17PO838901BTC2765P0D1N000857.xml,Non renseigné,"Après l’article L. 427‑2‑4 du code de l’environnement, dans sa rédaction résultant de la présente loi, il est inséré un article L. 427‑2‑5 ainsi rédigé :« Art. L. 427-2-5. – L’État organise, dans le cadre de ses moyens, les conditions d’accompagnement des missions exercées par les lieutenants de louveterie.« Cet accompagnement peut donner lieu, chaque année, à l’attribution de moyens ou de dotations appréciés au niveau territorial.« Les modalités d’application du présent article sont fixées par voie réglementaire. »","Le présent amendement vise à inscrire dans le code de l’environnement un cadre permettant à l’État d’accompagner, dans la limite de ses moyens, l’exercice des missions confiées aux lieutenants de louveterie.Les lieutenants de louveterie exercent, à titre bénévole, des missions concourant à la mise en œuvre des politiques publiques relatives à la gestion de la faune sauvage et à la prévention des dommages. L’exercice de ces missions implique toutefois la mobilisation de matériels et d’équipements adaptés, dont les besoins peuvent varier selon les territoires et les situations locales.Dans ce contexte, le présent dispositif a pour objet de permettre l’attribution de moyens ou de dotations appréciés au niveau territorial, afin de favoriser une organisation plus homogène et plus lisible de l’accompagnement apporté par l’État. Cette faculté pourra notamment s’appuyer sur des structures associatives départementales lorsque cela apparaît pertinent au regard des besoins locaux et des modalités d’organisation retenues par les services de l’État.Le dispositif proposé préserve pleinement le caractère bénévole des fonctions exercées par les lieutenants de louveterie. Il vise uniquement à donner à l’État un cadre lui permettant d’adapter son soutien matériel aux réalités territoriales, dans une logique de bonne administration et de continuité des missions exercées sur le terrain.Les modalités d’application de ce dispositif relèveront du pouvoir réglementaire."
1252,,Non renseigné,Après l'article 14,Première délibération,Cordier Pierre,"  Mme Sylvie Bonnet, Mme Bazin-Malgras, M. Ray, Mme Corneloup, M. Taite, M. Fabrice Brun et M. Descoeur",Séance publique,1ère lecture (1ère assemblée saisie),https://www.assemblee-nationale.fr/dyn/17/amendements/2765/AN/1252,https://www.assemblee-nationale.fr/dyn/opendata/AMANR5L17PO838901BTC2765P0D1N001252.xml,Non renseigné,"Après l’article L. 427‑6 du code de l’environnement, il est inséré un article L. 427‑6‑1 ainsi rédigé :« Art. L. 427‑6‑1. – Dans les départements où la présence du loup (Canis lupus) risque d’engendrer des dommages importants aux activités d’élevage, le représentant de l’État dans le département peut autoriser les sociétés de chasse locales, les associations communales ou intercommunales de chasse agréées à organiser des battues de prélèvement ou de défense. Ces battues sont organisées en lien avec l’Office français de la biodiversité et avec le lieutenant de louveterie. La fédération départementale des chasseurs assure la formation des chasseurs participants et la coordination logistique des opérations. »","La prédation du loup sur les troupeaux domestiques ne cesse de croître, entraînant une détresse économique et psychologique majeure des éleveurs, en particulier dans les Ardennes. Les chasseurs, grâce à leur parfaite connaissance de la faune locale et des territoires, constituent un réseau de bénévoles formés, immédiatement mobilisables.Le présent amendement vise par conséquent à simplifier et à territorialiser la gestion des opérations de prélèvement du loup en permettant aux sociétés de chasse locales d'organiser des battues. En associant la légitimité territoriale des chasseurs, l'expertise d'encadrement des fédérations départementales et l'autorité du lieutenant de louveterie et de l'Office français de la biodiversité (OFB), cet amendement garantit une régulation efficace, transparente et respectueuse du cadre réglementaire global."
CD32,,Tombé,Article 14,Première délibération,Descoeur Vincent,"  M. Bony, M. Ray, M. Cordier, M. Brigand, M. Rolland, M. Fabrice Brun et M. Jean-Pierre Vigier",Développement durable,1ère lecture (1ère assemblée saisie),https://www.assemblee-nationale.fr/dyn/17/amendements/2632/CION-DVP/CD32,https://www.assemblee-nationale.fr/dyn/opendata/AMANR5L17PO419865B2632P0D1N000032.xml,Tombé,"Après le mot : « compte », rédiger ainsi la fin de l’alinéa 5 : « du seuil de viabilité de l’espèce définit par le plan national d’actions sur le loup conformément aux articles L. 411‑1, L. 411‑2 et L. 411‑3 du code de l’environnement. »",Le présent amendement vise à inscrire dans la loi la prise en compte du seuil de viabilité de l’espèce défini par le Plan National d’Actions sur le loup (PNA) dans le calcul du nombre de spécimens pouvant être prélevés annuellement.
CD75,,Tombé,Article 14,Première délibération,Bonnivard Émilie,,Développement durable,1ère lecture (1ère assemblée saisie),https://www.assemblee-nationale.fr/dyn/17/amendements/2632/CION-DVP/CD75,https://www.assemblee-nationale.fr/dyn/opendata/AMANR5L17PO419865B2632P0D1N000075.xml,Tombé,"Après le mot : « compte », rédiger ainsi la fin de l’alinéa 5 : « du seuil de viabilité de l’espèce définit par le plan national d’actions sur le loup conformément aux articles L. 411‑1, L. 411‑2 et L. 411‑3 du code de l’environnement. »",Le présent amendement vise à inscrire dans la loi la prise en compte du seuil de viabilité de l’espèce définit par le Plan National d’Actions sur le loup (PNA) dans le calcul du nombre de spécimens pouvant être prélevé annuellement.
CD176,,Tombé,Article 14,Première délibération,Brun Fabrice,"  M. Ray, M. Brigand, M. Cordier, Mme Sylvie Bonnet, M. Portier, Mme Corneloup et Mme Duby-Muller",Développement durable,1ère lecture (1ère assemblée saisie),https://www.assemblee-nationale.fr/dyn/17/amendements/2632/CION-DVP/CD176,https://www.assemblee-nationale.fr/dyn/opendata/AMANR5L17PO419865B2632P0D1N000176.xml,Tombé,"Après le mot :« compte »rédiger ainsi la fin de l’alinéa 5 :« du seuil de viabilité de l’espèce définit par le plan national d’actions sur le loup en application des articles L. 411‑1, L. 411‑2 et L. 411‑3 du code de l’environnement. »",Le présent amendement vise à inscrire dans la loi la prise en compte du seuil de viabilité de l’espèce définit par le Plan National d’Actions sur le loup (PNA) dans le calcul du nombre de spécimens pouvant être prélevé annuellement. Cet amendement a été co-construit en lien avec l'ANEM. 
CD271,,Tombé,Article 14,Première délibération,Vigier Jean-Pierre,,Développement durable,1ère lecture (1ère assemblée saisie),https://www.assemblee-nationale.fr/dyn/17/amendements/2632/CION-DVP/CD271,https://www.assemblee-nationale.fr/dyn/opendata/AMANR5L17PO419865B2632P0D1N000271.xml,Tombé,"Après le mot :« compte »rédiger ainsi la fin de l’alinéa 5 :« du seuil de viabilité de l’espèce définit par le plan national d’actions sur le loup en application des articles L. 411‑1, L. 411‑2 et L. 411‑3 du code de l’environnement. »",Le présent amendement vise à inscrire dans la loi la prise en compte du seuil de viabilité de l’espèce définit par le Plan National d’Actions sur le loup (PNA) dans le calcul du nombre de spécimens pouvant être prélevé annuellement
CD281,,Rejeté,Article 14,Première délibération,Pochon Marie,"  Mme Voynet, M. Biteau, Mme Belluco, M. Nicolas Bonnet, Mme Ozenne, M. Raux, M. Thierry, M. Amirshahi, Mme Arrighi, Mme Autain, Mme Balage El Mariky, M. Ben Cheikh, M. Arnaud Bonnet, Mme Chatelain, M. Corbière, M. Davi, M. Duplessy, M. Fournier, Mme Garin, M. Damien Girard, M. Gustave, Mme Catherine Hervieu, M. Iordanoff, Mme Laernoes, M. Lahais, M. Lucas-Lundy, M. Peytavie, Mme Regol, M. Roumégas, Mme Sandrine Rousseau, M. Ruffin, Mme Sas, Mme Sebaihi, Mme Simonnet, Mme Taillé-Polian et M. Tavernier",Développement durable,1ère lecture (1ère assemblée saisie),https://www.assemblee-nationale.fr/dyn/17/amendements/2632/CION-DVP/CD281,https://www.assemblee-nationale.fr/dyn/opendata/AMANR5L17PO419865B2632P0D1N000281.xml,Rejeté,"Après les mots :« s’apprécie »,rédiger ainsi la fin de l’alinéa 6 :« au niveau local en accord avec la directive « Habitats, Faune, Flore » de l’Union européenne 92/43/CEE du 21 mai 1992. »","L’affirmation que l'évaluation de l'incidence des mesures de gestion sur l'état de conservation du loup s'apprécie en principe au niveau national est contraire à la directive “Habitats, Faune, Flore” et aux jurisprudences européennes. L’évaluation de l'état de conservation doit se faire dans le cadre de l’aire de répartition, y compris locale, de l’espèce. Ainsi, il faut différencier les différentes zones biogéographiques utilisées par l’espèce (Alpes, Massif central, etc.) et distinguer l’état de conservation dans chacun de ces territoires. "
CD260,,Rejeté,Après l'article 14,Première délibération,Blairy Emmanuel,"  Mme Bouquin, M. Dutremble, M. Evrard, M. Guibert, M. Houssin, M. Humbert, Mme Lechanteux, M. David Magnier, M. Marchio, M. Markowsky, M. Meurin, Mme Roullaud, Mme Sabatini et M. Schreck",Développement durable,1ère lecture (1ère assemblée saisie),https://www.assemblee-nationale.fr/dyn/17/amendements/2632/CION-DVP/CD260,https://www.assemblee-nationale.fr/dyn/opendata/AMANR5L17PO419865B2632P0D1N000260.xml,Rejeté,"Au 1° du I de l’article L. 131‑9 du code de l’environnement, après le mot : « République, », est inséré le mot : « prioritairement ».","La police de la chasse constitue une compétence historique, centrale et prioritaire de l’Office français de la biodiversité (OFB), héritée directement de l’ancien Office national de la chasse et de la faune sauvage. Elle s’inscrit au cœur des missions régaliennes de l’État en matière de gestion de la faune sauvage et d’équilibre des territoires ruraux.L’exercice du métier d’agriculteur est durablement affecté par les dégâts causés par le gibier et les animaux sauvages, lesquels constituent une contrainte structurelle reconnue. La régulation de ces espèces, indispensable à la protection des exploitations agricoles, repose sur l’intervention de chasseurs, encadrée par un dispositif de contrôle efficace. Or, il ne peut y avoir de chasse sans une police de la chasse pleinement opérationnelle. Aujourd’hui, une part significative de cette mission est assurée par des acteurs – notamment les fédérations départementales de chasse et les gardes particuliers – qui ne disposent pas de l’ensemble des qualités judiciaires nécessaires à l’exercice complet de la police de la chasse. Cette situation fragilise la sécurité juridique descontrôles et affaiblit l’effectivité de l’action publique. Un rapport sénatorial publié en 2024 a par ailleurs mis en évidence le recul préoccupant de l’implication de l’OFB dans ses missions de police de la chasse, pourtant constitutives de son identité et de sa légitimité. Ce constat appelle une clarification et une réaffirmation législative du rôle prioritaire de l’OFB dans ce domaine. Le présent amendement s’inscrit dans le prolongement des travaux de la mission parlementaire de la commission du développement durable et de l’aménagement du territoire sur la conciliation des usages de la nature et de la protection de la biodiversité, remise à ladite commission en mars 2025. Il en reprend directement la proposition n° 8, qui recommande de déployer davantage le travail de l’Office français de la biodiversité vers des missions de police de la chasse."
476,,Non renseigné,Après l'article 14,Première délibération,Blairy Emmanuel,"  M. Allisio, M. Amblard, Mme Auzanot, M. Ballard, Mme Bamana, M. Baubry, M. Beaurain, M. Bentz, M. Bernhardt, M. Bigot, M. Bilde, Mme Blanc, M. Boccaletti, M. Boulogne, Mme Bouquin, M. Bovet, M. Buisson, M. Casterman, M. Chaumeil, M. Chenu, M. Chudeau, M. Clavet, Mme Colombier, Mme Da Conceicao Carvalho, M. de Fleurian, M. de Lépinau, Mme Dellong Meng, M. Dessigny, Mme Diaz, Mme Dogor-Such, M. Dragon, M. Dufosset, M. Dussausaye, M. Dutremble, M. Evrard, M. Falcon, M. Florquin, M. Fouquart, M. Frappé, M. Gabarron, Mme Galzy, M. Gery, M. Giletti, M. Gillet, M. Christian Girard, M. Golliot, M. Gonzalez, Mme Florence Goulet, Mme Grangier, Mme Griseti, M. Guibert, M. Guiniot, M. Guitton, Mme Hamelet, M. Houssin, M. Humbert, M. Jacobelli, M. Jenft, M. Jolly, Mme Joncour, M. Jordan, Mme Josserand, Mme Joubert, Mme Laporte, Mme Lavalette, M. Le Bourgeois, Mme Le Pen, Mme Lechanteux, Mme Lechon, Mme Lelouis, Mme Levavasseur, M. Limongi, M. Lioret, Mme Loir, Mme Lorho, M. Lottiaux, M. Loubet, M. David Magnier, Mme Marais-Beuil, M. Marchio, M. Markowsky, M. Patrice Martin, Mme Martinez, M. Mauvieux, M. Meizonnet, M. Meurin, M. Monnier, M. Muller, Mme Mélin, Mme Ménaché, M. Ménagé, M. Odoul, Mme Parmentier, M. Perez, M. Pfeffer, Mme Pollet, M. Rambaud, Mme Ranc, M. Rancoule, M. Renault, Mme Rimbert, M. Rivière, Mme Robert-Dehault, Mme Roullaud, Mme Roy, Mme Sabatini, M. Sabatou, M. Salmon, M. Schreck, Mme Sicard, M. Emmanuel Taché, M. Jean-Philippe Tanguy, M. Taverne, M. Tesson, M. Tivoli, M. Tomatis, M. Tonussi, M. Tribuiani, M. Villedieu, M. Vos et M. Weber",Séance publique,1ère lecture (1ère assemblée saisie),https://www.assemblee-nationale.fr/dyn/17/amendements/2765/AN/476,https://www.assemblee-nationale.fr/dyn/opendata/AMANR5L17PO838901BTC2765P0D1N000476.xml,Non renseigné,"Au 1° du I de l’article L. 131‑9 du code de l’environnement, après le mot : « République, », il est inséré le mot : « prioritairement ».","La police de la chasse constitue une compétence historique, centrale et prioritaire de l’Office français de la biodiversité (OFB), héritée directement de l’ancien Office national de la chasse et de la faune sauvage. Elle s’inscrit au cœur des missions régaliennes de l’État en matière de gestion de la faune sauvage et d’équilibre des territoires ruraux.L’exercice du métier d’agriculteur est durablement affecté par les dégâts causés par le gibier et les animaux sauvages, lesquels constituent une contrainte structurelle reconnue. La régulation de ces espèces, indispensable à la protection des exploitations agricoles, repose sur l’intervention de chasseurs, encadrée par un dispositif de contrôle efficace. Or, il ne peut y avoir de chasse sans une police de la chasse pleinement opérationnelle.Aujourd’hui, une part significative de cette mission est assurée par des acteurs – notamment les fédérations départementales de chasse et les gardes particuliers – qui ne disposent pas de l’ensemble des qualités judiciaires nécessaires à l’exercice complet de la police de la chasse. Cette situation fragilise la sécurité juridique des contrôles et affaiblit l’effectivité de l’action publique.Un rapport sénatorial publié en 2024 a par ailleurs mis en évidence le recul préoccupant de l’implication de l’OFB dans ses missions de police de la chasse, pourtant constitutives de son  identité et de sa légitimité. Ce constat appelle une clarification et une réaffirmation législative du rôle prioritaire de l’OFB dans ce domaine.Le présent amendement s’inscrit dans le prolongement des travaux de la mission parlementaire de la commission du développement durable et de l’aménagement du territoire sur la conciliation des usages de la nature et de la protection de la biodiversité, remise à ladite commission en mars 2025. Il en reprend directement la proposition n°8, qui recommande de déployer davantage le travail de l’Office français de la biodiversité vers des missions de police de la chasse."
762,,Non renseigné,Article 14,Première délibération,Roseren Xavier,,Séance publique,1ère lecture (1ère assemblée saisie),https://www.assemblee-nationale.fr/dyn/17/amendements/2765/AN/762,https://www.assemblee-nationale.fr/dyn/opendata/AMANR5L17PO838901BTC2765P0D1N000762.xml,Non renseigné,"Au début de la seconde phrase de l’alinéa 18, supprimer les mots : « . Elle n’est pas exercée à titre professionnel mais ».",Amendement rédactionnel.
CD482,,Non renseigné,Article 14,Première délibération,Warsmann Jean-Luc,,Développement durable,1ère lecture (1ère assemblée saisie),https://www.assemblee-nationale.fr/dyn/17/amendements/2632/CION-DVP/CD482,https://www.assemblee-nationale.fr/dyn/opendata/AMANR5L17PO419865B2632P0D1N000482.xml,Non renseigné,"Compléter cet article par deux alinéas ainsi rédigés : « V. – Après le deuxième alinéa du I de l’article L. 332‑3 du code de l’environnement, il est inséré un alinéa ainsi rédigé :« Par dérogation à l’alinéa précédent, l’effarouchement et la destruction du loup (Canis lupus) aux fins exclusives de la défense des troupeaux, sous réserve de satisfaire les conditions mentionnées au I bis de l’article L. 411‑1 du code de l’environnement, ne peuvent faire l’objet d’une interdiction règlementaire. »","Cet amendement vise à étendre les mesures de protection des élevages face au loup dans les réserves naturelles, en raison de nombreux dommages constatés dans ces zones. Il soumet les mesures de gestion du loup en réserve naturelles au strict respect des conditions prévues par l’article 14, afin d’assurer le maintien de l’espèce dans un état de conservation favorable."
792,,Non renseigné,Article 14,Première délibération,Grenon Daniel,,Séance publique,1ère lecture (1ère assemblée saisie),https://www.assemblee-nationale.fr/dyn/17/amendements/2765/AN/792,https://www.assemblee-nationale.fr/dyn/opendata/AMANR5L17PO838901BTC2765P0D1N000792.xml,Non renseigné,"Compléter la dernière phrase de l’alinéa 5 par les mots :« , lesquels peuvent, à ce titre, se voir autoriser l’utilisation de moyens techniques et de dispositifs de visée nocturne et thermique par dérogation à l’article L. 424‑4 du code de l’environnement ».","Le présent amendement vise à permettre aux éleveurs autorisés à effectuer des tirs de défense de recourir, par dérogation à l’article L. 424-4 du code de l’environnement, à des dispositifs de visée nocturne et thermique.À ce jour, l’arrêté du 23 février 2026 réserve l’utilisation de ces technologies d’intensification de lumière aux seuls agents de l’Office français de la biodiversité et aux lieutenants de louveterie.Cette limitation réduit fortement l’efficacité opérationnelle des tirs de défense réalisés de nuit par les éleveurs pourtant directement confrontés aux attaques de prédateurs.Les attaques de loups interviennent majoritairement durant les périodes nocturnes, dans des conditions de visibilité particulièrement dégradées. L’absence d’accès à des équipements adaptés peut rendre les interventions moins précises, compliquer l’identification du prédateur et diminuer l’efficacité des dispositifs de protection des troupeaux.Cet amendement va permettre l’utilisation de ces moyens techniques dans un cadre strictement encadré par l’autorité administrative d’au mieux protéger les éleveurs.Il entend ainsi donner aux éleveurs les moyens matériels adaptés à la sauvegarde de leur activité dans un contexte de pression croissante de la prédation sur les exploitations pastorales."
230,,Non renseigné,Article 14,Première délibération,Brulebois Danielle,,Séance publique,1ère lecture (1ère assemblée saisie),https://www.assemblee-nationale.fr/dyn/17/amendements/2765/AN/230,https://www.assemblee-nationale.fr/dyn/opendata/AMANR5L17PO838901BTC2765P0D1N000230.xml,Non renseigné,"Compléter la dernière phrase de l’alinéa 5 par les mots :« , lesquels peuvent, à ce titre, se voir autoriser l’utilisation de moyens techniques et de dispositifs de visée par dérogation à l’article L. 424‑4 du code de l’environnement ».","Le présent amendement vise à autoriser les éleveurs, dans le cadre des tirs de défense, à utiliser des dispositifs de visée nocturne et thermique, par dérogation à l'article L. 424-4 du code de l'environnement. Actuellement, l’arrêté du 23 février 2026 réserve ces technologies d'intensification de lumière aux seuls agents de l'OFB et lieutenants de louveterie. Cette restriction contraint les exploitants à des tirs de nuit imprécis, nuisibles pour la protection des troupeaux face à la prédation du loup. En autorisant l’accès à ces moyens techniques, cet amendement sécurise les interventions et garantit une meilleure efficacité des prélèvements. Il s'agit d'octroyer aux éleveurs les moyens matériels nécessaires à la sauvegarde de leur activité face à l'urgence de la situation."
1824,,Non renseigné,Article 14,Première délibération,Bentz Christophe,"  M. Meurin, M. Blairy, M. Golliot, M. Allisio, M. Amblard, Mme Auzanot, M. Ballard, Mme Bamana, M. Baubry, M. Beaurain, M. Bernhardt, M. Bigot, M. Bilde, Mme Blanc, M. Boccaletti, M. Boulogne, Mme Bouquin, M. Bovet, M. Buisson, M. Casterman, M. Chaumeil, M. Chenu, M. Chudeau, M. Clavet, Mme Colombier, Mme Da Conceicao Carvalho, M. de Fleurian, M. de Lépinau, Mme Dellong Meng, M. Dessigny, Mme Diaz, Mme Dogor-Such, M. Dragon, M. Dufosset, M. Dussausaye, M. Dutremble, M. Evrard, M. Falcon, M. Florquin, M. Fouquart, M. Frappé, M. Gabarron, Mme Galzy, M. Gery, M. Giletti, M. Gillet, M. Christian Girard, M. Gonzalez, Mme Florence Goulet, Mme Grangier, Mme Griseti, M. Guibert, M. Guiniot, M. Guitton, Mme Hamelet, M. Houssin, M. Humbert, M. Jacobelli, M. Jenft, M. Jolly, Mme Joncour, M. Jordan, Mme Josserand, Mme Joubert, Mme Laporte, Mme Lavalette, M. Le Bourgeois, Mme Le Pen, Mme Lechanteux, Mme Lechon, Mme Lelouis, Mme Levavasseur, M. Limongi, M. Lioret, Mme Loir, Mme Lorho, M. Lottiaux, M. Loubet, M. David Magnier, Mme Marais-Beuil, M. Marchio, M. Markowsky, M. Patrice Martin, Mme Martinez, M. Mauvieux, M. Meizonnet, Mme Mélin, Mme Ménaché, M. Ménagé, M. Monnier, M. Muller, M. Odoul, Mme Parmentier, M. Perez, M. Pfeffer, Mme Pollet, M. Rambaud, Mme Ranc, M. Rancoule, M. Renault, Mme Rimbert, M. Rivière, Mme Robert-Dehault, Mme Roullaud, Mme Roy, Mme Sabatini, M. Sabatou, M. Salmon, M. Schreck, Mme Sicard, M. Emmanuel Taché, M. Jean-Philippe Tanguy, M. Taverne, M. Tesson, M. Tivoli, M. Tomatis, M. Tonussi, M. Tribuiani, M. Villedieu, M. Vos et M. Weber",Séance publique,1ère lecture (1ère assemblée saisie),https://www.assemblee-nationale.fr/dyn/17/amendements/2765/AN/1824,https://www.assemblee-nationale.fr/dyn/opendata/AMANR5L17PO838901BTC2765P0D1N001824.xml,Non renseigné,"Compléter la première phrase de l'alinéa 4 par les mots :« , en tenant compte de la densité des élevages exposés à la prédation dans les territoires concernés ».","Cet amendement vise à mieux adapter les mesures de gestion du loup aux réalités territoriales de l’élevage.La pression exercée par le loup varie fortement selon les territoires, notamment en fonction de la densité des élevages et de la concentration des troupeaux exposés. Dans certaines zones pastorales, les attaques répétées fragilisent lourdement l’activité agricole et menacent la pérennité des exploitations.Il est nécessaire de renforcer l’adaptabilité territoriale des mesures de gestion du loup afin de mieux protéger les territoires où la densité d’élevages et les attaques sur les troupeaux sont les plus importantes. "
901,,Non renseigné,Article 14,Première délibération,Allemand Marie-José,"  Mme Pantel, Mme Thomin, Mme Battistel, M. Potier, M. Delautrette, M. Dufau, M. Echaniz, M. Benbrahim, M. Eskenazi, M. Fégné, Mme Jourdan, M. Leseul, M. Barusseau, M. Lhardit, M. Naillet, M. Delaporte, M. Garot, Mme Got, Mme Rossi, M. Roussel, M. Aviragnet, M. Baptiste, M. Baumel, M. Belhaddad, Mme Bellay, M. Bouloux, Mme Bregman, M. Philippe Brun, M. Califer, Mme Capdevielle, M. Christophle, M. Courbon, M. David, Mme Diop, Mme Dombre Coste, M. Faure, Mme Froger, Mme Godard, M. Guedj, M. Hablot, Mme Hadizadeh, Mme Herouin-Léautey, Mme Céline Hervieu, M. Hollande, M. Houlié, Mme Karamanli, Mme Keloua Hachi, Mme Mercier, M. Oberti, M. Pena, Mme Pic, Mme Pirès Beaune, M. Pribetich, M. Proença, Mme Récalde, Mme Rouaux, M. Aurélien Rousseau, Mme Runel, M. Saint-Pasteur, Mme Santiago, M. Saulignac, M. Simion, M. Sother, Mme Thiébault-Martinez, M. Vallaud, M. Vicot et M. William",Séance publique,1ère lecture (1ère assemblée saisie),https://www.assemblee-nationale.fr/dyn/17/amendements/2765/AN/901,https://www.assemblee-nationale.fr/dyn/opendata/AMANR5L17PO838901BTC2765P0D1N000901.xml,Non renseigné,Compléter la première phrase de l'alinéa 9 par les mots : « en prenant en compte les différences de pression de prédation selon les territoires ».,"Cet amendement du groupe Socialistes et apparentés vise à faire en sorte que le nombre de loups pouvant être détruits annuellement, bien que défini au niveau national, puisse être adapté en fonction des besoins dans chaque territoire.Il convient en effet que les spécificités locales en matière de prédation du loup puissent être prises en compte dans les quotas de destruction délivrés."
904,,Non renseigné,Article 14,Première délibération,Allemand Marie-José,"  Mme Pantel, Mme Thomin, Mme Battistel, M. Potier, M. Delautrette, M. Dufau, M. Echaniz, M. Benbrahim, M. Eskenazi, M. Fégné, Mme Jourdan, M. Leseul, M. Barusseau, M. Lhardit, M. Naillet, M. Delaporte, M. Garot, Mme Got, Mme Rossi, M. Roussel, M. Aviragnet, M. Baptiste, M. Baumel, M. Belhaddad, Mme Bellay, M. Bouloux, Mme Bregman, M. Philippe Brun, M. Califer, Mme Capdevielle, M. Christophle, M. Courbon, M. David, Mme Diop, Mme Dombre Coste, M. Faure, Mme Froger, Mme Godard, M. Guedj, M. Hablot, Mme Hadizadeh, Mme Herouin-Léautey, Mme Céline Hervieu, M. Hollande, M. Houlié, Mme Karamanli, Mme Keloua Hachi, Mme Mercier, M. Oberti, M. Pena, Mme Pic, Mme Pirès Beaune, M. Pribetich, M. Proença, Mme Récalde, Mme Rouaux, M. Aurélien Rousseau, Mme Runel, M. Saint-Pasteur, Mme Santiago, M. Saulignac, M. Simion, M. Sother, Mme Thiébault-Martinez, M. Vallaud, M. Vicot, M. William et les membres du groupe Socialistes et apparentés",Séance publique,1ère lecture (1ère assemblée saisie),https://www.assemblee-nationale.fr/dyn/17/amendements/2765/AN/904,https://www.assemblee-nationale.fr/dyn/opendata/AMANR5L17PO838901BTC2765P0D1N000904.xml,Non renseigné,"Compléter la première phrase de l’alinéa 9 par les mots :« en s’appuyant sur une méthode d’estimation de la population de loups définie en concertation avec des représentants des collectivités territoriales et de leurs groupements, des professions agricole et forestière, des chambres d’agriculture et des organismes nationaux à vocation agricole et rurale, des associations agréées de protection de l’environnement et des fédérations départementales ou interdépartementales des chasseurs ».","Cet amendement du groupe Socialistes et apparentés vise à souligner la nécessité d’adopter une méthode d’estimation de la population de loups fiable et partagée par l’ensemble des acteurs concernés.En effet, la politique de gestion et de prélèvement de la population lupine est directement indexée sur les effectifs estimés. Or, les méthodes de comptage actuellement utilisées ne sont pas toujours considérées comme efficaces par les acteurs de la ruralité.Depuis le 1er janvier 2025, l’estimation de l’effectif moyen de la population lupine se fait désormais uniquement avec la méthode « Capture-Marquage-Recapture » (CMR). Si le Ministère de la Transition écologique présente cette méthode comme la plus fiable scientifiquement, il reconnaît aussi que « la publication du chiffre définitif de la CMR n’est possible que plusieurs années après le recueil des données génétiques. »Cet amendement propose donc d’instaurer une concertation entre l’État et le monde agricole afin de définir une méthode de comptabilisation partagée et fiable."
1167,,Non renseigné,Article 14,Première délibération,Casterman Eddy,"  M. Allisio, M. Amblard, Mme Auzanot, M. Ballard, Mme Bamana, M. Baubry, M. Beaurain, M. Bentz, M. Bernhardt, M. Bigot, M. Bilde, M. Blairy, Mme Blanc, M. Boccaletti, M. Boulogne, Mme Bouquin, M. Bovet, M. Buisson, M. Chaumeil, M. Chenu, M. Chudeau, M. Clavet, Mme Colombier, Mme Da Conceicao Carvalho, M. de Fleurian, M. de Lépinau, Mme Dellong Meng, M. Dessigny, Mme Diaz, Mme Dogor-Such, M. Dragon, M. Dufosset, M. Dussausaye, M. Dutremble, M. Evrard, M. Falcon, M. Florquin, M. Fouquart, M. Frappé, M. Gabarron, Mme Galzy, M. Gery, M. Giletti, M. Gillet, M. Christian Girard, M. Golliot, M. Gonzalez, Mme Florence Goulet, Mme Grangier, Mme Griseti, M. Guibert, M. Guiniot, M. Guitton, Mme Hamelet, M. Houssin, M. Humbert, M. Jacobelli, M. Jenft, M. Jolly, Mme Joncour, M. Jordan, Mme Josserand, Mme Joubert, Mme Laporte, Mme Lavalette, M. Le Bourgeois, Mme Le Pen, Mme Lechanteux, Mme Lechon, Mme Lelouis, Mme Levavasseur, M. Limongi, M. Lioret, Mme Loir, Mme Lorho, M. Lottiaux, M. Loubet, M. David Magnier, Mme Marais-Beuil, M. Marchio, M. Markowsky, M. Patrice Martin, Mme Martinez, M. Mauvieux, M. Meizonnet, M. Meurin, M. Monnier, M. Muller, Mme Mélin, Mme Ménaché, M. Ménagé, M. Odoul, Mme Parmentier, M. Perez, M. Pfeffer, Mme Pollet, M. Rambaud, Mme Ranc, M. Rancoule, M. Renault, Mme Rimbert, M. Rivière, Mme Robert-Dehault, Mme Roullaud, Mme Roy, Mme Sabatini, M. Sabatou, M. Salmon, M. Schreck, Mme Sicard, M. Emmanuel Taché, M. Jean-Philippe Tanguy, M. Taverne, M. Tesson, M. Tivoli, M. Tomatis, M. Tonussi, M. Tribuiani, M. Villedieu, M. Vos et M. Weber",Séance publique,1ère lecture (1ère assemblée saisie),https://www.assemblee-nationale.fr/dyn/17/amendements/2765/AN/1167,https://www.assemblee-nationale.fr/dyn/opendata/AMANR5L17PO838901BTC2765P0D1N001167.xml,Non renseigné,Compléter la seconde phrase de l’alinéa 4 par les mots : « selon une méthode partagée qui associe les fédérations départementales des chasseurs au sens de l’article L. 421‑5 du code de l’environnement et les chambres d’agriculture au sens de l’article L. 510‑1 du code rural et de la pêche maritime »,Cet amendement vise à mieux associer les représentants des chasseurs et des éleveurs dans la conduite des opérations de comptage de la population lupine. L'élaboration d'une méthode de comptage partagée vise à mettre fin aux soupçons permanents de sous-évaluation de la population lupine par les agents de l'Office français de la biodiversité. Les modalités pratiques de cette méthode partagée doivent être précisées dans l'arrêté conjoint des ministres chargés de la protection de la nature et de l'agriculture. 
1826,,Non renseigné,Article 14,Première délibération,Bentz Christophe,,Séance publique,1ère lecture (1ère assemblée saisie),https://www.assemblee-nationale.fr/dyn/17/amendements/2765/AN/1826,https://www.assemblee-nationale.fr/dyn/opendata/AMANR5L17PO838901BTC2765P0D1N001826.xml,Non renseigné,Compléter la seconde phrase de l’alinéa 6 par les mots :« et l’autorise à procéder à des tirs de défense à l’encontre de cette espèce pendant une durée de huit jours ».,Cet amendement vise à permettre une réaction rapide et efficace des éleveurs à la suite d’une attaque de loup contre leur troupeau.Les jours suivant une attaque constituent une période de risque particulièrement élevée de récidive de la prédation. Il apparaît donc nécessaire de permettre à l’éleveur concerné de mettre en œuvre des tirs létaux pendant une durée limitée de huit jours après la constatation de l’attaque.Cette mesure vise à renforcer la protection immédiate des troupeaux dans les territoires les plus exposés à la prédation lupine. 
2092,,Non renseigné,Article 14,Première délibération,Violland Anne-Cécile,"  M. Albertini, M. Alfandari, Mme Bellamy, M. Benoit, M. Berrios, M. Blanchard, M. Bouyx, M. Brard, Mme Colin-Oesterlé, M. Criaud, M. Fait, Mme Firmin Le Bodo, M. Gernigon, Mme Gérard, M. Henriet, M. Jolivet, M. Kervran, M. Lam, M. Lemaire, Mme Ludmann, Mme Lise Magnier, M. Marle, Mme Parmentier-Lecocq, M. Patrier-Leitus, Mme Piron, M. Plassard, M. Portarrieu, Mme Poussier-Winsback, Mme Rauch, M. Roseren, Mme Saint-Paul, M. Thiébaut, M. Valletoux et M. Marcangeli",Séance publique,1ère lecture (1ère assemblée saisie),https://www.assemblee-nationale.fr/dyn/17/amendements/2765/AN/2092,https://www.assemblee-nationale.fr/dyn/opendata/AMANR5L17PO838901BTC2765P0D1N002092.xml,Non renseigné,Compléter la seconde phrase de l’alinéa 6 par les mots :« et l’autorise à procéder à des tirs de défense à l’encontre de cette espèce pendant une durée de huit jours ».,"Cet amendement vise à préciser les modalités de réalisation du constat de dommages causés par la prédation lupine. Aujourd’hui, le constat est réalisé par les agents habilités sur place, sur demande de l’éleveur. Les données collectées par les agents sont transmises aux services de l’État pour instruction. L’indemnisation financière du dommage est accordée dès lors que la responsabilité du loup n’a pas été écartée. Par dérogation, le décret n° 2019‑722 du 9 juillet 2019 prévoit que le préfet peut, sous réserve de l’accord du préfet coordonnateur du plan national sur le loup, autoriser les éleveurs à réaliser eux-mêmes les constats et à les transmettre à la préfecture. Cette modalité n’est possible que pour les constats portant sur moins de cinq victimes ovines ou caprines. Il est proposé d’étendre la possibilité pour les éleveur de réaliser eux-mêmes les constats. L’OFB a développé une application en ligne, leur permettant d’envoyer les photos et de décrire les dommages. "
902,,Non renseigné,Article 14,Première délibération,Allemand Marie-José,"  Mme Pantel, Mme Thomin, Mme Battistel, M. Potier, M. Delautrette, M. Dufau, M. Echaniz, M. Benbrahim, M. Eskenazi, M. Fégné, Mme Jourdan, M. Leseul, M. Barusseau, M. Lhardit, M. Naillet, M. Delaporte, M. Garot, Mme Got, Mme Rossi, M. Roussel, M. Aviragnet, M. Baptiste, M. Baumel, M. Belhaddad, Mme Bellay, M. Bouloux, Mme Bregman, M. Philippe Brun, M. Califer, Mme Capdevielle, M. Christophle, M. Courbon, M. David, Mme Diop, Mme Dombre Coste, M. Faure, Mme Froger, Mme Godard, M. Guedj, M. Hablot, Mme Hadizadeh, Mme Herouin-Léautey, Mme Céline Hervieu, M. Hollande, M. Houlié, Mme Karamanli, Mme Keloua Hachi, Mme Mercier, M. Oberti, M. Pena, Mme Pic, Mme Pirès Beaune, M. Pribetich, M. Proença, Mme Récalde, Mme Rouaux, M. Aurélien Rousseau, Mme Runel, M. Saint-Pasteur, Mme Santiago, M. Saulignac, M. Simion, M. Sother, Mme Thiébault-Martinez, M. Vallaud, M. Vicot et M. William",Séance publique,1ère lecture (1ère assemblée saisie),https://www.assemblee-nationale.fr/dyn/17/amendements/2765/AN/902,https://www.assemblee-nationale.fr/dyn/opendata/AMANR5L17PO838901BTC2765P0D1N000902.xml,Non renseigné,Compléter l’alinéa 10 par la phrase suivante :« Ce nombre peut être révisé en cas d’actualisation des données scientifiques. »,"Cet amendement du groupe Socialistes et apparentés vise à préciser que le nombre de loups pouvant être détruits annuellement pourra être révisé si, en cours d’année, des données scientifiques actualisées le justifient."
477,,Non renseigné,Article 14,Première délibération,Blairy Emmanuel,"  M. Allisio, M. Amblard, Mme Auzanot, M. Ballard, Mme Bamana, M. Baubry, M. Beaurain, M. Bentz, M. Bernhardt, M. Bigot, M. Bilde, Mme Blanc, M. Boccaletti, M. Boulogne, Mme Bouquin, M. Bovet, M. Buisson, M. Casterman, M. Chaumeil, M. Chenu, M. Chudeau, M. Clavet, Mme Colombier, Mme Da Conceicao Carvalho, M. de Fleurian, M. de Lépinau, Mme Dellong Meng, M. Dessigny, Mme Diaz, Mme Dogor-Such, M. Dragon, M. Dufosset, M. Dussausaye, M. Dutremble, M. Evrard, M. Falcon, M. Florquin, M. Fouquart, M. Frappé, M. Gabarron, Mme Galzy, M. Gery, M. Giletti, M. Gillet, M. Christian Girard, M. Golliot, M. Gonzalez, Mme Florence Goulet, Mme Grangier, Mme Griseti, M. Guibert, M. Guiniot, M. Guitton, Mme Hamelet, M. Houssin, M. Humbert, M. Jacobelli, M. Jenft, M. Jolly, Mme Joncour, M. Jordan, Mme Josserand, Mme Joubert, Mme Laporte, Mme Lavalette, M. Le Bourgeois, Mme Le Pen, Mme Lechanteux, Mme Lechon, Mme Lelouis, Mme Levavasseur, M. Limongi, M. Lioret, Mme Loir, Mme Lorho, M. Lottiaux, M. Loubet, M. David Magnier, Mme Marais-Beuil, M. Marchio, M. Markowsky, M. Patrice Martin, Mme Martinez, M. Mauvieux, M. Meizonnet, M. Meurin, M. Monnier, M. Muller, Mme Mélin, Mme Ménaché, M. Ménagé, M. Odoul, Mme Parmentier, M. Perez, M. Pfeffer, Mme Pollet, M. Rambaud, Mme Ranc, M. Rancoule, M. Renault, Mme Rimbert, M. Rivière, Mme Robert-Dehault, Mme Roullaud, Mme Roy, Mme Sabatini, M. Sabatou, M. Salmon, M. Schreck, Mme Sicard, M. Emmanuel Taché, M. Jean-Philippe Tanguy, M. Taverne, M. Tesson, M. Tivoli, M. Tomatis, M. Tonussi, M. Tribuiani, M. Villedieu, M. Vos et M. Weber",Séance publique,1ère lecture (1ère assemblée saisie),https://www.assemblee-nationale.fr/dyn/17/amendements/2765/AN/477,https://www.assemblee-nationale.fr/dyn/opendata/AMANR5L17PO838901BTC2765P0D1N000477.xml,Non renseigné,"Compléter l’alinéa 19 par la phrase suivante :« En cas de prédation du loup caractérisée ou de danger imminent pour la sécurité des troupeaux ou des personnes, les lieutenants de louveterie peuvent être requis directement par les maires. Les agents informent le représentant de l’État dans le département des actions engagées. »","Cet amendement vise à renforcer la réactivité des pouvoirs publics locaux face aux attaques de loups, en autorisant les maires à requérir directement l’intervention des lieutenants de louveterie, en cas de danger imminent. Ces derniers rendront naturellement compte de leurs actions au représentant de l’État dans le département, garant du cadre légal.Le loup représente aujourd’hui une contrainte directe à l’exercice du métier d’agriculteur et d’éleveur, particulièrement dans les zones de montagne, de plaine ou de reconquête rurale. Malgré les dispositifs actuels, la prolifération de cette espèce entraîne des prédations à répétition, un climat de tension sur le terrain et un profond découragement chez les éleveurs.Dans ce contexte, les lieutenants de louveterie, créés sous Charlemagne et reconnus comme officiers bénévoles assermentés spécialisés dans la régulation des espèces, constituent un maillon indispensable de la chaîne de protection des territoires agricoles. Leur connaissance fine du terrain, leur neutralité et leur compétence cynégétique en font des relais de proximité efficaces face à des situations d’urgence. Cet amendement permet de rappeler de la nécessité d’engager une réflexion afin de mieux prendre en charge les frais inhérents à la fonction de lieutenant de louveterie (travaux de la mission parlementaire de la commission du développement durable et de l’aménagement du territoire sur la conciliation des usages de la nature et de la protection de la biodiversité, remise à ladite commission en mars 2025. La proposition n° 10 propose d’étudier la possibilité de mieux prendre en charge les frais inhérents à la fonction de lieutenant de louveterie)."
1291,,Non renseigné,Article 14,Première délibération,Labaronne Daniel,"  M. Blanchet, Mme Brulebois et M. Fait",Séance publique,1ère lecture (1ère assemblée saisie),https://www.assemblee-nationale.fr/dyn/17/amendements/2765/AN/1291,https://www.assemblee-nationale.fr/dyn/opendata/AMANR5L17PO838901BTC2765P0D1N001291.xml,Non renseigné,Compléter l’alinéa 25 par les mots :« en lien avec la Fédération Nationale des Chasseurs et qu’elle soit titulaire du permis de chasser ».,"Les missions confiées aux lieutenants de louveterie s’inscrivent dans le champ de la régulation de la faune sauvage et présentent un lien étroit avec les pratiques cynégétiques. Elles requièrent, à ce titre, des compétences techniques spécifiques, notamment en matière de connaissance des espèces, de pratiques de chasse et de maniement des armes.En pratique, les lieutenants de louveterie sont quasi exclusivement issus du monde de la chasse. Ils disposent d’une expérience de terrain et, pour nombre d’entre eux, exercent des responsabilités au sein des structures cynégétiques, en particulier dans les fédérations départementales des chasseurs. Cette réalité constitue un atout pour l’exercice efficace de leurs missions. Dans un contexte de tensions sur les effectifs et de nécessité de renforcer les capacités d’intervention sur le terrain, il apparaît indispensable d’élargir et de sécuriser les viviers de recrutement, tout en maintenant un haut niveau d’exigence quant aux compétences requises.Le présent amendement vise ainsi à consacrer un principe d’ouverture large du recrutement des lieutenants de louveterie, en précisant que toute personne, qu’elle soit ou non en activité professionnelle, peut y prétendre, dès lors qu’elle satisfait aux conditions d’engagement fixées par voie réglementaire. Il réaffirme en parallèle l’exigence fondamentale de détention du permis de chasser, garantie indispensable des compétences techniques attendues.Enfin, il prévoit que ces conditions soient définies en lien avec la Fédération nationale des chasseurs, afin de s’appuyer sur l’expertise du réseau cynégétique et de garantir l’adéquation des profils recrutés aux besoins opérationnels.Cet amendement concilie ainsi un objectif d’ouverture du recrutement avec le maintien des exigences de compétence et d’ancrage dans le monde cynégétique, nécessaires à la bonne exécution des missions de louveterie."
2087,,Non renseigné,Article 14,Première délibération,Bonnivard Émilie,"  M. Wauquiez, M. Barnier, M. Bazin, M. Bony, M. Bourgeaux, M. Breton, M. Brigand, M. Fabrice Brun, M. Ceccoli, Mme Chazé, Mme Dalloz, Mme de Maistre, M. Descoeur, M. Dive, Mme Duby-Muller, M. Duparay, M. End, Mme Fruchon, M. Gosselin, M. Herbillon, M. Juvin, M. Le Fur, M. Liger, Mme Martin (Alpes-Maritimes), Mme Frédérique Meunier, Mme Minard, M. Neuder, M. Pauget, M. Portier, Mme Rey-Rinchet, M. Rolland, Mme Tabarot, M. Taite, M. Thiériot, M. Vermorel-Marques et M. Jean-Pierre Vigier",Séance publique,1ère lecture (1ère assemblée saisie),https://www.assemblee-nationale.fr/dyn/17/amendements/2765/AN/2087,https://www.assemblee-nationale.fr/dyn/opendata/AMANR5L17PO838901BTC2765P0D1N002087.xml,Non renseigné,Compléter l'alinéa 4 par la phrase suivante :« Il autorise l'usage de lunettes de visée à imagerie thermique pour les chasseurs participant à ces opérations de destruction et justifiant d'une formation spécifique au tir de cette espèce. »,"Le présent amendement du groupe Droite Républicaine vise à sécuriser les opérations de régulation du loup en autorisant les chasseurs formés à utiliser des lunettes thermiques directement montées sur leurs carabines, équipement aujourd'hui réservé aux louvetiers.Dans l'état actuel de la réglementation, les chasseurs qui participent aux tirs de défense, notamment de nuit, sont contraints de tenir une caméra thermique manuelle d'une main pour repérer l'animal, et leur arme de l'autre. Cette pratique s'avère non seulement inefficace d'un point de vue balistique, mais elle est surtout extrêmement dangereuse pour la sécurité du tireur et de son environnement immédiat, le tir à une main avec un calibre adapté à cette espèce ne permettant pas une maîtrise optimale de l'arme.Puisque le changement de statut du loup porté par ce projet de loi vise à rendre la défense des troupeaux plus opérationnelle, il est opportun de mettre un terme à cette incohérence technique. Si un chasseur est jugé suffisamment formé pour procéder au tir du loup, il doit pouvoir disposer du matériel assurant que ce tir se fasse dans les conditions de sécurité et de précision les plus absolues."
370,,Non renseigné,Article 14,Première délibération,Corneloup Josiane,"  Mme Bazin-Malgras, M. Ray, Mme Gruet, M. Tryzna, Mme Blin, M. Liégeon, Mme Sylvie Bonnet, M. Cordier, M. Hetzel et M. Boucard",Séance publique,1ère lecture (1ère assemblée saisie),https://www.assemblee-nationale.fr/dyn/17/amendements/2765/AN/370,https://www.assemblee-nationale.fr/dyn/opendata/AMANR5L17PO838901BTC2765P0D1N000370.xml,Non renseigné,Compléter l'alinéa 4 par la phrase suivante :« Il autorise l'usage de lunettes de visée à imagerie thermique pour les chasseurs participant à ces opérations de destruction et justifiant d'une formation spécifique au tir de cette espèce. »,"Le présent amendement vise à sécuriser les opérations de régulation du loup en autorisant les chasseurs formés à utiliser des lunettes thermiques directement montées sur leurs carabines, équipement aujourd'hui réservé aux louvetiers.Dans l'état actuel de la réglementation, les chasseurs qui participent aux tirs de défense, notamment de nuit, sont contraints de tenir une caméra thermique manuelle d'une main pour repérer l'animal, et leur arme de l'autre. Cette pratique s'avère non seulement inefficace d'un point de vue balistique, mais elle est surtout extrêmement dangereuse pour la sécurité du tireur et de son environnement immédiat, le tir à une main avec un calibre adapté à cette espèce ne permettant pas une maîtrise optimale de l'arme.Puisque le changement de statut du loup porté par ce projet de loi vise à rendre la défense des troupeaux plus opérationnelle, il est opportun de mettre un terme à cette incohérence technique. Si un chasseur est jugé suffisamment formé pour procéder au tir du loup, il doit pouvoir disposer du matériel assurant que ce tir se fasse dans les conditions de sécurité et de précision les plus absolues."
895,,Non renseigné,Article 14,Première délibération,Pantel Sophie,"  Mme Allemand, Mme Thomin, Mme Battistel, M. Potier, M. Delautrette, M. Dufau, M. Echaniz, M. Benbrahim, M. Eskenazi, M. Fégné, Mme Jourdan, M. Leseul, M. Barusseau, M. Lhardit, M. Naillet, M. Delaporte, M. Garot, Mme Got, Mme Rossi, M. Roussel, M. Aviragnet, M. Baptiste, M. Baumel, M. Belhaddad, Mme Bellay, M. Bouloux, Mme Bregman, M. Philippe Brun, M. Califer, Mme Capdevielle, M. Christophle, M. Courbon, M. David, Mme Diop, Mme Dombre Coste, M. Faure, Mme Froger, Mme Godard, M. Guedj, M. Hablot, Mme Hadizadeh, Mme Herouin-Léautey, Mme Céline Hervieu, M. Hollande, M. Houlié, Mme Karamanli, Mme Keloua Hachi, Mme Mercier, M. Oberti, M. Pena, Mme Pic, Mme Pirès Beaune, M. Pribetich, M. Proença, Mme Récalde, Mme Rouaux, M. Aurélien Rousseau, Mme Runel, M. Saint-Pasteur, Mme Santiago, M. Saulignac, M. Simion, M. Sother, Mme Thiébault-Martinez, M. Vallaud, M. Vicot et M. William",Séance publique,1ère lecture (1ère assemblée saisie),https://www.assemblee-nationale.fr/dyn/17/amendements/2765/AN/895,https://www.assemblee-nationale.fr/dyn/opendata/AMANR5L17PO838901BTC2765P0D1N000895.xml,Non renseigné,"Compléter l’alinéa 4 par la phrase suivante : « Il précise également les compétences respectives des autorités préfectorales, notamment en permettant au préfet de département d’apprécier le caractère exceptionnel des dommages et d’autoriser directement, dans ce cas, l’intervention des lieutenants de louveterie, y compris lorsque l’élevage est non protégé ou reconnu comme ne pouvant être protégé. »","Cet amendement du groupe Socialistes et apparentés vise à préciser les compétences respectives des autorités préfectorales, en permettant au préfet de département d’autoriser directement l’intervention des lieutenants des louveterie dans certaines situations d’urgence. Dans un conteste de progression de la population de loups et de persistance de niveaux élevés de prédation, la protection des troupeaux constitue un enjeu majeur pour la pérennité des exploitations d’élevage. Ces modes d’élevage, fondés sur le pâturage à l’herbe, participent à la production de filières de qualité, t tout en contribuant activement à l’activité économique, à la transition écologique, à une alimentation de proximité et au maintien des milieux ouverts. Ils jouent, à ce titre, un rôle essentiel pour la prévention des incendies. Face à des attaques pouvant être rapides, répétées et particulièrement dommageables, la capacité d’intervention immédiate des autorités est essentielle. En ce sens, le présent amendement permet d’apporter une réponse plus réactive et adaptée aux situations d’urgence, en rapprochant la décision du terrain et opérationnelle des dispositifs de gestion de la prédation. En l’état du droit, l’intervention des lieutenants de louveterie et de la Brigade loup en cas de dommages exceptionnels nécessite l’accord préalable du préfet coordonnateur. Si ce cadre répond à un objectif de pilotage national et de cohérence de la politique de gestion du loup, il peut néanmoins conduire, dans certaines situations ions d’urgence, à allonger les délais d’intervention. Or, face à des attaques répétées ou particulièrement graves, la rapidité de la réponse constitue un élément déterminant pour limiter les pertes et éviter l’aggravation des dommages.Le préfet de département, en tant qu’autorité de proximité, dispose d’une connaissance fine des réalités locales, des exploitations concernées et de l’intensité des phénomènes de prédation. Il apparaît ainsi le mieux placé pour apprécier, dans des délais très courts, si les dommages sont exceptionnels et la nécessité de mobiliser les moyens d’intervention adaptés, même pour des élevages non protégés ou reconnu comme ne pouvant l’être.Le présent amendement propose donc de prévoir que l’arrêté mentionné à l’alinéa 4 précise les compétences respectives des autorités préfectorales, en permettant au préfet de département d’autoriser directement l’intervention des lieutenants des louveterie dans les cas qu’il aura préalablement constaté. Dans ce cas, le préfet de département est autorisé à mobiliser les lieutenants de louveterie pour des exploitations protégées, non protégées et non protégeables. Il s’agit ainsi de concilier l’exigence de coordination nationale avec la nécessité d’une réponse rapide, proportionnée et efficace au plus près du terrain."
896,,Non renseigné,Article 14,Première délibération,Allemand Marie-José,"  Mme Thomin, Mme Battistel, M. Potier, M. Delautrette, M. Dufau, M. Echaniz, M. Benbrahim, M. Eskenazi, M. Fégné, Mme Jourdan, M. Leseul, M. Barusseau, M. Lhardit, M. Naillet, M. Delaporte, M. Garot, Mme Got, Mme Rossi, M. Roussel, M. Aviragnet, M. Baptiste, M. Baumel, M. Belhaddad, Mme Bellay, M. Bouloux, Mme Bregman, M. Philippe Brun, M. Califer, Mme Capdevielle, M. Christophle, M. Courbon, M. David, Mme Diop, Mme Dombre Coste, M. Faure, Mme Froger, Mme Godard, M. Guedj, M. Hablot, Mme Hadizadeh, Mme Herouin-Léautey, Mme Céline Hervieu, M. Hollande, M. Houlié, Mme Karamanli, Mme Keloua Hachi, Mme Mercier, M. Oberti, M. Pena, Mme Pic, Mme Pirès Beaune, M. Pribetich, M. Proença, Mme Récalde, Mme Rouaux, M. Aurélien Rousseau, Mme Runel, M. Saint-Pasteur, Mme Santiago, M. Saulignac, M. Simion, M. Sother, Mme Thiébault-Martinez, M. Vallaud, M. Vicot, M. William et les membres du groupe Socialistes et apparentés",Séance publique,1ère lecture (1ère assemblée saisie),https://www.assemblee-nationale.fr/dyn/17/amendements/2765/AN/896,https://www.assemblee-nationale.fr/dyn/opendata/AMANR5L17PO838901BTC2765P0D1N000896.xml,Non renseigné,Compléter l’alinéa 4 par la phrase suivante : « Les demandes d’autorisation ou de dérogation relatives aux mesures de gestion du loup sont instruites dans un délai maximal fixé par voie réglementaire. »,"Cet amendement du groupe Socialistes et apparentés vise à encadrer dans un délai maximal l’instruction des demandes d’autorisation ou de dérogation relatives aux mesures de gestion du loup afin de garantir la réactivité et l’efficacité de l’action publique.La gestion du loup implique des interventions dont l’efficacité dépend étroitement de leur célérité, notamment dans les situations de prédation récurrente sur les troupeaux. Or, les délais d’instruction administrative peuvent, dans certains cas, réduire significativement la portée opérationnelle des mesures de protection et de régulation.Le présent amendement tend ainsi à introduire un encadrement temporel de l’instruction des demandes d’autorisation ou de dérogation, en renvoyant à un délai maximal fixé par voie réglementaire."
CD137,,Rejeté,Article 14,Première délibération,Grangier Géraldine,"  M. Blairy, Mme Bouquin, M. Dutremble, M. Evrard, M. Guibert, M. Houssin, M. Humbert, Mme Lechanteux, M. David Magnier, M. Marchio, M. Markowsky, M. Meurin, Mme Roullaud, Mme Sabatini et M. Schreck",Développement durable,1ère lecture (1ère assemblée saisie),https://www.assemblee-nationale.fr/dyn/17/amendements/2632/CION-DVP/CD137,https://www.assemblee-nationale.fr/dyn/opendata/AMANR5L17PO419865B2632P0D1N000137.xml,Rejeté,"Compléter l’alinéa 4 par la phrase suivante : « Les démarches de réduction de la vulnérabilité mentionnées pour les bovins et les équins ne peuvent en aucun cas constituer une condition préalable, ni retarder, ni limiter la mise en œuvre des mesures de destruction. »","Le texte prévoit que des démarches de réduction de la vulnérabilité des troupeaux peuvent être demandées aux éleveurs, notamment pour les bovins et les équins.Toutefois, les travaux de terrain ont mis en évidence l’absence, à ce jour, de moyens de prévention pleinement efficaces pour ces types d’élevage, en particulier dans les systèmes extensifs.Dans ce contexte, subordonner l’accès aux mesures de destruction à la mise en œuvre préalable de telles démarches reviendrait à priver les éleveurs d’un moyen de protection effectif, alors même qu’ils sont exposés à des attaques répétées.Le présent amendement vise à prévenir toute interprétation en ce sens, en garantissant que ces démarches ne puissent constituer ni une condition préalable, ni un facteur de retard ou de limitation des mesures de protection.Il s’agit de tenir compte des contraintes techniques propres à certains modes d’élevage et d’assurer l’effectivité des dispositifs de gestion."
CD177,,Non soutenu,Article 14,Première délibération,Brulebois Danielle,,Développement durable,1ère lecture (1ère assemblée saisie),https://www.assemblee-nationale.fr/dyn/17/amendements/2632/CION-DVP/CD177,https://www.assemblee-nationale.fr/dyn/opendata/AMANR5L17PO419865B2632P0D1N000177.xml,Non soutenu,"Compléter l’alinéa 4 par les mots : « , lesquels peuvent, à ce titre, se voir autoriser l’utilisation de moyens techniques et de dispositifs de visée par dérogation à l’article L. 424‑4 du code de l’environnement ».","Le présent amendement vise à autoriser les éleveurs, dans le cadre des tirs de défense, à utiliser des dispositifs de visée nocturne et thermique, par dérogation à l’article L. 424‑4 du code de l’environnement. Actuellement, l’arrêté du 23 février 2026 réserve ces technologies d’intensification de lumière aux seuls agents de l’OFB et lieutenants de louveterie. Cette restriction contraint les exploitants à des tirs de nuit imprécis, nuisibles pour la protection des troupeaux face à la prédation du loup. En autorisant l’accès à ces moyens techniques sous l’autorité administrative, cet amendement sécurise les interventions et garantit une meilleure efficacité des prélèvements. Il s’agit d’octroyer aux éleveurs les moyens matériels nécessaires à la sauvegarde de leur activité face à l’urgence de la situation."
CD188,,Tombé,Article 14,Première délibération,Allemand Marie-José,"  Mme Pantel, Mme Rossi, Mme Thomin, M. Potier, M. Delautrette, M. Dufau, M. Eskenazi, M. Fégné, Mme Jourdan, M. Leseul, M. Barusseau et M. Roussel",Développement durable,1ère lecture (1ère assemblée saisie),https://www.assemblee-nationale.fr/dyn/17/amendements/2632/CION-DVP/CD188,https://www.assemblee-nationale.fr/dyn/opendata/AMANR5L17PO419865B2632P0D1N000188.xml,Tombé,Compléter l’alinéa 5 par la phrase suivante :« Ce nombre peut être révisé en cas d’actualisation des données scientifiques. »,"Cet amendement du groupe Socialistes et apparentés vise à préciser que le nombre de loups pouvant être détruits annuellement pourra être révisé si, en cours d’année, des données scientifiques actualisées le justifient."
789,,Non renseigné,Article 14,Première délibération,Grenon Daniel,,Séance publique,1ère lecture (1ère assemblée saisie),https://www.assemblee-nationale.fr/dyn/17/amendements/2765/AN/789,https://www.assemblee-nationale.fr/dyn/opendata/AMANR5L17PO838901BTC2765P0D1N000789.xml,Non renseigné,Compléter l’alinéa 5 par la phrase suivante : « Ces démarches tiennent compte de la viabilité économique des exploitations concernées et ne peuvent entraîner des charges manifestement disproportionnées au regard des objectifs poursuivis. »,"Le présent amendement vise à garantir que les démarches administratives, techniques ou sanitaires imposées aux éleveurs dans le cadre de la lutte contre la prédation demeurent compatibles avec la viabilité économique de leurs exploitations.Les éleveurs confrontés aux attaques de prédateurs supportent déjà des conséquences économiques importantes liées aux pertes directes de cheptel, aux coûts de protection des troupeaux, à la désorganisation du travail, ainsi qu’aux conséquences psychologiques et sanitaires des attaques répétées.Dans ce contexte, les obligations complémentaires pouvant être demandées aux exploitants ne doivent pas conduire à une accumulation de charges administratives ou financières excessives susceptible de fragiliser davantage les élevages concernés.Cet amendement ne remet pas en cause les dispositifs de protection des troupeaux ni les exigences nécessaires à la prévention de la prédation, mais vise à assurer une meilleure prise en compte des réalités économiques auxquelles sont confrontés les éleveurs."
CD278,,Tombé,Article 14,Première délibération,Pochon Marie,"  Mme Voynet, M. Biteau, Mme Belluco, M. Nicolas Bonnet, Mme Ozenne, M. Raux, M. Thierry, M. Amirshahi, Mme Arrighi, Mme Autain, Mme Balage El Mariky, M. Ben Cheikh, M. Arnaud Bonnet, Mme Chatelain, M. Corbière, M. Davi, M. Duplessy, M. Fournier, Mme Garin, M. Damien Girard, M. Gustave, Mme Catherine Hervieu, M. Iordanoff, Mme Laernoes, M. Lahais, M. Lucas-Lundy, M. Peytavie, Mme Regol, M. Roumégas, Mme Sandrine Rousseau, M. Ruffin, Mme Sas, Mme Sebaihi, Mme Simonnet, Mme Taillé-Polian et M. Tavernier",Développement durable,1ère lecture (1ère assemblée saisie),https://www.assemblee-nationale.fr/dyn/17/amendements/2632/CION-DVP/CD278,https://www.assemblee-nationale.fr/dyn/opendata/AMANR5L17PO419865B2632P0D1N000278.xml,Tombé,"Compléter l’alinéa 5 par la phrase suivante :« En cas de diminution de l’effectif moyen de loups estimé annuellement, le pourcentage de cet effectif dont la destruction est permise est revu à la baisse. »","L'objet de cet amendement est de mettre en cohérence cet article avec l’étude d’impact du projet de loi, qui précise que les mesures de gestion du loup doivent être proportionnées et compatibles avec la conservation à long terme de l’espèce et peuvent être appliquées ""tant que le prélèvement de l'espèce est compatible avec son maintien dans un état de conservation favorable"". Il vise à s’assurer que la population de loups ne décroisse pas plusieurs années de suite du fait de destructions légales, ce qui serait de nature à mettre en péril le maintien de l’espèce dans un état de conservation favorable. Pour ce faire, il est nécessaire de préciser dans le texte de loi que si l’effectif moyen de loups estimé annuellement venait à diminuer, le pourcentage de cet effectif fixant le plafond annuel de destruction légale serait abaissé en conséquence. Un arrêté ministériel en date du 23 février 2026 a relevé ce plafond de 19 à 21 % de l’effectif moyen estimé, avec la possibilité de poursuivre l’abattage de loups jusqu’à 2 % supplémentaires de cet effectif en cas d’atteinte du plafond avant la fin de l’année civile. En 2026, jusqu’à 248 loups pourraient donc être tués, sur une population totale estimée à cette heure à 1082 individus. L’expertise scientifique collective sur l’état de conservation du loup en France, actualisée par le Muséum national d’histoire naturelle et l’Office français de la biodiversité en 2025, montre qu’un tel niveau de prélèvement induit une probabilité de décroissance de la population de loups de 66 %. Cet amendement a été travaillé avec Humanité et Biodiversité, association siégeant au Groupe National Loup.   "
CD85,,Tombé,Article 14,Première délibération,Tivoli Lionel,"  M. Blairy, Mme Bouquin, M. Dutremble, M. Evrard, M. Guibert, M. Houssin, M. Humbert, Mme Lechanteux, M. Marchio, M. Markowsky, M. Meurin, Mme Roullaud, Mme Sabatini et M. Schreck",Développement durable,1ère lecture (1ère assemblée saisie),https://www.assemblee-nationale.fr/dyn/17/amendements/2632/CION-DVP/CD85,https://www.assemblee-nationale.fr/dyn/opendata/AMANR5L17PO419865B2632P0D1N000085.xml,Tombé,"Compléter l’alinéa 5 par la phrase suivante : « En cas de prédation renforcé ou de drames majeurs, au cours de l’année, le représentant de l’État dans le département peut revoir à la hausse les quotas de prélèvements de façon à prévenir des attaques. Ce quota ne peut excéder 10 % maximum du quota initial. »","Dans le cadre de la gestion du loup, il convient d’adopter une approche à la fois locale et nationale.Depuis de nombreuses années, la gestion du loup repose sur une politique opaque, exercée depuis Paris, sans que de véritables concertations avec les acteurs locaux n’aient lieu. Sur le terrain, le constat est alarmant : hausse inédite des attaques malgré les mesures de protection, et impossibilité de se défendre efficacement contre ce fléau. Chaque année, les tirs de défense sont interrompus dans le département des Alpes-Maritimes, car le quota est atteint ; pourtant, la prédation se poursuit, tout comme la prolifération de l’espèce.Afin de mettre un terme à cette vision excessivement centralisée, il convient de replacer l’administration au cœur des territoires, en concertation directe avec les acteurs affectés par les dommages causés par le loup. Dès lors, en cas d’attaques persistantes, il apparaît pertinent que le représentant de l’État puisse, si nécessaire et dans une limite strictement encadrée, ajuster les quotas de prélèvement."
91,,Non renseigné,Article 14,Première délibération,Tivoli Lionel,"  M. Allisio, M. Amblard, Mme Auzanot, M. Ballard, Mme Bamana, M. Baubry, M. Beaurain, M. Bentz, M. Bernhardt, M. Bigot, M. Bilde, M. Blairy, Mme Blanc, M. Boccaletti, M. Boulogne, Mme Bouquin, M. Bovet, M. Buisson, M. Casterman, M. Chaumeil, M. Chenu, M. Chudeau, M. Clavet, Mme Colombier, Mme Da Conceicao Carvalho, M. de Fleurian, M. de Lépinau, Mme Dellong Meng, M. Dessigny, Mme Diaz, Mme Dogor-Such, M. Dragon, M. Dufosset, M. Dussausaye, M. Dutremble, M. Evrard, M. Falcon, M. Florquin, M. Fouquart, M. Frappé, M. Gabarron, Mme Galzy, M. Gery, M. Giletti, M. Gillet, M. Christian Girard, M. Golliot, M. Gonzalez, Mme Florence Goulet, Mme Grangier, Mme Griseti, M. Guibert, M. Guiniot, M. Guitton, Mme Hamelet, M. Houssin, M. Humbert, M. Jacobelli, M. Jenft, M. Jolly, Mme Joncour, M. Jordan, Mme Josserand, Mme Joubert, Mme Laporte, Mme Lavalette, M. Le Bourgeois, Mme Le Pen, Mme Lechanteux, Mme Lechon, Mme Lelouis, Mme Levavasseur, M. Limongi, M. Lioret, Mme Loir, Mme Lorho, M. Lottiaux, M. Loubet, M. David Magnier, Mme Marais-Beuil, M. Marchio, M. Markowsky, M. Patrice Martin, Mme Martinez, M. Mauvieux, M. Meizonnet, M. Meurin, M. Monnier, M. Muller, Mme Mélin, Mme Ménaché, M. Ménagé, M. Odoul, Mme Parmentier, M. Perez, M. Pfeffer, Mme Pollet, M. Rambaud, Mme Ranc, M. Rancoule, M. Renault, Mme Rimbert, M. Rivière, Mme Robert-Dehault, Mme Roullaud, Mme Roy, Mme Sabatini, M. Sabatou, M. Salmon, M. Schreck, Mme Sicard, M. Emmanuel Taché, M. Jean-Philippe Tanguy, M. Taverne, M. Tesson, M. Tomatis, M. Tonussi, M. Tribuiani, M. Villedieu, M. Vos et M. Weber",Séance publique,1ère lecture (1ère assemblée saisie),https://www.assemblee-nationale.fr/dyn/17/amendements/2765/AN/91,https://www.assemblee-nationale.fr/dyn/opendata/AMANR5L17PO838901BTC2765P0D1N000091.xml,Non renseigné,"Compléter l’alinéa 5 par la phrase suivante : « En cas de prédation renforcé ou de drames majeurs, au cours de l’année, le représentant de l’État dans le département peut revoir à la hausse les quotas de prélèvements de façon à prévenir des attaques. Ce quota ne peut excéder 15 % maximum du quota initial. »","Dans le cadre de la gestion du loup, il convient d’adopter une approche à la fois locale et nationale.Depuis de nombreuses années, la gestion du loup repose sur une politique opaque, exercée depuis Paris, sans que de véritables concertations avec les acteurs locaux n’aient lieu. Sur le terrain, le constat est alarmant : hausse inédite des attaques malgré les mesures de protection, et impossibilité de se défendre efficacement contre ce fléau. Chaque année, les tirs de défense sont interrompus dans le département des Alpes-Maritimes, car le quota est atteint ; pourtant, la prédation se poursuit, tout comme la prolifération de l’espèce.Afin de mettre un terme à cette vision excessivement centralisée, il convient de replacer l’administration au cœur des territoires, en concertation directe avec les acteurs affectés par les dommages causés par le loup. Dès lors, en cas d’attaques persistantes, il apparaît pertinent que le représentant de l’État puisse, si nécessaire et dans une limite strictement encadrée, ajuster les quotas de prélèvement."
372,,Non renseigné,Article 14,Première délibération,Grangier Géraldine,"  M. Amblard, M. Allisio, Mme Auzanot, M. Ballard, Mme Bamana, M. Baubry, M. Beaurain, M. Bentz, M. Bernhardt, M. Bigot, M. Bilde, M. Blairy, Mme Blanc, M. Boccaletti, M. Boulogne, Mme Bouquin, M. Bovet, M. Buisson, M. Casterman, M. Chaumeil, M. Chenu, M. Chudeau, M. Clavet, Mme Colombier, Mme Da Conceicao Carvalho, M. de Fleurian, M. de Lépinau, Mme Dellong Meng, M. Dessigny, Mme Diaz, Mme Dogor-Such, M. Dragon, M. Dufosset, M. Dussausaye, M. Dutremble, M. Evrard, M. Falcon, M. Florquin, M. Fouquart, M. Frappé, M. Gabarron, Mme Galzy, M. Gery, M. Giletti, M. Gillet, M. Christian Girard, M. Golliot, M. Gonzalez, Mme Florence Goulet, Mme Griseti, M. Guibert, M. Guiniot, M. Guitton, Mme Hamelet, M. Houssin, M. Humbert, M. Jacobelli, M. Jenft, M. Jolly, Mme Joncour, M. Jordan, Mme Josserand, Mme Joubert, Mme Laporte, Mme Lavalette, M. Le Bourgeois, Mme Le Pen, Mme Lechanteux, Mme Lechon, Mme Lelouis, Mme Levavasseur, M. Limongi, M. Lioret, Mme Loir, Mme Lorho, M. Lottiaux, M. Loubet, M. David Magnier, Mme Marais-Beuil, M. Marchio, M. Markowsky, M. Patrice Martin, Mme Martinez, M. Mauvieux, M. Meizonnet, M. Meurin, M. Monnier, M. Muller, Mme Mélin, Mme Ménaché, M. Ménagé, M. Odoul, Mme Parmentier, M. Perez, M. Pfeffer, Mme Pollet, M. Rambaud, Mme Ranc, M. Rancoule, M. Renault, Mme Rimbert, M. Rivière, Mme Robert-Dehault, Mme Roullaud, Mme Roy, Mme Sabatini, M. Sabatou, M. Salmon, M. Schreck, Mme Sicard, M. Emmanuel Taché, M. Jean-Philippe Tanguy, M. Taverne, M. Tesson, M. Tivoli, M. Tomatis, M. Tonussi, M. Tribuiani, M. Villedieu, M. Vos et M. Weber",Séance publique,1ère lecture (1ère assemblée saisie),https://www.assemblee-nationale.fr/dyn/17/amendements/2765/AN/372,https://www.assemblee-nationale.fr/dyn/opendata/AMANR5L17PO838901BTC2765P0D1N000372.xml,Non renseigné,"Compléter l’alinéa 5 par la phrase suivante :« Les démarches de réduction de la vulnérabilité mentionnées pour les bovins et les équins ne peuvent constituer une condition préalable à la mise en œuvre des mesures de destruction, ni en retarder ou en limiter l’application. »","Le texte prévoit que des démarches de réduction de la vulnérabilité des troupeaux peuvent être demandées aux éleveurs, notamment pour les bovins et les équins.Toutefois, les retours de terrain confirment l’absence, à ce jour, de moyens de prévention pleinement efficaces pour ces types d’élevage, en particulier dans les systèmes extensifs.Dans ce contexte, subordonner l’accès aux mesures de destruction à la mise en œuvre préalable de telles démarches reviendrait à fragiliser l’efficacité du dispositif et à exposer durablement les éleveurs à des attaques répétées.Cet amendement vise à garantir que ces démarches, utiles lorsqu’elles sont techniquement adaptées, ne puissent constituer une condition préalable, ni entraîner un retard ou une limitation dans la mise en œuvre des mesures de protection.Il s’agit de tenir compte des contraintes techniques propres à certains modes d’élevage et de garantir l’effectivité opérationnelle des dispositifs de gestion de la prédation.  "
CD187,,Tombé,Article 14,Première délibération,Rossi Valérie,"  Mme Pantel, Mme Allemand, Mme Thomin, M. Potier, M. Delautrette, M. Dufau, M. Eskenazi, M. Fégné, Mme Jourdan, M. Leseul, M. Barusseau et M. Roussel",Développement durable,1ère lecture (1ère assemblée saisie),https://www.assemblee-nationale.fr/dyn/17/amendements/2632/CION-DVP/CD187,https://www.assemblee-nationale.fr/dyn/opendata/AMANR5L17PO419865B2632P0D1N000187.xml,Tombé,"Compléter l’alinéa 5 par la phrase suivante :« L’évaluation de la présence du loup est réalisée sur la base de données scientifiques consolidées à l’échelle territoriale, notamment départementale, dans le cadre du Comité national loup, associant les parties prenantes concernées. »","Cet amendement du groupe Socialistes et apparentés vise à renforcer la fiabilité, la transparence et l’acceptabilité des méthodes d’évaluation de la présence du loup en instaurant une approche territorialisée et collégiale de consolidation des données scientifiques.La gestion du loup repose sur une évaluation fiable et partagée de sa présence sur les territoires, condition indispensable à la définition de mesures de gestion adaptées et proportionnées. Or, les modalités actuelles d’estimation de la population font l’objet de débats récurrents quant à leur précision et à leur adéquation aux réalités de terrain.Dans ce contexte, le présent amendement prévoit que l’évaluation de la présence du loup soit fondée sur des données scientifiques consolidées à l’échelle territoriale, notamment départementale, et élaborées dans le cadre du Comité national loup associant l’ensemble des parties prenantes concernées."
903,,Non renseigné,Article 14,Première délibération,Rossi Valérie,"  Mme Pantel, Mme Allemand, Mme Thomin, Mme Battistel, M. Potier, M. Delautrette, M. Dufau, M. Echaniz, M. Benbrahim, M. Eskenazi, M. Fégné, Mme Jourdan, M. Leseul, M. Barusseau, M. Lhardit, M. Naillet, M. Delaporte, M. Garot, Mme Got, M. Roussel, M. Aviragnet, M. Baptiste, M. Baumel, M. Belhaddad, Mme Bellay, M. Bouloux, Mme Bregman, M. Philippe Brun, M. Califer, Mme Capdevielle, M. Christophle, M. Courbon, M. David, Mme Diop, Mme Dombre Coste, M. Faure, Mme Froger, Mme Godard, M. Guedj, M. Hablot, Mme Hadizadeh, Mme Herouin-Léautey, Mme Céline Hervieu, M. Hollande, M. Houlié, Mme Karamanli, Mme Keloua Hachi, Mme Mercier, M. Oberti, M. Pena, Mme Pic, Mme Pirès Beaune, M. Pribetich, M. Proença, Mme Récalde, Mme Rouaux, M. Aurélien Rousseau, Mme Runel, M. Saint-Pasteur, Mme Santiago, M. Saulignac, M. Simion, M. Sother, Mme Thiébault-Martinez, M. Vallaud, M. Vicot et M. William",Séance publique,1ère lecture (1ère assemblée saisie),https://www.assemblee-nationale.fr/dyn/17/amendements/2765/AN/903,https://www.assemblee-nationale.fr/dyn/opendata/AMANR5L17PO838901BTC2765P0D1N000903.xml,Non renseigné,"Compléter l’alinéa 5 par la phrase suivante :« L’évaluation de la présence du loup est réalisée sur la base de données scientifiques consolidées à l’échelle territoriale, notamment départementale, dans le cadre du Comité national loup, associant les parties prenantes concernées. »","Cet amendement du groupe Socialistes et apparentés vise à renforcer la fiabilité, la transparence et l’acceptabilité des méthodes d’évaluation de la présence du loup en instaurant une approche territorialisée et collégiale de consolidation des données scientifiques.La gestion du loup repose sur une évaluation fiable et partagée de sa présence sur les territoires, condition indispensable à la définition de mesures de gestion adaptées et proportionnées. Or, les modalités actuelles d’estimation de la population font l’objet de débats récurrents quant à leur précision et à leur adéquation aux réalités de terrain.Dans ce contexte, le présent amendement prévoit que l’évaluation de la présence du loup soit fondée sur des données scientifiques consolidées à l’échelle territoriale, notamment départementale, et élaborées dans le cadre du Comité national loup associant l’ensemble des parties prenantes concernées."
CD92,,Tombé,Article 14,Première délibération,Bony Jean-Yves,,Développement durable,1ère lecture (1ère assemblée saisie),https://www.assemblee-nationale.fr/dyn/17/amendements/2632/CION-DVP/CD92,https://www.assemblee-nationale.fr/dyn/opendata/AMANR5L17PO419865B2632P0D1N000092.xml,Tombé,"Compléter l’alinéa 5 par la phrase suivante : « Si le comptage de la population lupine n’est pas fiable et si le taux de prélèvement n’est pas suffisant pour lutter contre la prédation des troupeaux, le plafond de tirs peut être relevé à un taux déterminé par décret. »","Les attaques sur des troupeaux sont une réalité à laquelle les éleveurs doivent faire face. Les ovins restent l’espèce la plus vulnérable. Les attaques ne sont pas également fréquentes selon les régions et départements. Elles sont plus nombreuses dans les départements où les loups sont implantés depuis longtemps, notamment dans les Alpes et dans l’arc méditerranéen. En 2022, 10 853 animaux étaient morts victimes de la prédation du loup. La prédation sur les bovins est beaucoup moins fréquente mais en augmentation. En 2023, les trois régions les plus touchées restent dans l’ordre la région Provence-Alpes-Côte d’Azur, la région Auvergne Rhône-Alpes et la région Occitanie. Depuis 2015, le nombre de victimes a augmenté, reflétant de fait l’augmentation de la population de loups (8 973 victimes étant recensées cette année-là).L’arrêté du 23 octobre 2020, fixant le nombre maximum de spécimens de loups dont la destruction pourra être autorisée chaque année, a établi à 19 % le pourcentage de la population estimée de loups pouvant être annuellement prélevée (le préfet coordonnateur du PNA « Loup et activité d’élevage » pouvant porter ce pourcentage à 21 %).Ainsi, si le nombre de prélèvement s’avère insuffisant et en l’absence de comptage fiable de la population lupine, il est proposé d’augmenter le plafond de tirs (aujourd’hui fixé à 19 %) dans des conditions définies par décret. "
278,,Non renseigné,Article 14,Première délibération,Bony Jean-Yves,,Séance publique,1ère lecture (1ère assemblée saisie),https://www.assemblee-nationale.fr/dyn/17/amendements/2765/AN/278,https://www.assemblee-nationale.fr/dyn/opendata/AMANR5L17PO838901BTC2765P0D1N000278.xml,Non renseigné,"Compléter l’alinéa 5 par la phrase suivante : « Si le comptage de la population lupine n’est pas fiable et si le taux de prélèvement n’est pas suffisant pour lutter contre la prédation des troupeaux, le plafond de tirs peut être relevé à un taux fixé par décret. » ","Les attaques sur des troupeaux sont une réalité à laquelle les éleveurs doivent faire face. Les ovins restent l’espèce la plus vulnérable. Les attaques ne sont pas également fréquentes selon les régions et départements. Elles sont plus nombreuses dans les départements où les loups sont implantés depuis longtemps, notamment dans les Alpes et dans l’arc méditerranéen. En 2022, 10 853 animaux étaient morts victimes de la prédation du loup. La prédation sur les bovins est beaucoup moins fréquente mais en augmentation. En 2023, les trois régions les plus touchées restent dans l’ordre la région Provence-Alpes-Côte d’Azur, la région Auvergne Rhône-Alpes et la région Occitanie.Depuis 2015, le nombre de victimes a augmenté, reflétant de fait l’augmentation de la population de loups (8 973 victimes étant recensées cette année-là).L’arrêté du 23 octobre 2020, fixant le nombre maximum de spécimens de loups dont la destruction pourra être autorisée chaque année, a établi à 19 % le pourcentage de la population estimée de loups pouvant être annuellement prélevée (le préfet coordonnateur du PNA « Loup et activité d’élevage » pouvant porter ce pourcentage à 21 %).Ainsi, si le nombre de prélèvement s'avère insuffisant et en l'absence de comptage fiable de la population lupine, il est proposé d'augmenter le plafond de tirs (aujourd'hui fixé à 19%) dans des conditions définies par décret."
82,,Non renseigné,Article 14,Première délibération,Pochon Marie,"  Mme Voynet, M. Biteau, Mme Belluco, M. Nicolas Bonnet, Mme Ozenne, M. Raux, M. Thierry, M. Amirshahi, Mme Arrighi, Mme Autain, Mme Balage El Mariky, M. Ben Cheikh, M. Arnaud Bonnet, Mme Chatelain, M. Corbière, M. Davi, M. Duplessy, M. Fournier, Mme Garin, M. Damien Girard, M. Gustave, Mme Catherine Hervieu, M. Iordanoff, Mme Laernoes, M. Lahais, M. Lucas-Lundy, M. Peytavie, Mme Regol, M. Roumégas, Mme Sandrine Rousseau, M. Ruffin, Mme Sas, Mme Sebaihi, Mme Simonnet, Mme Taillé-Polian et M. Tavernier",Séance publique,1ère lecture (1ère assemblée saisie),https://www.assemblee-nationale.fr/dyn/17/amendements/2765/AN/82,https://www.assemblee-nationale.fr/dyn/opendata/AMANR5L17PO838901BTC2765P0D1N000082.xml,Non renseigné,"Compléter l’alinéa 9 par la phrase suivante :« En cas de diminution de l’effectif moyen de loups estimé annuellement, le pourcentage de cet effectif dont la destruction est permise est revu à la baisse. »","L'objet de cet amendement est de mettre en cohérence cet article avec l’étude d’impact du projet de loi, qui précise que les mesures de gestion du loup doivent être proportionnées et compatibles avec la conservation à long terme de l’espèce et peuvent être appliquées ""tant que le prélèvement de l'espèce est compatible avec son maintien dans un état de conservation favorable"". Il vise à s’assurer que la population de loups ne décroisse pas plusieurs années de suite du fait de destructions légales, ce qui serait de nature à mettre en péril le maintien de l’espèce dans un état de conservation favorable. Pour ce faire, il est nécessaire de préciser dans le texte de loi que si l’effectif moyen de loups estimé annuellement venait à diminuer, le pourcentage de cet effectif fixant le plafond annuel de destruction légale serait abaissé en conséquence. Un arrêté ministériel en date du 23 février 2026 a relevé ce plafond de 19 à 21 % de l’effectif moyen estimé, avec la possibilité de poursuivre l’abattage de loups jusqu’à 2 % supplémentaires de cet effectif en cas d’atteinte du plafond avant la fin de l’année civile. En 2026, jusqu’à 248 loups pourraient donc être tués, sur une population totale estimée à cette heure à 1082 individus. L’expertise scientifique collective sur l’état de conservation du loup en France, actualisée par le Muséum national d’histoire naturelle et l’Office français de la biodiversité en 2025, montre qu’un tel niveau de prélèvement induit une probabilité de décroissance de la population de loups de 66 %. Cet amendement a été travaillé avec Humanité et Biodiversité, association siégeant au Groupe National Loup.   "
CE1034,,Adopté,Avant l'article 14,Première délibération,Roseren Xavier rapporteur pour avis au nom de la commission du développement durable et de l'aménagement du territoire,"  Mme Voynet, Mme Pochon, Mme Belluco, M. Nicolas Bonnet, M. Thierry, Mme Ozenne, M. Biteau, M. Raux, M. Amirshahi, Mme Arrighi, Mme Autain, Mme Balage El Mariky, M. Ben Cheikh, M. Arnaud Bonnet, Mme Chatelain, M. Corbière, M. Davi, M. Duplessy, M. Fournier, Mme Garin, M. Damien Girard, M. Gustave, Mme Catherine Hervieu, M. Iordanoff, Mme Laernoes, M. Lahais, M. Lucas-Lundy, M. Peytavie, Mme Regol, M. Roumégas, Mme Sandrine Rousseau, M. Ruffin, Mme Sas, Mme Sebaihi, Mme Simonnet, Mme Taillé-Polian et M. Tavernier",Affaires économiques,1ère lecture (1ère assemblée saisie),https://www.assemblee-nationale.fr/dyn/17/amendements/2632/CION-ECO/CE1034,https://www.assemblee-nationale.fr/dyn/opendata/AMANR5L17PO419610B2632P0D1N001034.xml,Adopté,Compléter l’intitulé du chapitre IV par les mots :« par le loup ».,"Des craintes sont soulevées par de nombreuses associations engagées dans la protection de l’environnement et de la biodiversité quant au risque que les dispositions prévues à cet article débordent sur d’autres espèces telles que l’ours, le lynx voire le vautour qui n’est pourtant pas un prédateur. Le présent amendement vise alors à adapter l’intitulé du chapitre IV du présent projet de loi de loi afin qu’il reflète plus fidèlement son contenu et sa portée ici axés sur le loup uniquement."
CD358,,Adopté,Avant l'article 14,Première délibération,Voynet Dominique,"  Mme Pochon, Mme Belluco, M. Nicolas Bonnet, M. Thierry, Mme Ozenne, M. Biteau, M. Raux, M. Amirshahi, Mme Arrighi, Mme Autain, Mme Balage El Mariky, M. Ben Cheikh, M. Arnaud Bonnet, Mme Chatelain, M. Corbière, M. Davi, M. Duplessy, M. Fournier, Mme Garin, M. Damien Girard, M. Gustave, Mme Catherine Hervieu, M. Iordanoff, Mme Laernoes, M. Lahais, M. Lucas-Lundy, M. Peytavie, Mme Regol, M. Roumégas, Mme Sandrine Rousseau, M. Ruffin, Mme Sas, Mme Sebaihi, Mme Simonnet, Mme Taillé-Polian et M. Tavernier",Développement durable,1ère lecture (1ère assemblée saisie),https://www.assemblee-nationale.fr/dyn/17/amendements/2632/CION-DVP/CD358,https://www.assemblee-nationale.fr/dyn/opendata/AMANR5L17PO419865B2632P0D1N000358.xml,Adopté,Compléter l’intitulé du chapitre IV par les mots :« par le loup ».,"Des craintes sont soulevées par de nombreuses associations engagées dans la protection de l'environnement et de la biodiversité quant au risque que les dispositions prévues à cet article débordent sur d'autres espèces telles que l'ours, le lynx voire le vautour qui n'est pourtant pas un prédateur. Le présent amendement vise alors à adapter l’intitulé du chapitre IV du présent projet de loi de loi afin qu’il reflète plus fidèlement son contenu et sa portée ici axés sur le loup uniquement. "
CD259,,Rejeté,Après l'article 14,Première délibération,Blairy Emmanuel,"  Mme Bouquin, M. Dutremble, M. Evrard, M. Houssin, M. Humbert, Mme Lechanteux, M. David Magnier, M. Marchio, M. Markowsky, M. Meurin, Mme Roullaud, Mme Sabatini et M. Schreck",Développement durable,1ère lecture (1ère assemblée saisie),https://www.assemblee-nationale.fr/dyn/17/amendements/2632/CION-DVP/CD259,https://www.assemblee-nationale.fr/dyn/opendata/AMANR5L17PO419865B2632P0D1N000259.xml,Rejeté,"Dans un délai de douze mois à compter de la promulgation de la présente loi, le Gouvernement remet au Parlement un rapport sur la nécessité et les modalités de priorisation des missions des agents de l’Office français de la biodiversité.","L’Office français de la biodiversité remplit une large palette de missions, allant de la protection de la biodiversité à la police de l’environnement, en passant par le suivi de la faune sauvage. Or, en raison de contraintes budgétaires et de ressources humaines limitées, l’établissement est confronté à une nécessaire hiérarchisation de ses priorités. Cet amendement vise à obtenir du Gouvernement un rapport dans un délai de douze mois, afin d’évaluer la nécessité et les modalités de prioriser les missions de l’OFB et d’éclairer le Parlement sur les choix opérés. Il s’agit de garantir une action publique cohérente, lisible, et adaptée aux réalités de terrain, notamment en matière de chasse, de pêche ou de préservation des milieux. Le présent amendement s’inscrit dans le prolongement des travaux de la mission parlementaire de la commission du développement durable et de l’aménagement du territoire sur la conciliation des usages de la nature et de la protection de la biodiversité, remise à ladite commission en mars 2025. Il en reprend directement la proposition n° 8, qui recommande de déployer davantage le travail de l’Office français de la biodiversité vers des missions de police de la chasse."
CD357,,Rejeté,Article 14,Première délibération,Voynet Dominique,"  Mme Pochon, Mme Belluco, M. Nicolas Bonnet, M. Thierry, Mme Ozenne, M. Biteau, M. Raux, M. Amirshahi, Mme Arrighi, Mme Autain, Mme Balage El Mariky, M. Ben Cheikh, M. Arnaud Bonnet, Mme Chatelain, M. Corbière, M. Davi, M. Duplessy, M. Fournier, Mme Garin, M. Damien Girard, M. Gustave, Mme Catherine Hervieu, M. Iordanoff, Mme Laernoes, M. Lahais, M. Lucas-Lundy, M. Peytavie, Mme Regol, M. Roumégas, Mme Sandrine Rousseau, M. Ruffin, Mme Sas, Mme Sebaihi, Mme Simonnet, Mme Taillé-Polian et M. Tavernier",Développement durable,1ère lecture (1ère assemblée saisie),https://www.assemblee-nationale.fr/dyn/17/amendements/2632/CION-DVP/CD357,https://www.assemblee-nationale.fr/dyn/opendata/AMANR5L17PO419865B2632P0D1N000357.xml,Rejeté,"I. – À la dernière phrase de l’alinéa 4, supprimer les mots : « , compte tenu de l’absence de moyens de prévention efficaces disponibles, ». II. – À la fin de la même phrase, substituer aux mots : « peuvent être » le mot : « sont ».",Les données scientifiques des territoires historiquement les plus concernés par la prédation du loup démontrent que les mesures de protection non-létales sont les plus efficaces pour protéger les troupeaux.Cet amendement vise alors à ce que des démarches de protection non-létales visant à réduire la vulnérabilité des troupeaux équins et bovins soient systématiquement demandées aux éleveurs.
265,,Non renseigné,Article 14,Première délibération,Voynet Dominique,"  Mme Pochon, Mme Belluco, M. Nicolas Bonnet, M. Thierry, Mme Ozenne, M. Biteau, M. Raux, M. Amirshahi, Mme Arrighi, Mme Autain, Mme Balage El Mariky, M. Ben Cheikh, M. Arnaud Bonnet, Mme Chatelain, M. Corbière, M. Davi, M. Duplessy, M. Fournier, Mme Garin, M. Damien Girard, M. Gustave, Mme Catherine Hervieu, M. Iordanoff, Mme Laernoes, M. Lahais, M. Lucas-Lundy, M. Peytavie, Mme Regol, M. Roumégas, Mme Sandrine Rousseau, M. Ruffin, Mme Sas, Mme Sebaihi, Mme Simonnet, Mme Taillé-Polian et M. Tavernier",Séance publique,1ère lecture (1ère assemblée saisie),https://www.assemblee-nationale.fr/dyn/17/amendements/2765/AN/265,https://www.assemblee-nationale.fr/dyn/opendata/AMANR5L17PO838901BTC2765P0D1N000265.xml,Non renseigné,"I. – À la dernière phrase de l’alinéa 5, supprimer les mots :« , compte tenu de l’absence de moyens de prévention efficaces disponibles, ».II. – À la fin de la même dernière phrase du même alinéa 5, substituer aux mots :« peuvent être »le mot : « sont ».",Les données scientifiques des territoires historiquement les plus concernés par la prédation du loup démontrent que les mesures de protection non-létales sont les plus efficaces pour protéger les troupeaux.Cet amendement vise alors à ce que des démarches de protection non-létales visant à réduire la vulnérabilité des troupeaux équins et bovins soient systématiquement demandées aux éleveurs.
1667,,Non renseigné,Article 14,Première délibération,Pochon Marie,"  Mme Voynet, M. Biteau, Mme Belluco, M. Nicolas Bonnet, Mme Ozenne, M. Peytavie, M. Raux, M. Tavernier, M. Thierry, M. Amirshahi, Mme Arrighi, Mme Autain, Mme Balage El Mariky, M. Ben Cheikh, M. Arnaud Bonnet, Mme Chatelain, M. Corbière, M. Davi, M. Duplessy, M. Fournier, Mme Garin, M. Damien Girard, M. Gustave, Mme Catherine Hervieu, M. Iordanoff, Mme Laernoes, M. Lahais, M. Lucas-Lundy, Mme Regol, M. Roumégas, Mme Sandrine Rousseau, M. Ruffin, Mme Sas, Mme Sebaihi, Mme Simonnet et Mme Taillé-Polian",Séance publique,1ère lecture (1ère assemblée saisie),https://www.assemblee-nationale.fr/dyn/17/amendements/2765/AN/1667,https://www.assemblee-nationale.fr/dyn/opendata/AMANR5L17PO838901BTC2765P0D1N001667.xml,Non renseigné,"I. – À la fin de la deuxième phrase de l’alinéa 9, substituer aux mots : « peut être fixé en tenant compte du nombre minimal de spécimens compatible avec un état favorable de conservation. »les mots : « est fixé de manière à ne pas nuire à l’état de conservation favorable du loup. »II. – En conséquence, supprimer la dernière phrase du même alinéa 9.","Cet amendement vise à apporter de la cohérence au texte en supprimant l’alinéa 9 qui entre en contradiction avec l’alinéa 10. En effet, si le nombre maximal de loups pouvant être détruits correspond à la différence entre la population lupine estimée et le nombre minimal de spécimens compatible avec un état de conservation favorable, il ne sera plus possible une fois le plafond atteint d’autoriser l’abattage d’autres spécimens sans compromettre cet état de conservation favorable. "
1673,,Non renseigné,Article 14,Première délibération,Pochon Marie,,Séance publique,1ère lecture (1ère assemblée saisie),https://www.assemblee-nationale.fr/dyn/17/amendements/2765/AN/1673,https://www.assemblee-nationale.fr/dyn/opendata/AMANR5L17PO838901BTC2765P0D1N001673.xml,Non renseigné,"I. – À la fin de la première phrase de l’alinéa 11, substituer aux mots : « en principe au niveau national » les mots : « à l’échelle des régions biogéographiques, en accord avec la directive « Habitats, Faune, Flore » de l’Union européenne 92/43/CEE du 21 mai 1992. »II. – En conséquence, supprimer la seconde phrase du même alinéa 11.","L’affirmation que l'évaluation de l'incidence des mesures de gestion sur l'état de conservation du loup s'apprécie en principe au niveau national est contraire à la directive “Habitats, Faune, Flore” et aux jurisprudences européennes. L’évaluation de l'état de conservation doit se faire dans le cadre de l’aire de répartition, y compris locale, de l’espèce. Ainsi, il faut différencier les différentes zones biogéographiques utilisées par l’espèce (Alpes, Massif central, etc.) et distinguer l’état de conservation dans chacun de ces territoires. "
84,,Non renseigné,Article 14,Première délibération,Pochon Marie,"  Mme Voynet, M. Biteau, Mme Belluco, M. Nicolas Bonnet, Mme Ozenne, M. Raux, M. Thierry, M. Amirshahi, Mme Arrighi, Mme Autain, Mme Balage El Mariky, M. Ben Cheikh, M. Arnaud Bonnet, Mme Chatelain, M. Corbière, M. Davi, M. Duplessy, M. Fournier, Mme Garin, M. Damien Girard, M. Gustave, Mme Catherine Hervieu, M. Iordanoff, Mme Laernoes, M. Lahais, M. Lucas-Lundy, M. Peytavie, Mme Regol, M. Roumégas, Mme Sandrine Rousseau, M. Ruffin, Mme Sas, Mme Sebaihi, Mme Simonnet, Mme Taillé-Polian et M. Tavernier",Séance publique,1ère lecture (1ère assemblée saisie),https://www.assemblee-nationale.fr/dyn/17/amendements/2765/AN/84,https://www.assemblee-nationale.fr/dyn/opendata/AMANR5L17PO838901BTC2765P0D1N000084.xml,Non renseigné,"I. – À la fin de la première phrase de l’alinéa 11, substituer aux mots :« en principe au niveau national »les mots :« au niveau local ».II. – En conséquence, supprimer la seconde phrase du même alinéa 11.","La gestion de la population lupine ne peut se faire au niveau national car ce niveau ne prend pas en compte les disparités des territoires.La prédation du loup est totalement différente d’un territoire à un autre. Dans les massifs alpins et provençaux, où le loup est historiquement implanté et où les éleveurs et bergers sont habitués à sa présence, des mesures de protection (chiens de protection, clôture, gardiennage etc.) ont été mises en place, elles ont prouvé leur efficacité et les résultats sont là : la prédation baisse. Contrairement aux territoires sur le front de colonisation comme la Loire, où le loup arrive dans des élevages non protégés et où les dégâts sont nombreux. De ce fait, il est incohérent qu’une politique nationale façonne la gestion de la prédation du loup.Des démarches régionalisées permettraient de redonner une marge de manœuvre aux territoires pour trouver les solutions les plus adaptées. "
CD199,,Retiré,Article 14,Première délibération,Rossi Valérie,"  Mme Allemand, Mme Pantel, Mme Thomin, M. Potier, M. Delautrette, M. Dufau, M. Eskenazi, M. Fégné, Mme Jourdan, M. Leseul, M. Barusseau et M. Roussel",Développement durable,1ère lecture (1ère assemblée saisie),https://www.assemblee-nationale.fr/dyn/17/amendements/2632/CION-DVP/CD199,https://www.assemblee-nationale.fr/dyn/opendata/AMANR5L17PO419865B2632P0D1N000199.xml,Retiré,"I. – À la fin de la première phrase de l’alinéa 3, substituer aux mots :  « notamment en termes », les mots : « comprenant des mesures » ; II. – Compléter cette même phrase par les mots : « lorsque des dommages sont constatés pour les activités d’élevage ».","Cet amendement du groupe Socialistes et apparentés vise à clarifier et renforcer les conditions de mise en œuvre des mesures de gestion du loup afin de mieux concilier la protection de l’espèce et la prévention des dommages causés à l’élevage.Le dispositif proposé encadre les conditions dans lesquelles le loup (Canis lupus) peut faire l’objet de mesures de gestion, notamment de prélèvement, afin d’assurer une conciliation effective entre le maintien de l’espèce dans un état de conservation favorable et la protection des activités d’élevage.Il est proposé de préciser que ces mesures de gestion peuvent inclure des opérations de prélèvement lorsque des dommages significatifs sont constatés pour les activités d’élevage. Cette rédaction vise à sécuriser juridiquement l’intervention des autorités administratives en rendant plus objectivable le recours à ces mesures, sur la base de constats établis."
CD280,,Rejeté,Article 14,Première délibération,Pochon Marie,"  Mme Voynet, M. Biteau, Mme Belluco, M. Nicolas Bonnet, Mme Ozenne, M. Raux, M. Thierry, M. Amirshahi, Mme Arrighi, Mme Autain, Mme Balage El Mariky, M. Ben Cheikh, M. Arnaud Bonnet, Mme Chatelain, M. Corbière, M. Davi, M. Duplessy, M. Fournier, Mme Garin, M. Damien Girard, M. Gustave, Mme Catherine Hervieu, M. Iordanoff, Mme Laernoes, M. Lahais, M. Lucas-Lundy, M. Peytavie, Mme Regol, M. Roumégas, Mme Sandrine Rousseau, M. Ruffin, Mme Sas, Mme Sebaihi, Mme Simonnet, Mme Taillé-Polian et M. Tavernier",Développement durable,1ère lecture (1ère assemblée saisie),https://www.assemblee-nationale.fr/dyn/17/amendements/2632/CION-DVP/CD280,https://www.assemblee-nationale.fr/dyn/opendata/AMANR5L17PO419865B2632P0D1N000280.xml,Rejeté,"I. – À la fin de la première phrase de l’alinéa 6, substituer aux mots :« en principe au niveau national »les mots :« au niveau local ».II. – Supprimer la seconde phrase du même alinéa.","La gestion de la population lupine ne peut se faire au niveau national car ce niveau ne prend pas en compte les disparités des territoires.La prédation du loup est totalement différente d’un territoire à un autre. Dans les massifs alpins et provençaux, où le loup est historiquement implanté et où les éleveurs et bergers sont habitués à sa présence, des mesures de protection (chiens de protection, clôture, gardiennage etc.) ont été mises en place, elles ont prouvé leur efficacité et les résultats sont là : la prédation baisse. Contrairement aux territoires sur le front de colonisation comme la Loire, où le loup arrive dans des élevages non protégés et où les dégâts sont nombreux. De ce fait, il est incohérent qu’une politique nationale façonne la gestion de la prédation du loup.Des démarches régionalisées permettraient de redonner une marge de manœuvre aux territoires pour trouver les solutions les plus adaptées. "
1321,,Non renseigné,Article 14,Première délibération,Corneloup Josiane,"  M. Tryzna, M. Hetzel et M. Duparay",Séance publique,1ère lecture (1ère assemblée saisie),https://www.assemblee-nationale.fr/dyn/17/amendements/2765/AN/1321,https://www.assemblee-nationale.fr/dyn/opendata/AMANR5L17PO838901BTC2765P0D1N001321.xml,Non renseigné,"I. – À la première phrase de l’alinéa 11, supprimer les mots :« en principe ».II. – En conséquence, supprimer la seconde phrase du même alinéa 11.","Afin de garantir l’égalité de traitement entre les éleveurs, la loi doit permettre le recours aux tirs sans discrimination géographique. À cette fin, l’évaluation de l’état de conservation de l’espèce est réalisée à l’échelle nationale."
135,,Non renseigné,Article 14,Première délibération,Descoeur Vincent,"  Mme Sylvie Bonnet, M. Bony, Mme Bonnivard, M. Boucard, M. Brigand, M. Fabrice Brun, M. Cordier, M. Liger, M. Liégeon, Mme Minard, M. Ray et M. Taite",Séance publique,1ère lecture (1ère assemblée saisie),https://www.assemblee-nationale.fr/dyn/17/amendements/2765/AN/135,https://www.assemblee-nationale.fr/dyn/opendata/AMANR5L17PO838901BTC2765P0D1N000135.xml,Non renseigné,"I. – À la première phrase de l’alinéa 11, supprimer les mots :« en principe ».II. – En conséquence, supprimer la seconde phrase du même alinéa 11.","Afin de garantir l’égalité de traitement entre les éleveurs, la loi doit permettre le recours aux tirs sans discrimination géographique. À cette fin, l’évaluation de l’état de conservation de l’espèce est réalisée à l’échelle nationale. "
393,,Non renseigné,Article 14,Première délibération,Goulet Florence,"  M. Allisio, M. Amblard, Mme Auzanot, M. Ballard, Mme Bamana, M. Baubry, M. Beaurain, M. Bentz, M. Bernhardt, M. Bigot, M. Bilde, M. Blairy, Mme Blanc, M. Boccaletti, M. Boulogne, Mme Bouquin, M. Bovet, M. Buisson, M. Casterman, M. Chaumeil, M. Chenu, M. Chudeau, M. Clavet, Mme Colombier, Mme Da Conceicao Carvalho, M. de Fleurian, M. de Lépinau, Mme Dellong Meng, M. Dessigny, Mme Diaz, Mme Dogor-Such, M. Dragon, M. Dufosset, M. Dussausaye, M. Dutremble, M. Evrard, M. Falcon, M. Florquin, M. Fouquart, M. Frappé, M. Gabarron, Mme Galzy, M. Gery, M. Giletti, M. Gillet, M. Christian Girard, M. Golliot, M. Gonzalez, Mme Grangier, Mme Griseti, M. Guibert, M. Guiniot, M. Guitton, Mme Hamelet, M. Houssin, M. Humbert, M. Jacobelli, M. Jenft, M. Jolly, Mme Joncour, M. Jordan, Mme Josserand, Mme Joubert, Mme Laporte, Mme Lavalette, M. Le Bourgeois, Mme Le Pen, Mme Lechanteux, Mme Lechon, Mme Lelouis, Mme Levavasseur, M. Limongi, M. Lioret, Mme Loir, Mme Lorho, M. Lottiaux, M. Loubet, M. David Magnier, Mme Marais-Beuil, M. Marchio, M. Markowsky, M. Patrice Martin, Mme Martinez, M. Mauvieux, M. Meizonnet, Mme Mélin, Mme Ménaché, M. Ménagé, M. Meurin, M. Monnier, M. Muller, M. Odoul, Mme Parmentier, M. Perez, M. Pfeffer, Mme Pollet, M. Rambaud, Mme Ranc, M. Rancoule, M. Renault, Mme Rimbert, M. Rivière, Mme Robert-Dehault, Mme Roullaud, Mme Roy, Mme Sabatini, M. Sabatou, M. Salmon, M. Schreck, Mme Sicard, M. Emmanuel Taché, M. Jean-Philippe Tanguy, M. Taverne, M. Tesson, M. Tivoli, M. Tomatis, M. Tonussi, M. Tribuiani, M. Villedieu, M. Vos et M. Weber",Séance publique,1ère lecture (1ère assemblée saisie),https://www.assemblee-nationale.fr/dyn/17/amendements/2765/AN/393,https://www.assemblee-nationale.fr/dyn/opendata/AMANR5L17PO838901BTC2765P0D1N000393.xml,Non renseigné,"I. – À la première phrase de l’alinéa 11, supprimer les mots :« en principe ».II. – En conséquence, supprimer la seconde phrase du même alinéa 11.","Afin de garantir l’égalité de traitement entre les éleveurs, la loi doit permettre le recours aux tirs sans discrimination géographique. À cette fin, l’évaluation de l’état de conservation de l’espèce est réalisée à l’échelle nationale.Cet amendement a été travaillé avec la Fédération Nationale des Syndicats d’Exploitants Agricoles."
1290,,Non renseigné,Article 14,Première délibération,Labaronne Daniel,"  M. Blanchet, Mme Brulebois et M. Fait",Séance publique,1ère lecture (1ère assemblée saisie),https://www.assemblee-nationale.fr/dyn/17/amendements/2765/AN/1290,https://www.assemblee-nationale.fr/dyn/opendata/AMANR5L17PO838901BTC2765P0D1N001290.xml,Non renseigné,"I. – À la première phrase de l’alinéa 19, après le mot :« nommés »,insérer les mots :« sur proposition du président de la fédération départementale des chasseurs ».II. – En conséquence, à la deuxième phrase du même alinéa 19, après la seconde occurrence du mot :« sont »,insérer les mots :« , de fait, ».III. – En conséquence, à la dernière phrase dudit alinéa 19, après le mot :« consultés »,insérer les mots :« , en tant que de besoin et dans la limite de leurs compétences en matière de régulation, ».IV. – En conséquence, à la même dernière phrase du même alinéa 19, supprimer les mots :« , en tant que de besoin, ». ","L’activité des lieutenants de louveterie s’inscrit historiquement et fonctionnellement dans le prolongement direct du monde cynégétique. Elle requiert des compétences techniques spécifiques, notamment en matière de connaissance de la faune sauvage, de pratiques de chasse et de maniement des armes, ainsi qu’une expérience de terrain approfondie.En pratique, les lieutenants de louveterie sont très majoritairement issus du monde de la chasse. Ils exercent fréquemment des responsabilités au sein des structures cynégétiques, en particulier au sein des fédérations départementales des chasseurs, dont ils peuvent être administrateurs, voire présidents dans certains départements. Cette réalité témoigne de la forte imbrication entre les missions de louveterie et l’organisation territoriale de la chasse.La jurisprudence récente a d’ailleurs reconnu cette proximité. Par une décision du 27 mars 2023, le Conseil d’État a validé la décision prise par le préfet de Région de choisir l’association des lieutenants de louveterie de France pour désigner un représentant au sein du collège cynégétique au sein du « groupe national loup ».Dans un contexte marqué par des difficultés de recrutement, il apparaît nécessaire de s’appuyer sur ce vivier naturel que constitue le réseau des le monde fédéral de la chasse. Celles-ci disposent d’une connaissance fine des acteurs locaux et des compétences requises pour l’exercice des missions de louveterie.Le présent amendement vise ainsi à formaliser ce lien fonctionnel en prévoyant que les lieutenants de louveterie soient nommés par l’autorité administrative sur proposition du président de la fédération départementale des chasseurs. Il rappelle également que les lieutenants de louveterie, agissant sous le contrôle de l’autorité administrative, participent aux opérations de destruction et de régulation des espèces mentionnées aux articles L. 427-6 et L. 427-8 du code de l’environnement. Assermentés au titre de la police de la chasse, ils concourent à une mission de service public de police administrative. Enfin, il précise qu’ils peuvent être utilement consultés par l’autorité compétente, dans la limite de leurs attributions, sur les questions relatives à la gestion de la faune sauvage."
CD275,,Rejeté,Article 14,Première délibération,Pochon Marie,"  Mme Voynet, M. Biteau, Mme Belluco, M. Nicolas Bonnet, Mme Ozenne, M. Raux, M. Thierry, M. Amirshahi, Mme Arrighi, Mme Autain, Mme Balage El Mariky, M. Ben Cheikh, M. Arnaud Bonnet, Mme Chatelain, M. Corbière, M. Davi, M. Duplessy, M. Fournier, Mme Garin, M. Damien Girard, M. Gustave, Mme Catherine Hervieu, M. Iordanoff, Mme Laernoes, M. Lahais, M. Lucas-Lundy, M. Peytavie, Mme Regol, M. Roumégas, Mme Sandrine Rousseau, M. Ruffin, Mme Sas, Mme Sebaihi, Mme Simonnet, Mme Taillé-Polian et M. Tavernier",Développement durable,1ère lecture (1ère assemblée saisie),https://www.assemblee-nationale.fr/dyn/17/amendements/2632/CION-DVP/CD275,https://www.assemblee-nationale.fr/dyn/opendata/AMANR5L17PO419865B2632P0D1N000275.xml,Rejeté,"I. – À la première phrase de l’alinéa 4, après le mot : « matière »,insérer les mots : « de moyens de protection des troupeaux, »II. – À la même phrase, après le mot : « et », insérer les mots : « , si ces mesures ne suffisent pas, ».","Les mesures de protection non létales (clôtures, chiens de protection, etc.) sont les mesures les plus efficaces pour lutter contre la prédation, ce que l’on peut constater dans les territoires où le loup est historiquement présent et où la baisse de la prédation est corrélée à la mise en place de mesures de protection. Ces méthodes de lutte contre la prédation doivent être privilégiées pour obtenir des résultats satisfaisants.Les tirs de défense, sans mise en place de mesures de protection non létales au préalable, ne sont pas efficaces et doivent intervenir uniquement en complément des mesures de protection pour témoigner d’une efficacité. "
893,,Non renseigné,Article 14,Première délibération,Rossi Valérie,"  Mme Pantel, Mme Allemand, Mme Thomin, Mme Battistel, M. Potier, M. Delautrette, M. Dufau, M. Echaniz, M. Benbrahim, M. Eskenazi, M. Fégné, Mme Jourdan, M. Leseul, M. Barusseau, M. Lhardit, M. Naillet, M. Delaporte, M. Garot, Mme Got, M. Roussel, M. Aviragnet, M. Baptiste, M. Baumel, M. Belhaddad, Mme Bellay, M. Bouloux, Mme Bregman, M. Philippe Brun, M. Califer, Mme Capdevielle, M. Christophle, M. Courbon, M. David, Mme Diop, Mme Dombre Coste, M. Faure, Mme Froger, Mme Godard, M. Guedj, M. Hablot, Mme Hadizadeh, Mme Herouin-Léautey, Mme Céline Hervieu, M. Hollande, M. Houlié, Mme Karamanli, Mme Keloua Hachi, Mme Mercier, M. Oberti, M. Pena, Mme Pic, Mme Pirès Beaune, M. Pribetich, M. Proença, Mme Récalde, Mme Rouaux, M. Aurélien Rousseau, Mme Runel, M. Saint-Pasteur, Mme Santiago, M. Saulignac, M. Simion, M. Sother, Mme Thiébault-Martinez, M. Vallaud, M. Vicot, M. William et les membres du groupe Socialistes et apparentés",Séance publique,1ère lecture (1ère assemblée saisie),https://www.assemblee-nationale.fr/dyn/17/amendements/2765/AN/893,https://www.assemblee-nationale.fr/dyn/opendata/AMANR5L17PO838901BTC2765P0D1N000893.xml,Non renseigné,"I. – À la première phrase de l’alinéa 4, substituer aux mots :  « notamment en termes », les mots : « comprenant des mesures ».II. – En conséquence, compléter la même première phrase du même alinéa 4 par les mots : « lorsque des dommages sont constatés pour les activités d’élevage ».","Cet amendement du groupe Socialistes et apparentés vise à clarifier et renforcer les conditions de mise en œuvre des mesures de gestion du loup afin de mieux concilier la protection de l’espèce et la prévention des dommages causés à l’élevage.Le dispositif proposé encadre les conditions dans lesquelles le loup (Canis lupus) peut faire l’objet de mesures de gestion, notamment de prélèvement, afin d’assurer une conciliation effective entre le maintien de l’espèce dans un état de conservation favorable et la protection des activités d’élevage.Il est proposé de préciser que ces mesures de gestion peuvent inclure des opérations de prélèvement lorsque des dommages significatifs sont constatés pour les activités d’élevage. Cette rédaction vise à sécuriser juridiquement l’intervention des autorités administratives en rendant plus objectivable le recours à ces mesures, sur la base de constats établis."
81,,Non renseigné,Article 14,Première délibération,Pochon Marie,"  Mme Voynet, M. Biteau, Mme Belluco, M. Nicolas Bonnet, Mme Ozenne, M. Raux, M. Thierry, M. Amirshahi, Mme Arrighi, Mme Autain, Mme Balage El Mariky, M. Ben Cheikh, M. Arnaud Bonnet, Mme Chatelain, M. Corbière, M. Davi, M. Duplessy, M. Fournier, Mme Garin, M. Damien Girard, M. Gustave, Mme Catherine Hervieu, M. Iordanoff, Mme Laernoes, M. Lahais, M. Lucas-Lundy, M. Peytavie, Mme Regol, M. Roumégas, Mme Sandrine Rousseau, M. Ruffin, Mme Sas, Mme Sebaihi, Mme Simonnet, Mme Taillé-Polian et M. Tavernier",Séance publique,1ère lecture (1ère assemblée saisie),https://www.assemblee-nationale.fr/dyn/17/amendements/2765/AN/81,https://www.assemblee-nationale.fr/dyn/opendata/AMANR5L17PO838901BTC2765P0D1N000081.xml,Non renseigné,"I. – À la première phrase de l’alinéa 5, après le mot : « matière »,insérer les mots : « de moyens de protection des troupeaux, »II. – En conséquence, à la même première phrase du même alinéa 5, après le mot : « et », insérer les mots : « , si ces mesures ne suffisent pas, ».","Les mesures de protection non létales (clôtures, chiens de protection, etc.) sont les mesures les plus efficaces pour lutter contre la prédation, ce que l’on peut constater dans les territoires où le loup est historiquement présent et où la baisse de la prédation est corrélée à la mise en place de mesures de protection. Ces méthodes de lutte contre la prédation doivent être privilégiées pour obtenir des résultats satisfaisants.Les tirs de défense, sans mise en place de mesures de protection non létales au préalable, ne sont pas efficaces et doivent intervenir uniquement en complément des mesures de protection pour témoigner d’une efficacité. "
CD560,,Rejeté,Article 14,Première délibération,Roseren Xavier rapporteur,,Développement durable,1ère lecture (1ère assemblée saisie),https://www.assemblee-nationale.fr/dyn/17/amendements/2632/CION-DVP/CD560,https://www.assemblee-nationale.fr/dyn/opendata/AMANR5L17PO419865B2632P0D1N000560.xml,Rejeté,"I. – À la première phrase de l’alinéa 6, substituer aux mots : « du loup » les mots :« de l’espèce ».II. – À la même phrase du même alinéa, supprimer les mots :« en principe ». ",Amendement rédactionnel.
CD220,,Non soutenu,Article 14,Première délibération,Brulebois Danielle,,Développement durable,1ère lecture (1ère assemblée saisie),https://www.assemblee-nationale.fr/dyn/17/amendements/2632/CION-DVP/CD220,https://www.assemblee-nationale.fr/dyn/opendata/AMANR5L17PO419865B2632P0D1N000220.xml,Non soutenu,"I. – À la première phrase de l’alinéa 6, supprimer les mots :« en principe ».II. – En conséquence, supprimer la seconde phrase du même alinéa.","Pour assurer une égalité de traitement entre tous les éleveurs, la loi doit autoriser le recours aux tirs de défense sans distinction géographique. À cette fin, l’évaluation de l’état de conservation du loup est menée à l’échelle nationale, garantissant ainsi une approche uniforme et équitable sur l’ensemble du territoire.Cet amendement a été travaillé avec la FNSEA. "
CD226,,Rejeté,Article 14,Première délibération,Descoeur Vincent,"  M. Bony, M. Ray, Mme Sylvie Bonnet, M. Cordier, M. Boucard, Mme Corneloup et M. Portier",Développement durable,1ère lecture (1ère assemblée saisie),https://www.assemblee-nationale.fr/dyn/17/amendements/2632/CION-DVP/CD226,https://www.assemblee-nationale.fr/dyn/opendata/AMANR5L17PO419865B2632P0D1N000226.xml,Rejeté,"I. – À la première phrase de l’alinéa 6, supprimer les mots :« en principe ».II. – En conséquence, supprimer la seconde phrase du même alinéa.","Afin de garantir l’égalité de traitement entre les éleveurs, la loi doit permettre le recours aux tirs sans discrimination géographique. À cette fin, l’évaluation de l’état de conservation de l’espèce est réalisée à l’échelle nationale."
2413,,Non renseigné,Article 14,Première délibération,Roseren Xavier,,Séance publique,1ère lecture (1ère assemblée saisie),https://www.assemblee-nationale.fr/dyn/17/amendements/2765/AN/2413,https://www.assemblee-nationale.fr/dyn/opendata/AMANR5L17PO838901BTC2765P0D1N002413.xml,Non renseigné,"I. – À la première phrase de l’alinéa 9, après le mot : « arrêté », insérer le mot :« conjoint ».II. – En conséquence, à la même première phrase du même alinéa 9, substituer aux mots : « du ministre chargé »les mots : « des ministres chargés de la protection de la nature et ».","Aux termes des débats en commission, l’article 14 prévoit que l’arrêté définissant le plafond de loups pouvant être abattus est défini uniquement par le ministre de l’agriculture. Ce plafond doit être décidé conjointement par les ministres chargés de la transition écologique et de la protection de la nature, étant donné que la gestion des espèces protégées est une compétence du ministère de la transition écologique. Cet amendement vise donc à renvoyer à un arrêté conjoint des ministres chargés de la protection de la nature et de l’agriculture la définition du nombre maximal de loups pouvant être tués annuellement. "
754,,Non renseigné,Article 14,Première délibération,Roseren Xavier,,Séance publique,1ère lecture (1ère assemblée saisie),https://www.assemblee-nationale.fr/dyn/17/amendements/2765/AN/754,https://www.assemblee-nationale.fr/dyn/opendata/AMANR5L17PO838901BTC2765P0D1N000754.xml,Non renseigné,"I. – À la première phrase de l’alinéa 9, substituer au mot : « spécimens »,le mot : « loups ».II. – En conséquence, à la deuxième phrase du même alinéa 9, substituer au mot : « spécimens »,le mot : « loups ».III. – En conséquence, à la dernière phrase dudit alinéa 9, substituer au mot : « spécimens »,le mot : « loups ».IV. – En conséquence, à l’alinéa 10, substituer au mot : « spécimens »,le mot : « loups ».",Amendement rédactionnel.
92,,Non renseigné,Article 14,Première délibération,Tivoli Lionel,,Séance publique,1ère lecture (1ère assemblée saisie),https://www.assemblee-nationale.fr/dyn/17/amendements/2765/AN/92,https://www.assemblee-nationale.fr/dyn/opendata/AMANR5L17PO838901BTC2765P0D1N000092.xml,Non renseigné,"I. – A l’alinéa 10, substituer à l’avant-dernière occurrence du mot :« le »les mots : « ce dernier peut se substituer au ».II. – En conséquence, au même alinéa 10, substituer au mot :« peut »le mot :« et ».","Dans le département des Alpes-Maritimes, les quotas nationaux ne suffisent pas pour endiguer la pression et les dommages irréparables du loup. Pour de nombreux éleveurs, une fois les quotas de prélèvement atteint, il est impossible de se défendre de façon efficace pour protéger ses troupeaux. Dès lors, dans les départements ou la présence du loup est historique, le représentant de l'Etat peut se substituer au préfet coordonnateur du plan national d’actions sur le loup afin d'autoriser l’abattage de spécimens à titre dérogatoire, à l’échelle du département, dans lequel ont été constatés des dommages et dans la limite d’un seuil assurant le maintien de l’espèce dans un état de conservation favorable."
1573,,Non renseigné,Article 14,Première délibération,Roseren Xavier,,Séance publique,1ère lecture (1ère assemblée saisie),https://www.assemblee-nationale.fr/dyn/17/amendements/2765/AN/1573,https://www.assemblee-nationale.fr/dyn/opendata/AMANR5L17PO838901BTC2765P0D1N001573.xml,Non renseigné,"I. – À l’alinéa 33, supprimer le mot : « ne ». II. – En conséquence, au même alinéa 33, substituer au mot : « interdits », les mots : « autorisés pour prévenir des dommages importants à l’élevage ». III. – En conséquence, à la fin dudit alinéa 33, substituer aux mots :« , à l’exception des cœurs de parcs nationaux définis à l’article L. 331‑2 du même code. », les mots : « , dont l’acte de création autorise la chasse. ».","Cet amendement vise à autoriser les tirs d’effarouchement et de défense dans les sites, les réserves naturelles et les parcs nationaux dont la réglementation autorise la chasse.Les réserves naturelles et les cœurs des parcs nationaux ont pour vocation première de protéger la biodiversité. Dans ces espaces, l’interdiction de tirs létaux de loups ne peut se faire qu’en s’assurant que les éleveurs de ces zones ne sont pas pénalisés. A ce jour, les données montrent que ces espaces ne subissent pas une prédation plus élevée qu’ailleurs. Les éleveurs y bénéficient en plus d’un taux majoré d’aides publiques pour le gardiennage, à hauteur de 100 % contre 80 % sur le reste du territoire.Cette modification rédactionnelle permet aussi d’autoriser les tirs en respectant les instances de gouvernance de ces espaces protégés qui seront consultées sur les dispositions relatives aux tirs."
1087,,Non renseigné,Article 14,Première délibération,Brulebois Danielle,,Séance publique,1ère lecture (1ère assemblée saisie),https://www.assemblee-nationale.fr/dyn/17/amendements/2765/AN/1087,https://www.assemblee-nationale.fr/dyn/opendata/AMANR5L17PO838901BTC2765P0D1N001087.xml,Non renseigné,"I. – Après l’alinéa 3 insérer l’alinéa suivant : « I bis. – Lorsque son troupeau a subi une attaque de loup, l’éleveur peut effectuer des tirs létaux en direction de cette espèce pendant huit jours. Sans condition préalable, il peut déléguer cette mission à toute personne titulaire d’un permis de chasse et à des lieutenants de louveterie. »II. – En conséquence, au début de l’alinéa 4, supprimer la mention : « I bis ».III. – En conséquence, au début de l’alinéa 8, ajouter les mots : « Pour les prélèvements préventifs qui ne sont pas effectués dans un délai de huit jours consécutifs à une attaque, ».","Cet amendement a pour but de répondre aux situations d’urgence auxquelles sont confrontés les éleveurs ayant subi une attaque de prédateurs, en leur offrant la réactivité nécessaire pour défendre leurs troupeaux. Il propose ainsi de simplifier l’accès aux tirs pour une durée limitée de huit jours, spécifiquement pour les élevages ayant récemment été victimes d’une attaque.Cette mesure ne s’oppose pas aux objectifs de préservation de l’espèce, mais vise à concilier ces derniers avec les enjeux de développement économique et social, tels que définis par l’article 191 du Traité sur le fonctionnement de l’Union européenne, de progrès social, conformément à l’article 6 de la Charte de l’environnement, et de complémentarité entre l’environnement et l’agriculture, comme le prévoit l’article L.110-1 du code de l’environnement.Cet amendement a été travaillé avec la FNSEA."
1315,,Non renseigné,Article 14,Première délibération,Corneloup Josiane,"  M. Tryzna, Mme Sylvie Bonnet, M. Cordier, M. Ray, M. Hetzel et M. Duparay",Séance publique,1ère lecture (1ère assemblée saisie),https://www.assemblee-nationale.fr/dyn/17/amendements/2765/AN/1315,https://www.assemblee-nationale.fr/dyn/opendata/AMANR5L17PO838901BTC2765P0D1N001315.xml,Non renseigné,"I. – Après l’alinéa 3 insérer l’alinéa suivant : « I bis. – Lorsque son troupeau a subi une attaque de loup, l’éleveur peut effectuer des tirs létaux en direction de cette espèce pendant huit jours. Sans condition préalable, il peut déléguer cette mission à toute personne titulaire d’un permis de chasse et à des lieutenants de louveterie. »II. – En conséquence, au début de l’alinéa 4, supprimer la mention : « I bis ».III. – En conséquence, au début de l’alinéa 8, ajouter les mots : « Pour les prélèvements préventifs qui ne sont pas effectués dans un délai de huit jours consécutifs à une attaque, ».","Cet amendement vise à répondre aux situations d’urgence auxquelles font face les éleveurs qui viennent d’être prédatés en leur donnant la réactivité dont ils ont besoin pour défendre leurs troupeaux. Tout en maintenant un cadre dérogatoire global, il propose de simplifier l’accès aux tirs temporairement (pour une durée de huit jours) aux élevages qui en ont le plus besoin (ceux qui viennent de subir une attaque).Il ne s’inscrit pas en opposition des objectifs de préservation de l’espèce mais tend à garantir leur compatibilité avec les enjeux de développement économique et social (article 191 du Traité sur le fonctionnement de l’Union européenne), de progrès social (article 6 de la charte de l’environnement) et de complémentarité entre l’environnement et l’agriculture(article L.110-1 du code de l’environnement).  "
1444,,Non renseigné,Article 14,Première délibération,Dirx Benjamin,,Séance publique,1ère lecture (1ère assemblée saisie),https://www.assemblee-nationale.fr/dyn/17/amendements/2765/AN/1444,https://www.assemblee-nationale.fr/dyn/opendata/AMANR5L17PO838901BTC2765P0D1N001444.xml,Non renseigné,"I. – Après l’alinéa 3 insérer l’alinéa suivant : « I bis. – Lorsque son troupeau a subi une attaque de loup, l’éleveur peut effectuer des tirs létaux en direction de cette espèce pendant huit jours. Sans condition préalable, il peut déléguer cette mission à toute personne titulaire d’un permis de chasse et à des lieutenants de louveterie. »II. – En conséquence, au début de l’alinéa 4, supprimer la mention : « I bis ».III. – En conséquence, au début de l’alinéa 8, ajouter les mots : « Pour les prélèvements préventifs qui ne sont pas effectués dans un délai de huit jours consécutifs à une attaque, ».","Cet amendement vise à répondre aux situations d’urgence auxquelles font face les éleveurs qui viennent d’être prédatés en leur donnant la réactivité dont ils ont besoin pour défendre leurs troupeaux. Il propose de simplifier l’accès aux tirs temporairement (pour une durée de huit jours) aux élevages qui en ont le plus besoin (ceux qui viennent de subir une attaque). Il ne s’inscrit pas en opposition des objectifs de préservation de l’espèce mais tend à garantir leur compatibilité avec les enjeux de développement économique et social (article 191 du Traité sur le fonctionnement de l’Union européenne), de progrès social (article 6 de la charte de l’environnement) et de complémentarité entre l’environnement et l’agriculture (article L.110-1 du code de l’environnement).Sourcing : Cet amendement été co-réalisé en partenariat avec la Fédération Départementale des Syndicats d'Exploitants Agricoles (FDSEA71)."
1726,,Non renseigné,Article 14,Première délibération,Vuibert Lionel,,Séance publique,1ère lecture (1ère assemblée saisie),https://www.assemblee-nationale.fr/dyn/17/amendements/2765/AN/1726,https://www.assemblee-nationale.fr/dyn/opendata/AMANR5L17PO838901BTC2765P0D1N001726.xml,Non renseigné,"I. – Après l’alinéa 3 insérer l’alinéa suivant : « I bis. – Lorsque son troupeau a subi une attaque de loup, l’éleveur peut effectuer des tirs létaux en direction de cette espèce pendant huit jours. Sans condition préalable, il peut déléguer cette mission à toute personne titulaire d’un permis de chasse et à des lieutenants de louveterie. »II. – En conséquence, au début de l’alinéa 4, supprimer la mention : « I bis ».III. – En conséquence, au début de l’alinéa 8, ajouter les mots : « Pour les prélèvements préventifs qui ne sont pas effectués dans un délai de huit jours consécutifs à une attaque, ».","Cet amendement vise à répondre aux situations d’urgence auxquelles font face les éleveurs qui viennent d’être prédatés en leur donnant la réactivité dont ils ont besoin pour défendre leurs troupeaux. Il propose de simplifier l’accès aux tirs temporairement (pour une durée de huit jours) aux élevages qui en ont le plus besoin (ceux qui viennent de subir une attaque). Il ne s’inscrit pas en opposition des objectifs de préservation de l’espèce mais tend à garantir leur compatibilité avec les enjeux de développement économique et social (article 191 du Traité sur le fonctionnement de l’Union européenne), de progrès social (article 6 de la charte de l’environnement) et de complémentarité entre l’environnement et l’agriculture (article L.110-1 du code de l’environnement).Cet amendement a été élaboré en concertation avec plusieurs organisations représentatives du monde agricole, dont la FNSEA."
1743,,Non renseigné,Article 14,Première délibération,Warsmann Jean-Luc,,Séance publique,1ère lecture (1ère assemblée saisie),https://www.assemblee-nationale.fr/dyn/17/amendements/2765/AN/1743,https://www.assemblee-nationale.fr/dyn/opendata/AMANR5L17PO838901BTC2765P0D1N001743.xml,Non renseigné,"I. – Après l’alinéa 3 insérer l’alinéa suivant : « I bis. – Lorsque son troupeau a subi une attaque de loup, l’éleveur peut effectuer des tirs létaux en direction de cette espèce pendant huit jours. Sans condition préalable, il peut déléguer cette mission à toute personne titulaire d’un permis de chasse et à des lieutenants de louveterie. »II. – En conséquence, au début de l’alinéa 4, supprimer la mention : « I bis ».III. – En conséquence, au début de l’alinéa 8, ajouter les mots : « Pour les prélèvements préventifs qui ne sont pas effectués dans un délai de huit jours consécutifs à une attaque, ».","Cet amendement vise à répondre aux situations d’urgence auxquelles font face les éleveurs dont les animaux viennent d’être prédatés en leur donnant la réactivité dont ils ont besoin pour défendre leurs troupeaux. Il propose de simplifier l’accès aux tirs temporairement, pour une durée de huit jours, aux élevages qui en ont le plus besoin (ceux qui viennent de subir une attaque). Il ne s’inscrit pas en opposition des objectifs de préservation de l’espèce mais tend à garantir leur compatibilité avec les enjeux de développement économique et social (article 191 du Traité sur le fonctionnement de l’Union européenne), de progrès social (article 6 de la charte de l’environnement) et de complémentarité entre l’environnement et l’agriculture (article L.110-1 du code de l’environnement).Cet amendement a été travaillé avec la FNSEA."
2257,,Non renseigné,Article 14,Première délibération,Thiébaut Vincent,,Séance publique,1ère lecture (1ère assemblée saisie),https://www.assemblee-nationale.fr/dyn/17/amendements/2765/AN/2257,https://www.assemblee-nationale.fr/dyn/opendata/AMANR5L17PO838901BTC2765P0D1N002257.xml,Non renseigné,"I. – Après l’alinéa 3 insérer l’alinéa suivant : « I bis. – Lorsque son troupeau a subi une attaque de loup, l’éleveur peut effectuer des tirs létaux en direction de cette espèce pendant huit jours. Sans condition préalable, il peut déléguer cette mission à toute personne titulaire d’un permis de chasse et à des lieutenants de louveterie. »II. – En conséquence, au début de l’alinéa 4, supprimer la mention : « I bis ».III. – En conséquence, au début de l’alinéa 8, ajouter les mots : « Pour les prélèvements préventifs qui ne sont pas effectués dans un délai de huit jours consécutifs à une attaque, ».","Cet amendement vise à répondre aux situations d’urgence auxquelles font face les éleveurs qui viennent d’être prédatés en leur donnant la réactivité dont ils ont besoin pour défendre leurs troupeaux. Il propose de simplifier l’accès aux tirs temporairement (pour une durée de huit jours) aux élevages qui en ont le plus besoin (ceux qui viennent de subir une attaque).Il ne s’inscrit pas en opposition des objectifs de préservation de l’espèce mais tend à garantir leur compatibilité avec les enjeux de développement économique et social (article 191 du Traité sur le fonctionnement de l’Union européenne), de progrès social (article 6 de la charte de l’environnement) et de complémentarité entre l’environnement et l’agriculture (article L.110-1 du code de l’environnement).Cet amendement a été travaillé avec la FNSEA. "
662,,Non renseigné,Article 14,Première délibération,Cormier-Bouligeon François,,Séance publique,1ère lecture (1ère assemblée saisie),https://www.assemblee-nationale.fr/dyn/17/amendements/2765/AN/662,https://www.assemblee-nationale.fr/dyn/opendata/AMANR5L17PO838901BTC2765P0D1N000662.xml,Non renseigné,"I. – Après l’alinéa 3 insérer l’alinéa suivant : « I bis. – Lorsque son troupeau a subi une attaque de loup, l’éleveur peut effectuer des tirs létaux en direction de cette espèce pendant huit jours. Sans condition préalable, il peut déléguer cette mission à toute personne titulaire d’un permis de chasse et à des lieutenants de louveterie. »II. – En conséquence, au début de l’alinéa 4, supprimer la mention : « I bis ».III. – En conséquence, au début de l’alinéa 8, ajouter les mots : « Pour les prélèvements préventifs qui ne sont pas effectués dans un délai de huit jours consécutifs à une attaque, ».","Les éleveurs victimes de prédation ont besoin de réactivité pour protéger leurs troupeaux dans l’urgence.Le présent amendement vise à simplifier l’accès aux tirs dérogatoires, pour une durée de huit jours, afin de leur donner les moyens d’agir rapidement après une attaque.Cette mesure s’inscrit dans le respect des objectifs de préservation des espèces, tout en garantissant leur compatibilité avec les enjeux économiques, sociaux et environnementaux, conformément aux articles 191 du Traité sur le fonctionnement de l’Union européenne, 6 de la Charte de l’environnement et L.110-1 du code de l’environnement.Amendement travaillé avec les Jeunes Agriculteurs Centre-Val de Loire et la FNSEA"
728,,Non renseigné,Article 14,Première délibération,Kervran Loïc,,Séance publique,1ère lecture (1ère assemblée saisie),https://www.assemblee-nationale.fr/dyn/17/amendements/2765/AN/728,https://www.assemblee-nationale.fr/dyn/opendata/AMANR5L17PO838901BTC2765P0D1N000728.xml,Non renseigné,"I. – Après l’alinéa 3 insérer l’alinéa suivant : « I bis. – Lorsque son troupeau a subi une attaque de loup, l’éleveur peut effectuer des tirs létaux en direction de cette espèce pendant huit jours. Sans condition préalable, il peut déléguer cette mission à toute personne titulaire d’un permis de chasse et à des lieutenants de louveterie. »II. – En conséquence, au début de l’alinéa 4, supprimer la mention : « I bis ».III. – En conséquence, au début de l’alinéa 8, ajouter les mots : « Pour les prélèvements préventifs qui ne sont pas effectués dans un délai de huit jours consécutifs à une attaque, ».","Cet amendement vise à répondre aux situations d’urgence auxquelles font face les éleveurs qui viennent d’être prédatés en leur donnant la réactivité dont ils ont besoin pour défendre leurs troupeaux. Il propose de simplifier l’accès aux tirs temporairement (pour une durée de huit jours) aux élevages qui en ont le plus besoin (ceux qui viennent de subir une attaque). Il ne s’inscrit pas en opposition des objectifs de préservation de l’espèce mais tend à garantir leur compatibilité avec les enjeux de développement économique et social (article 191 du Traité sur le fonctionnement de l’Union européenne), de progrès social (article 6 de la charte de l’environnement) et de complémentarité entre l’environnement et l’agriculture (article L.110-1 du code de l’environnement).Cet amendement a été travaillé avec la Fédération Nationale des Syndicats d’Exploitants Agricoles "
CD162,,Rejeté,Article 14,Première délibération,Brun Fabrice,"  M. Ray, M. Brigand, M. Cordier, Mme Sylvie Bonnet, M. Descoeur, M. Portier, Mme Corneloup et Mme Duby-Muller",Développement durable,1ère lecture (1ère assemblée saisie),https://www.assemblee-nationale.fr/dyn/17/amendements/2632/CION-DVP/CD162,https://www.assemblee-nationale.fr/dyn/opendata/AMANR5L17PO419865B2632P0D1N000162.xml,Rejeté,"I. – Après l’alinéa 7, insérer les 5 alinéas suivants : « I bis. – Après l’article L. 411‑2‑2 du code de l’environnement, il est inséré un article L. 411‑2‑3 ainsi rédigé :« Art. L. 411‑2‑3. – I. – Le tir létal et la capture de loups sont considérés comme des mesures de protections des élevages de plein air tant que la viabilité de l’espèce est garantie par la présence d’au moins 500 spécimens sur le territoire national.« Ces opérations peuvent être mises en œuvre toute l’année, sans condition préalable visant à protéger ou réduire la vulnérabilité des troupeaux, par les éleveurs exploitant à titre individuel ou sous forme sociétaire, groupements pastoraux, propriétaires publics ou privés d’une exploitation agricole d’élevage mettant en valeur des surfaces pâturées, ainsi que leurs mandataires.« Les prélèvements ou captures effectivement réalisés sont déclarés en préfecture dans les 72 heures afin de permettre la détermination du nombre de spécimens restant sur le territoire national.« II. – En‑deçà du seuil minimal de 500 spécimens sur le territoire national, des tirs ou captures peuvent exceptionnellement être accordés en cas de dommages importants causés par les loups aux élevages domestiques, dans les conditions prévues par les dérogations mentionnées au 4° du I de l’article L. 411‑2. En cas de besoin, le représentant de l’État dans le département, le préfet coordinateur ou le préfet référent du plan national d’actions sur le loup peut organiser, tout au long de l’année, sur des zones qu’il détermine en concertation avec les instances représentatives des agriculteurs et relevant de son ressort territorial, des opérations de prélèvement ou de capture de plus grande ampleur. » »II. – Compléter cet article par l’alinéa suivant : « La perte de recettes résultant pour l’État du I bis est compensée à due concurrence par la création d’une taxe additionnelle à l’accise sur les tabacs prévue au chapitre IV du titre Ier du livre III du code des impositions sur les biens et services.","Le présent article répond au besoin identifié par les éleveurs de simplifier les procédures pour les éleveurs afin de défendre leurs troupeaux contre la prédation du loup. En effet, depuis de nombreuses années les troupeaux élevés en plein air subissent des attaques de loups de plus en plus fréquentes, qui occasionnent des prédations sur les animaux d’élevage de plus en plus nombreuses, malgré les mesures de protection mises en place par les éleveurs.De fait, le présent amendement, inspiré de la proposition de loi déposée par Jean-Luc Warsmann, député des Ardennes, définit le seuil de viabilité de l’espèce et le régime général qui s’applique aux opérations de défense des troupeaux. Il établit également que les tirs de ces prédateurs constituent des mesures de protection des troupeaux– Il garantit à tout éleveur un droit permanent à procéder à la destruction ou à la capture d’un loup, dès lors que le nombre de spécimens sur le territoire national excède le seuil de viabilité fixé à 500 loups.– En‑deçà du seuil de viabilité, il prévoit que les tirs létaux et capture sont soumis à autorisation préfectorale en cas de dommages importants, conformément à l’article L. 411‑2. Il donne indistinctement pouvoir au préfet de département, au préfet coordinateur ou au préfet référent du plan national d’actions sur le loup pour organiser, en concertation avec la profession agricole, sans contraintes de dates et sur les territoires qu’il désigne, des opérations de plus grande ampleur en matière de prélèvement ou de capture visant à réduire des risques pesant sur les exploitations d’élevage lorsque cela est nécessaire.Tel est le sens de cet amendement. "
1103,,Non renseigné,Article 14,Première délibération,Brulebois Danielle,,Séance publique,1ère lecture (1ère assemblée saisie),https://www.assemblee-nationale.fr/dyn/17/amendements/2765/AN/1103,https://www.assemblee-nationale.fr/dyn/opendata/AMANR5L17PO838901BTC2765P0D1N001103.xml,Non renseigné,"I. – Supprimer la dernière phrase de l’alinéa 5.II. – En conséquence, après l’alinéa 16, insérer l’alinéa suivant :« I bis. – Après l’article L. 411‑2‑2 du code de l’environnement, il est inséré un article L. 411‑2‑3 du code de l’environnement :« Art. L. 411‑2‑5. – Compte tenu de l’absence de moyens de prévention efficaces disponibles pour protéger les élevages de bovins et d’équins, les tirs sont autorisés sans autre condition dans les territoires colonisés par le loup. ». ","Sur la forme, plutôt que d’abroger la disposition de la loi n° 2025-268 du 24 mars 2025 relative à l’orientation pour la souveraineté alimentaire et le renouvellement des générations en agriculture pour la réécrire dans la future loi d’urgence, cet amendement propose de modifier directement l’article concerné de la loi du 24 mars 2025, tout en le codifiant.Sur le fond, il prend acte du fait que les troupeaux de bovins et d’équidés ne peuvent être efficacement protégés contre les attaques de loups. Il supprime donc l’obligation de mettre en œuvre des mesures de réduction de vulnérabilité pour autoriser les tirs visant cette espèce.Cet amendement a été travaillé avec la FNSEA."
1319,,Non renseigné,Article 14,Première délibération,Corneloup Josiane,"  M. Tryzna, Mme Sylvie Bonnet, M. Cordier, M. Ray, M. Hetzel et M. Duparay",Séance publique,1ère lecture (1ère assemblée saisie),https://www.assemblee-nationale.fr/dyn/17/amendements/2765/AN/1319,https://www.assemblee-nationale.fr/dyn/opendata/AMANR5L17PO838901BTC2765P0D1N001319.xml,Non renseigné,"I. – Supprimer la dernière phrase de l’alinéa 5.II. – En conséquence, après l’alinéa 16, insérer l’alinéa suivant :« I bis. – Après l’article L. 411‑2‑2 du code de l’environnement, il est inséré un article L. 411‑2‑3 du code de l’environnement :« Art. L. 411‑2‑5. – Compte tenu de l’absence de moyens de prévention efficaces disponibles pour protéger les élevages de bovins et d’équins, les tirs sont autorisés sans autre condition dans les territoires colonisés par le loup. ». ","Sur la forme, au lieu d’abroger la disposition de la loi n° 2025-268 du 24 mars 2025 d’orientation pour la souveraineté alimentaire et le renouvellement des générations en agriculture pour la réécrire différemment dans la future loi d’urgence, cet amendement propose de modifier l’article concerné de la loi du 24 mars 2025 sans l’abroger, et de le codifier par la même occasion.Sur le fond, cet amendement prend acte du caractère effectivement non protégeable des troupeaux de bovins et d’équidés, en supprimant l’obligation de mettre en œuvre des mesures de réduction de vulnérabilité pour mettre en œuvre des tirs visant des loups."
1450,,Non renseigné,Article 14,Première délibération,Dirx Benjamin,,Séance publique,1ère lecture (1ère assemblée saisie),https://www.assemblee-nationale.fr/dyn/17/amendements/2765/AN/1450,https://www.assemblee-nationale.fr/dyn/opendata/AMANR5L17PO838901BTC2765P0D1N001450.xml,Non renseigné,"I. – Supprimer la dernière phrase de l’alinéa 5.II. – En conséquence, après l’alinéa 16, insérer l’alinéa suivant :« I bis. – Après l’article L. 411‑2‑2 du code de l’environnement, il est inséré un article L. 411‑2‑3 du code de l’environnement :« Art. L. 411‑2‑5. – Compte tenu de l’absence de moyens de prévention efficaces disponibles pour protéger les élevages de bovins et d’équins, les tirs sont autorisés sans autre condition dans les territoires colonisés par le loup. ». ","Sur la forme, au lieu d’abroger la disposition de la loi n° 2025-268 du 24 mars 2025 d’orientation pour la souveraineté alimentaire et le renouvellement des générations en agriculture pour la réécrire différemment dans la future loi d’urgence, cet amendement propose de modifier l’article concerné de la loi du 24 mars 2025 sans l’abroger, et de le codifier par la même occasion. Sur le fond, cet amendement prend acte du caractère effectivement non protégeable des troupeaux de bovins et d’équidés, en supprimant l’obligation de mettre en œuvre des mesures de réduction de vulnérabilité pour mettre en œuvre des tirs visant des loups.Sourcing : Cet amendement été co-réalisé en partenariat avec la Fédération Départementale des Syndicats d'Exploitants Agricoles (FDSEA71)."
1759,,Non renseigné,Article 14,Première délibération,Warsmann Jean-Luc,,Séance publique,1ère lecture (1ère assemblée saisie),https://www.assemblee-nationale.fr/dyn/17/amendements/2765/AN/1759,https://www.assemblee-nationale.fr/dyn/opendata/AMANR5L17PO838901BTC2765P0D1N001759.xml,Non renseigné,"I. – Supprimer la dernière phrase de l’alinéa 5.II. – En conséquence, après l’alinéa 16, insérer l’alinéa suivant :« I bis. – Après l’article L. 411‑2‑2 du code de l’environnement, il est inséré un article L. 411‑2‑3 du code de l’environnement :« Art. L. 411‑2‑5. – Compte tenu de l’absence de moyens de prévention efficaces disponibles pour protéger les élevages de bovins et d’équins, les tirs sont autorisés sans autre condition dans les territoires colonisés par le loup. ». ","Sur la forme, au lieu d’abroger la disposition de la loi n° 2025-268 du 24 mars 2025 d’orientation pour la souveraineté alimentaire et le renouvellement des générations en agriculture pour la réécrire différemment dans la présente loi d’urgence, cet amendement propose de modifier l’article concerné de la loi du 24 mars 2025 sans l’abroger, et de le codifier par la même occasion. Sur le fond, cet amendement prend acte du caractère effectivement non protégeable des troupeaux de bovins et d’équidés, en supprimant l’obligation de mettre en œuvre des mesures de réduction de vulnérabilité pour mettre en œuvre des tirs visant des loups.Cet amendement a été travaillé avec la FNSEA."
696,,Non renseigné,Article 14,Première délibération,Cormier-Bouligeon François,,Séance publique,1ère lecture (1ère assemblée saisie),https://www.assemblee-nationale.fr/dyn/17/amendements/2765/AN/696,https://www.assemblee-nationale.fr/dyn/opendata/AMANR5L17PO838901BTC2765P0D1N000696.xml,Non renseigné,"I. – Supprimer la dernière phrase de l’alinéa 5.II. – En conséquence, après l’alinéa 16, insérer l’alinéa suivant :« I bis. – Après l’article L. 411‑2‑2 du code de l’environnement, il est inséré un article L. 411‑2‑3 du code de l’environnement :« Art. L. 411‑2‑5. – Compte tenu de l’absence de moyens de prévention efficaces disponibles pour protéger les élevages de bovins et d’équins, les tirs sont autorisés sans autre condition dans les territoires colonisés par le loup. ». ","Sur la forme, au lieu d'abroger la disposition de la loi n° 2025-268 du 24 mars 2025 d'orientation pour la souveraineté alimentaire et le renouvellement des générations en agriculture pour la réécrire différemment dans la future loi d'urgence, cet amendement propose de modifier l'article concerné de la loi du 24 mars 2025 sans l'abroger, et de le codifier par la même occasion.Sur le fond, cet amendement prend acte du caractère effectivement non protégeable des troupeaux de bovins et d'équidés, en supprimant l'obligation de mettre en œuvre des mesures de réduction de vulnérabilité pour mettre en œuvre des tirs visant des loups.Amendement travaillé et réalisé avec les Jeunes Agriculteurs du Cher et la FNSEA."
730,,Non renseigné,Article 14,Première délibération,Kervran Loïc,,Séance publique,1ère lecture (1ère assemblée saisie),https://www.assemblee-nationale.fr/dyn/17/amendements/2765/AN/730,https://www.assemblee-nationale.fr/dyn/opendata/AMANR5L17PO838901BTC2765P0D1N000730.xml,Non renseigné,"I. – Supprimer la dernière phrase de l’alinéa 5.II. – En conséquence, après l’alinéa 16, insérer l’alinéa suivant :« I bis. – Après l’article L. 411‑2‑2 du code de l’environnement, il est inséré un article L. 411‑2‑3 du code de l’environnement :« Art. L. 411‑2‑5. – Compte tenu de l’absence de moyens de prévention efficaces disponibles pour protéger les élevages de bovins et d’équins, les tirs sont autorisés sans autre condition dans les territoires colonisés par le loup. ». ","Sur la forme, au lieu d’abroger la disposition de la loi n° 2025-268 du 24 mars 2025 d’orientation pour la souveraineté alimentaire et le renouvellement des générations en agriculture pour la réécrire différemment dans la future loi d’urgence, cet amendement propose de modifier l’article concerné de la loi du 24 mars 2025 sans l’abroger, et de le codifier par la même occasion. Sur le fond, cet amendement prend acte du caractère effectivement non protégeable des troupeaux de bovins et d’équidés, en supprimant l’obligation de mettre en œuvre des mesures de réduction de vulnérabilité pour mettre en œuvre des tirs visant des loups.Cet amendement a été travaillé avec la Fédération Nationale des Syndicats d’Exploitants Agricoles "
1422,,Non renseigné,Article 14,Première délibération,Magnier David,"  M. Amblard, M. Allisio, Mme Auzanot, M. Ballard, Mme Bamana, M. Baubry, M. Beaurain, M. Bentz, M. Bernhardt, M. Bigot, M. Bilde, M. Blairy, Mme Blanc, M. Boccaletti, M. Boulogne, Mme Bouquin, M. Bovet, M. Buisson, M. Casterman, M. Chaumeil, M. Chenu, M. Chudeau, M. Clavet, Mme Colombier, Mme Da Conceicao Carvalho, M. de Fleurian, M. de Lépinau, Mme Dellong Meng, M. Dessigny, Mme Diaz, Mme Dogor-Such, M. Dragon, M. Dufosset, M. Dussausaye, M. Dutremble, M. Evrard, M. Falcon, M. Florquin, M. Fouquart, M. Frappé, M. Gabarron, Mme Galzy, M. Gery, M. Giletti, M. Gillet, M. Christian Girard, M. Golliot, M. Gonzalez, Mme Florence Goulet, Mme Grangier, Mme Griseti, M. Guibert, M. Guiniot, M. Guitton, Mme Hamelet, M. Houssin, M. Humbert, M. Jacobelli, M. Jenft, M. Jolly, Mme Joncour, M. Jordan, Mme Josserand, Mme Joubert, Mme Laporte, Mme Lavalette, M. Le Bourgeois, Mme Le Pen, Mme Lechanteux, Mme Lechon, Mme Lelouis, Mme Levavasseur, M. Limongi, M. Lioret, Mme Loir, Mme Lorho, M. Lottiaux, M. Loubet, Mme Marais-Beuil, M. Marchio, M. Markowsky, M. Patrice Martin, Mme Martinez, M. Mauvieux, M. Meizonnet, M. Meurin, M. Monnier, M. Muller, Mme Mélin, Mme Ménaché, M. Ménagé, M. Odoul, Mme Parmentier, M. Perez, M. Pfeffer, Mme Pollet, M. Rambaud, Mme Ranc, M. Rancoule, M. Renault, Mme Rimbert, M. Rivière, Mme Robert-Dehault, Mme Roullaud, Mme Roy, Mme Sabatini, M. Sabatou, M. Salmon, M. Schreck, Mme Sicard, M. Emmanuel Taché, M. Jean-Philippe Tanguy, M. Taverne, M. Tesson, M. Tivoli, M. Tomatis, M. Tonussi, M. Tribuiani, M. Villedieu, M. Vos et M. Weber",Séance publique,1ère lecture (1ère assemblée saisie),https://www.assemblee-nationale.fr/dyn/17/amendements/2765/AN/1422,https://www.assemblee-nationale.fr/dyn/opendata/AMANR5L17PO838901BTC2765P0D1N001422.xml,Non renseigné,"I. – Supprimer la seconde phrase de l'alinéa 7.II. – En conséquence, après le même alinéa 7, insérer l’alinéa suivant :« Par dérogation, le tir de défense est présumé légitime lorsqu’il est effectué par un éleveur ou ses préposés en situation d’attaque imminente ou d’intrusion manifeste d’un spécimen de loup dans un espace pastoral protégé. Ce tir ne nécessite aucune autorisation préalable ni récépissé dès lors que la réalité de l’attaque ou de la menace caractérisée est constatée a posteriori par les agents assermentés. Ces prélèvements s’imputent par priorité sur le plafond annuel de prélèvements mentionné au présent I bis. »","Le présent amendement vise à instaurer un véritable droit à la légitime défense des troupeaux en sécurisant juridiquement les éleveurs face à l’urgence absolue des attaques.Si les récents débats ont permis d’acter une réduction des délais administratifs pour l’obtention des récépissés de tir, l’exigence d’une formalité préalable, même réduite à un délai d’un jour ouvré, demeure problématique face à l’immédiateté d’une intrusion de prédateur dans un parc. Pour protéger son outil de travail et ses animaux, l’éleveur doit pouvoir agir au moment précis où le danger est caractérisé, sans l’incertitude d’une attente administrative qui ne correspond pas au temps biologique de la prédation.Le dispositif propose donc de substituer au régime déclaratif un principe de présomption de légitimité dès lors que l’attaque est imminente ou l’intrusion manifeste dans une zone protégée par des moyens de défense. Afin de garantir le contrôle de l’autorité publique, la réalité du danger est constatée après l’événement par les agents assermentés. Cette vérification a posteriori permet de s’assurer de la réalité de la menace sans entraver l’action de défense vitale pour l’exploitation.Enfin, pour demeurer en pleine conformité avec les exigences de conservation de l’espèce, ces tirs ne s’ajoutent pas à la pression globale mais s’imputent prioritairement sur le plafond national annuel. Il relève d’ailleurs du bon sens que ce plafond ne soit pas un obstacle à la protection des troupeaux, puisque le présent article prévoit déjà, à son alinéa 10, que le préfet coordonnateur peut autoriser des prélèvements dérogatoires si le quota national est atteint. Il s’agit simplement de reconnaître que l’intrusion d’un loup dans une pâture clôturée constitue un danger avéré justifiant une riposte immédiate pour garantir la pérennité de l’élevage pastoral."
236,,Non renseigné,Après l'article 14,Première délibération,Descoeur Vincent,"  Mme Sylvie Bonnet, M. Bony, Mme Bonnivard, M. Boucard, M. Brigand, M. Fabrice Brun, M. Cordier, Mme Corneloup, M. Liger, M. Liégeon, Mme Minard, M. Ray et M. Taite",Séance publique,1ère lecture (1ère assemblée saisie),https://www.assemblee-nationale.fr/dyn/17/amendements/2765/AN/236,https://www.assemblee-nationale.fr/dyn/opendata/AMANR5L17PO838901BTC2765P0D1N000236.xml,Non renseigné,"La code de l’environnement est ainsi modifié :1° Après l’article L. 423‑3, il est inséré un article L. 423‑3‑1 ainsi rédigé :« Art. L. 423‑3‑1. – Pour le besoin de la défense des troupeaux contre les attaques de loups, les éleveurs exploitant à titre individuel ou sous forme sociétaire, groupements pastoraux, propriétaires publics ou privés d’une exploitation agricole d’élevage mettant en valeur des surfaces pâturées, ainsi que leurs mandataires titulaires du permis de chasse et ayant suivi une formation participant aux opérations de tirs létaux et de captures des loups sont habilités à utiliser des appareils monoculaires ou binoculaires thermiques, y compris des appareils qui peuvent être mis en œuvre sans l’aide des mains dont les monoculaires équipés d’un adaptateur leur permettant d’être fixés sur une lunette de tir. »2° Après l’article L. 427‑2, il est inséré un article L. 427‑2‑1 ainsi rédigé :« Art. L. 427‑2‑1. – Sur demande des éleveurs, les lieutenants de louveterie se déplacent dans les meilleurs délais, sans formalités et sans conditions préalables sur les exploitations agricoles victimes ou menacées par la prédation du loup.« À des fins de défense des troupeaux contre les attaques de loups, les lieutenants de louveterie sont habilités à utiliser des appareils monoculaires ou binoculaires thermiques, y compris des appareils qui peuvent être mis en œuvre sans l’aide des mains dont les monoculaires équipés d’un adaptateur leur permettant d’être fixés sur une lunette de tir. »","Cet amendement correspond à des dispositions de la proposition de loi portée par le député Jean-Luc Warsmann, visant à protéger les animaux élevés par nos agriculteurs de la prédation du loup.Il vise à permettre aux éleveurs et à leurs mandataires titulaires d’un permis de chasse d’utiliser des lunettes de tir à visée nocturne, utilisables sans les mains grâce à un système de fixation sur l’arme."
2093,,Non renseigné,Après l'article 14,Première délibération,Descoeur Vincent,"  M. Wauquiez, M. Barnier, M. Bazin, Mme Bazin-Malgras, Mme Blin, Mme Sylvie Bonnet, Mme Bonnivard, M. Bony, M. Bourgeaux, M. Breton, M. Brigand, M. Fabrice Brun, M. Ceccoli, Mme Chazé, M. Cordier, Mme Corneloup, Mme Dalloz, Mme de Maistre, M. Dive, Mme Duby-Muller, M. Duparay, M. Gosselin, Mme Gruet, M. Herbillon, M. Hetzel, M. Juvin, M. Le Fur, M. Liger, M. Liégeon, Mme Martin (Alpes-Maritimes), Mme Frédérique Meunier, Mme Minard, M. Neuder, M. Pauget, M. Portier, M. Ray, Mme Rey-Rinchet, M. Rolland, Mme Tabarot, M. Taite, M. Thiériot, M. Tryzna, M. Vermorel-Marques et M. Jean-Pierre Vigier",Séance publique,1ère lecture (1ère assemblée saisie),https://www.assemblee-nationale.fr/dyn/17/amendements/2765/AN/2093,https://www.assemblee-nationale.fr/dyn/opendata/AMANR5L17PO838901BTC2765P0D1N002093.xml,Non renseigné,"Le code de l'environnement est ainsi modifié :1° Après l’article L. 423‑3, il est inséré un article L. 423‑3‑1 ainsi rédigé :« Art. L. 423‑3‑1. – Pour le besoin de la défense des troupeaux contre les attaques de loups, les éleveurs exploitant à titre individuel ou sous forme sociétaire, groupements pastoraux, propriétaires publics ou privés d’une exploitation agricole d’élevage mettant en valeur des surfaces pâturées, ainsi que leurs mandataires titulaires du permis de chasse et ayant suivi une formation participant aux opérations de tirs létaux et de captures des loups dans les conditions prévues au 4° de l’article L. 411‑2 sont habilités à utiliser des appareils monoculaires ou binoculaires thermiques, y compris des appareils qui peuvent être mis en œuvre sans l’aide des mains dont les monoculaires équipés d’un adaptateur leur permettant d’être fixés sur une lunette de tir. » ;2° Après l’article L. 427‑2, il est inséré un article L. 427‑2‑1 ainsi rédigé :« Art. L. 427‑2‑1. – Sur demande des éleveurs, les lieutenants de louveterie se déplacent dans les meilleurs délais, sans formalités et sans conditions préalables sur les exploitations agricoles victimes ou menacées par la prédation du loup.« À des fins de défense des troupeaux contre les attaques de loups, les lieutenants de louveterie sont habilités à utiliser des appareils monoculaires ou binoculaires thermiques, y compris des appareils qui peuvent être mis en œuvre sans l’aide des mains dont les monoculaires équipés d’un adaptateur leur permettant d’être fixés sur une lunette de tir. »","Le présent amendement du groupe Droite Républicaine vise à permettre aux éleveurs et à leurs mandataires titulaires d’un permis de chasse d’utiliser des lunettes de tir à visée nocturne, utilisables sans les mains grâce à un système de fixation sur l’arme.Il vise aussi à rendre l’intervention des lieutenants de louveterie plus rapide et efficace pour soutenir les exploitations face aux loups, en supprimant les conditions préalables à leur intervention et en autorisant l’usage de la détection thermique.Il correspond à des dispositions de la proposition de loi portée par le député Jean-Luc Warsmann, visant à protéger les animaux élevés par nos agriculteurs de la prédation du loup."
CD257,,Rejeté,Article 14,Première délibération,Pochon Marie,"  Mme Voynet, M. Biteau, Mme Belluco, M. Nicolas Bonnet, Mme Ozenne, M. Raux, M. Thierry, M. Amirshahi, Mme Arrighi, Mme Autain, Mme Balage El Mariky, M. Ben Cheikh, M. Arnaud Bonnet, Mme Chatelain, M. Corbière, M. Davi, M. Duplessy, M. Fournier, Mme Garin, M. Damien Girard, M. Gustave, Mme Catherine Hervieu, M. Iordanoff, Mme Laernoes, M. Lahais, M. Lucas-Lundy, M. Peytavie, Mme Regol, M. Roumégas, Mme Sandrine Rousseau, M. Ruffin, Mme Sas, Mme Sebaihi, Mme Simonnet, Mme Taillé-Polian et M. Tavernier",Développement durable,1ère lecture (1ère assemblée saisie),https://www.assemblee-nationale.fr/dyn/17/amendements/2632/CION-DVP/CD257,https://www.assemblee-nationale.fr/dyn/opendata/AMANR5L17PO419865B2632P0D1N000257.xml,Rejeté,"Rédiger ainsi cet article : « I. – Après l’article L. 411‑1 du code de l’environnement, il est inséré article L. 411‑1‑1 ainsi rédigé : « Art. L. – 411‑1‑1. – Afin de prévenir les dommages aux élevages occasionnés par des loups, un arrêté conjoint des ministres chargés de la protection de la nature et de l’agriculture définit les conditions de protection des élevages et les conditions dans lesquelles l’espèce Canis lupus peut faire l’objet de mesures de gestion. « Ces mesures de gestion sont déterminées sur le fondement de données scientifiques de l’office français de la biodiversité et du centre national de la recherche scientifique, actualisées chaque année, qui documentent l’évolution de la population de loups et qui rappellent l’enjeu de garantir le bon état écologique de la population de loups et les conditions nécessaires à la viabilité démographique et génétique de son espèce à l’échelle nationale, à l’échelle des régions biogéographiques et à l’échelle locale.« L’arrêté prévu au premier alinéa du présent article définit des mesures de gestion adaptées à l’évolution de la population de loups et à l’évolution de la pression de la prédation sur les troupeaux d’élevage. L’arrêté fixe par ordre de priorité les mesures : 1° De déploiement de moyens de protection des troupeaux et de réduction de leur vulnérabilité demandées aux éleveurs ;2° D’effarouchement ;3° De tirs non-létaux ;4° De tirs létaux relevant de la responsabilité des lieutenants de louveterie et des agents de l’office français de la biodiversité ;5° De tirs de défense.« Cet arrêté prévoit que ces mesures peuvent, selon les territoires et afin de garantir le maintien de l’espèce dans un état de conservation favorable dans les conditions prévues par le deuxième alinéa, être suspendues par l’autorité administrative.« Cet arrêté définit également les modalités de mise en oeuvre de ces mesures, en particulier les régimes de déclaration ou d’autorisation. Il définit par ailleurs les modalités de formation et d’octroi des permis de tirs tels que prévus au précédent alinéa.« Le nombre maximal de spécimens pouvant être détruits annuellement est déterminé à l’échelle nationale et en tenant compte de l’état favorable de conservation de l’espèce dans les conditions prévues par le deuxième alinéa. »« II. – Le IV de l’article 47 de la loi n° 2025‑268 du 24 mars 2025 d’orientation pour la souveraineté alimentaire et le renouvellement des générations en agriculture est abrogé. »","Le groupe Écologiste et social défend une politique de protection du pastoralisme conjointe à une démarche de conservation du loup. La voie retenue par le Gouvernement d’assouplir uniquement les règles de gestion du loup témoigne d’une certaine démagogie, satisfaisante dans les discours mais n’ayant aucun impact sur le réel des éleveurs, et d’un renoncement à soutenir les éleveurs dans les logiques de prévention, de protection sans action létale, ou d’accompagnement psychologique face à la détresse que rencontrent les éleveurs confrontés à des attaques de leur troupeau. Le groupe Écologiste et Social propose ainsi un amendement de réécriture générale de l’article 14 sur la prédation du loup et son impact sur les élevages. En premier lieu, il procède à une précision concernant les mesures de gestion prévues par ce projet de loi en associant clairement ces mesures de gestion à la protection des élevages. Ce texte étant un texte agricole, il ne s’agit pas ici de définir des mesures générales de gestion de l’espèce, qui relèvent du Ministère de la transition écologique. Cet amendement précise ensuite que les mesures de gestion du loup sont déterminées sur le fondement de données scientifiques actualisées chaque année, et rappelle que celles-ci documentent l’évolution de la population de loups et garantissent le bon état écologique et la viabilité à la fois génétique et démographique de l’espèce. L’amendement précise par ailleurs les mesures de gestion fixées par arrêté par ordre de priorité en prévoyant en premier lieu le déploiement de moyens de protection des troupeaux qui ont montré leur efficacité, puis de manière graduelle, l’effarouchement, les tirs non-létaux, les tirs létaux relevant de la responsabilité des lieutenants de louveterie et des agents de l’Office français de la biodiversité et enfin les tirs de défense. Nous insistons sur le fait que les tirs doivent rester exceptionnels et ne devraient être autorisés qu’en cas d’utilisation effective des mesures de protection des troupeaux.En matière d’accompagnement et de recherche, il est nécessaire d’évaluer les précédents Plans Nationaux d’Action et de rendre obligatoires les analyses de vulnérabilité, confiées à des organismes indépendants. Il convient également de renforcer les moyens publics dédiés à la recherche, à l’information, à la médiation et à l’accompagnement des acteurs de terrain, tout en anticipant le retour naturel du loup sur l’ensemble du territoire."
87,,Non renseigné,Article 14,Première délibération,Pochon Marie,"  Mme Voynet, M. Biteau, Mme Belluco, M. Nicolas Bonnet, Mme Ozenne, M. Raux, M. Thierry, M. Amirshahi, Mme Arrighi, Mme Autain, Mme Balage El Mariky, M. Ben Cheikh, M. Arnaud Bonnet, Mme Chatelain, M. Corbière, M. Davi, M. Duplessy, M. Fournier, Mme Garin, M. Damien Girard, M. Gustave, Mme Catherine Hervieu, M. Iordanoff, Mme Laernoes, M. Lahais, M. Lucas-Lundy, M. Peytavie, Mme Regol, M. Roumégas, Mme Sandrine Rousseau, M. Ruffin, Mme Sas, Mme Sebaihi, Mme Simonnet, Mme Taillé-Polian et M. Tavernier",Séance publique,1ère lecture (1ère assemblée saisie),https://www.assemblee-nationale.fr/dyn/17/amendements/2765/AN/87,https://www.assemblee-nationale.fr/dyn/opendata/AMANR5L17PO838901BTC2765P0D1N000087.xml,Non renseigné,"Rédiger ainsi cet article : « I. – Après l’article L. 411‑1 du code de l’environnement, il est inséré article L. 411‑1‑1 ainsi rédigé : « Art. L. – 411‑1‑1. – Afin de prévenir les dommages aux élevages occasionnés par des loups, un arrêté conjoint des ministres chargés de la protection de la nature et de l’agriculture définit les conditions de protection des élevages et les conditions dans lesquelles l’espèce Canis lupus peut faire l’objet de mesures de gestion. « Ces mesures de gestion sont déterminées sur le fondement de données scientifiques de l’office français de la biodiversité et du centre national de la recherche scientifique, actualisées chaque année, qui documentent l’évolution de la population de loups et qui rappellent l’enjeu de garantir le bon état écologique de la population de loups et les conditions nécessaires à la viabilité démographique et génétique de son espèce à l’échelle nationale, à l’échelle des régions biogéographiques et à l’échelle locale.« L’arrêté prévu au premier alinéa du présent article définit des mesures de gestion adaptées à l’évolution de la population de loups et à l’évolution de la pression de la prédation sur les troupeaux d’élevage. L’arrêté fixe par ordre de priorité les mesures : « 1° De déploiement de moyens de protection des troupeaux et de réduction de leur vulnérabilité demandées aux éleveurs ;« 2° D’effarouchement ;« 3° De tirs non-létaux ;« 4° De tirs létaux relevant de la responsabilité des lieutenants de louveterie et des agents de l’office français de la biodiversité ;« 5° De tirs de défense.« Cet arrêté prévoit que ces mesures peuvent, selon les territoires et afin de garantir le maintien de l’espèce dans un état de conservation favorable dans les conditions prévues par le deuxième alinéa, être suspendues par l’autorité administrative.« Cet arrêté définit également les modalités de mise en œuvre de ces mesures, en particulier les régimes de déclaration ou d’autorisation. Il définit par ailleurs les modalités de formation et d’octroi des permis de tirs tels que prévus au précédent alinéa.« Le nombre maximal de spécimens pouvant être détruits annuellement est déterminé à l’échelle nationale et en tenant compte de l’état favorable de conservation de l’espèce dans les conditions prévues par le deuxième alinéa. »« II. – Le IV de l’article 47 de la loi n° 2025‑268 du 24 mars 2025 d’orientation pour la souveraineté alimentaire et le renouvellement des générations en agriculture est abrogé. »","Le groupe Écologiste et social défend une politique de protection du pastoralisme conjointe à une démarche de conservation du loup. La voie retenue par le Gouvernement d’assouplir uniquement les règles de gestion du loup témoigne d’une certaine démagogie, satisfaisante dans les discours mais n’ayant aucun impact sur le réel des éleveurs, et d’un renoncement à soutenir les éleveurs dans les logiques de prévention, de protection sans action létale, ou d’accompagnement psychologique face à la détresse que rencontrent les éleveurs confrontés à des attaques de leur troupeau. Le groupe Écologiste et Social propose ainsi un amendement de réécriture générale de l’article 14 sur la prédation du loup et son impact sur les élevages. En premier lieu, il procède à une précision concernant les mesures de gestion prévues par ce projet de loi en associant clairement ces mesures de gestion à la protection des élevages. Ce texte étant un texte agricole, il ne s’agit pas ici de définir des mesures générales de gestion de l’espèce, qui relèvent du Ministère de la transition écologique. Cet amendement précise ensuite que les mesures de gestion du loup sont déterminées sur le fondement de données scientifiques actualisées chaque année, et rappelle que celles-ci documentent l’évolution de la population de loups et garantissent le bon état écologique et la viabilité à la fois génétique et démographique de l’espèce. L’amendement précise par ailleurs les mesures de gestion fixées par arrêté par ordre de priorité en prévoyant en premier lieu le déploiement de moyens de protection des troupeaux qui ont montré leur efficacité, puis de manière graduelle, l’effarouchement, les tirs non-létaux, les tirs létaux relevant de la responsabilité des lieutenants de louveterie et des agents de l’Office français de la biodiversité et enfin les tirs de défense. Nous insistons sur le fait que les tirs doivent rester exceptionnels et ne devraient être autorisés qu’en cas d’utilisation effective des mesures de protection des troupeaux.En matière d’accompagnement et de recherche, il est nécessaire d’évaluer les précédents Plans Nationaux d’Action et de rendre obligatoires les analyses de vulnérabilité, confiées à des organismes indépendants. Il convient également de renforcer les moyens publics dédiés à la recherche, à l’information, à la médiation et à l’accompagnement des acteurs de terrain, tout en anticipant le retour naturel du loup sur l’ensemble du territoire."
CD224,,Retiré,Article 14,Première délibération,Descoeur Vincent,"  M. Bony, M. Ray, Mme Sylvie Bonnet, M. Cordier, M. Boucard, Mme Corneloup et M. Portier",Développement durable,1ère lecture (1ère assemblée saisie),https://www.assemblee-nationale.fr/dyn/17/amendements/2632/CION-DVP/CD224,https://www.assemblee-nationale.fr/dyn/opendata/AMANR5L17PO419865B2632P0D1N000224.xml,Retiré,"Rédiger ainsi cet article :« I. – L’article L. 331‑4‑1 du code de l’environnement est ainsi modifié :« 1° Au début du premier alinéa, sont ajouté les mots : « À condition d’être compatible avec les activités de pastoralisme et d’entretien des paysages, » ;« 2° Après le 2°, il est inséré un alinéa ainsi rédigé :« « Par dérogation à l’alinéa précédent, l’effarouchement et le prélèvement des prédateurs aux fins exclusives de la défense des troupeaux domestiques répondant aux conditions d’une dérogation prévue par au b du 4° du I de l’article L. 411‑2 du code de l’environnement ne peuvent faire l’objet d’une interdiction règlementaire. »« II. – L’article L. 332‑3 du code de l’environnement est ainsi modifié :« 1° Au début du premier alinéa, après la mention : « I. – », sont insérés les mots : « À condition d’être compatible avec les activités de pastoralisme et d’entretien des paysages, » ;« 2° Après le deuxième alinéa, il est inséré un alinéa ainsi rédigé :« « Par dérogation à l’alinéa précédent, l’effarouchement et le prélèvement des prédateurs aux fins exclusives de la défense des troupeaux domestiques répondant aux conditions d’une dérogation prévue au b du 4° du I de l’article L. 411‑2 ne peuvent faire l’objet d’une interdiction règlementaire. »« III. – À la fin du premier alinéa de l’article L. 411‑1 du code de l’environnement, le mot : « sont » est remplacé par les mots : « peuvent être ».« « IV. – Au premier alinéa du 4°du I de l’article L. 411‑2 du code de l’environnement, les mots : « , pouvant être évaluée par une tierce expertise menée, à la demande de l’autorité compétente, par un organisme extérieur choisi en accord avec elle, aux frais du pétitionnaire, » sont supprimés.« V. – Après l’article L. 411‑2‑2 du code de l’environnement, il est inséré un article L. 411‑2‑3 ainsi rédigé :« « Art. L. 411‑2‑3. – Constitue une raison impérative d’intérêt public majeur, au sens du c du 4° du I de l’article L. 411‑2, en matière de biodiversité l’élevage de plein air.« « Nonobstant les dispositions de l’article L. 411‑1, tout éleveur peut repousser ou détruire un prédateur pour prémunir son élevage d’un danger. »« VI. – Après l’article L. 411‑2‑3 du code de l’environnement, il est inséré un article L. 411‑2‑4 ainsi rédigé :« « Art. L. 411‑2‑4. – I. – Le tir létal et la capture de loups sont considérés comme des mesures de protections des élevages de plein air tant que la viabilité de l’espèce est garantie par la présence d’au moins 500 spécimens sur le territoire national.« « Ces opérations peuvent être mises en œuvre toute l’année, sans condition préalable visant à protéger ou réduire la vulnérabilité des troupeaux, par les éleveurs exploitant à titre individuel ou sous forme sociétaire, groupements pastoraux, propriétaires publics ou privés d’une exploitation agricole d’élevage mettant en valeur des surfaces pâturées, ainsi que leurs mandataires.« « Les prélèvements ou captures effectivement réalisés sont déclarés en préfecture dans les 72 heures afin de permettre la détermination du nombre de spécimens restant sur le territoire national.« II. – En-deçà du seuil minimal de 500 spécimens sur le territoire national, des tirs ou captures peuvent exceptionnellement être accordés en cas de dommages importants causés par les loups aux élevages domestiques, dans les conditions prévues par les dérogations mentionnées au 4° du I de l’article L. 411‑2. En cas de besoin, le représentant de l’État dans le département, le préfet coordinateur ou le préfet référent du plan national d’actions sur le loup peut organiser, tout au long de l’année, sur des zones qu’il détermine en concertation avec les instances représentatives des agriculteurs et relevant de son ressort territorial, des opérations de prélèvement ou de capture de plus grande ampleur. »« VII. – Après l’article L. 423‑3, il est inséré un article L. 423‑3‑1 ainsi rédigé :« « Art. L. 423‑3‑1. – Pour le besoin de la défense des troupeaux contre les attaques de loups, les éleveurs exploitant à titre individuel ou sous forme sociétaire, groupements pastoraux, propriétaires publics ou privés d’une exploitation agricole d’élevage mettant en valeur des surfaces pâturées, ainsi que leurs mandataires titulaires du permis de chasse et ayant suivi une formation participant aux opérations de tirs létaux et de captures des loups dans les conditions prévues à l’article L. 411‑2‑4 sont habilités à utiliser des appareils monoculaires ou binoculaires thermiques, y compris des appareils qui peuvent être mis en œuvre sans l’aide des mains dont les monoculaires équipés d’un adaptateur leur permettant d’être fixés sur une lunette de tir. »« VIII. – Après l’article L. 427‑2, il est inséré un article L. 427‑2‑1 ainsi rédigé :« « Art. L. 427‑2‑1. – Sur demande des éleveurs, les lieutenants de louveterie se déplacent dans les meilleurs délais, sans formalités et sans conditions préalables sur les exploitations agricoles victimes ou menacées par la prédation du loup.« « À des fins de défense des troupeaux contre les attaques de loups, les lieutenants de louveterie sont habilités à utiliser des appareils monoculaires ou binoculaires thermiques, y compris des appareils qui peuvent être mis en œuvre sans l’aide des mains dont les monoculaires équipés d’un adaptateur leur permettant d’être fixés sur une lunette de tir. » »","Cet amendement correspond aux dispositions de la proposition de loi portée par le député Jean-Luc Warsmann visant à protéger les animaux élevés par nos agriculteurs de la prédation du loup.Cet amendement propose de lever l’interdiction (ainsi que la possibilité d’interdire) de la capture et la destruction de loups dans les parcs nationaux et réserves naturelles. En matière d’effarouchement, son champ d’application est étendu à l’ours et au lynx pour lesquels les mêmes restrictions s’appliquent actuellement. Il permet de tenir compte des divers degrés de protection que peut exiger l’état respectif des différentes espèces, des contraintes et risques impliqués par la protection des espèces, qu’il s’agisse de leur impact sur les activités humaines ou sur la biodiversité. Tout en respectant l’obligation stricte de transposition de l’article 16 de la directive Habitats, il supprime les dispositions de l’article L.411-2 du code de l’environnement qui, en prévoyant des procédures non imposées dans le droit de l’Union européenne, surtransposent inutilement ladite directive.Il fait de la défense des élevages une raison impérative d'intérêt public majeur pour la préservation de la biodiversité et affirme la responsabilité de tout éleveur à protéger son troupeau et l’autorisant pour cela à procéder à la destruction ou à la capture d’un loup présentant un danger pour son troupeau.Il garantit à tout éleveur un droit permanent à procéder à la destruction ou à la capture d’un loup, dès lors que le nombre de spécimens sur le territoire national excède le seuil de viabilité fixé à 500 loups. En-deçà du seuil de viabilité, il prévoit que les tirs létaux et capture sont soumis à autorisation préfectorale en cas de dommages importants, conformément à l’article L.411-2. Il autorise les éleveurs et leurs mandataires titulaires d’un permis de chasse à utiliser des lunettes de tir à visée thermique, utilisables sans les mains grâce à un système de fixation sur l’arme, et facilite la réactivité du déploiement des lieutenants de louveterie pour venir en soutien des exploitations affectées par les attaques de loup en supprimant la subordination de leur envoi à la mise en œuvre de mesures préalables (protection ou réduction de vulnérabilité) ou à la survenance d’une attaque."
CD225,,Retiré,Article 14,Première délibération,Descoeur Vincent,"  M. Bony, M. Ray, Mme Sylvie Bonnet, M. Cordier, M. Boucard, Mme Corneloup et M. Portier",Développement durable,1ère lecture (1ère assemblée saisie),https://www.assemblee-nationale.fr/dyn/17/amendements/2632/CION-DVP/CD225,https://www.assemblee-nationale.fr/dyn/opendata/AMANR5L17PO419865B2632P0D1N000225.xml,Retiré,"Rédiger ainsi cet article :« I. – L’article L. 331‑4-1 du code de l’environnement est ainsi modifié :« 1° Au début du premier alinéa, sont ajouté les mots : « À condition d’être compatible avec les activités de pastoralisme et d’entretien des paysages, » ;« 2° Après le 2°, il est inséré un alinéa ainsi rédigé :« « Par dérogation à l’alinéa précédent, l’effarouchement et le prélèvement des prédateurs aux fins exclusives de la défense des troupeaux domestiques répondant aux conditions d’une dérogation prévue par au b du 4° du I de l’article L. 411‑2 du code de l’environnement ne peuvent faire l’objet d’une interdiction règlementaire. »« II. – L’article L. 332‑3 du code de l’environnement est ainsi modifié :« 1° Au début du premier alinéa, après la mention : « I. – », sont insérés les mots : « À condition d’être compatible avec les activités de pastoralisme et d’entretien des paysages, » ;« 2° Après le deuxième alinéa, il est inséré un alinéa ainsi rédigé :« « Par dérogation à l’alinéa précédent, l’effarouchement et le prélèvement des prédateurs aux fins exclusives de la défense des troupeaux domestiques répondant aux conditions d’une dérogation prévue au b du 4° du I de l’article L. 411‑2 ne peuvent faire l’objet d’une interdiction règlementaire. »« III. – Après l’article L. 411‑2-3 du code de l’environnement, il est inséré un article L. 411‑2-4 ainsi rédigé :« « Art. L. 411‑2-4. – I. – Le tir létal et la capture de loups sont considérés comme des mesures de protections des élevages de plein air tant que la viabilité de l’espèce est garantie par la présence d’au moins 500 spécimens sur le territoire national.« « Ces opérations peuvent être mises en œuvre toute l’année, sans condition préalable visant à protéger ou réduire la vulnérabilité des troupeaux, par les éleveurs exploitant à titre individuel ou sous forme sociétaire, groupements pastoraux, propriétaires publics ou privés d’une exploitation agricole d’élevage mettant en valeur des surfaces pâturées, ainsi que leurs mandataires.« « Les prélèvements ou captures effectivement réalisés sont déclarés en préfecture dans les 72 heures afin de permettre la détermination du nombre de spécimens restant sur le territoire national.« II. – En-deçà du seuil minimal de 500 spécimens sur le territoire national, des tirs ou captures peuvent exceptionnellement être accordés en cas de dommages importants causés par les loups aux élevages domestiques, dans les conditions prévues par les dérogations mentionnées au 4° du I de l’article L. 411‑2. En cas de besoin, le représentant de l’État dans le département, le préfet coordinateur ou le préfet référent du plan national d’actions sur le loup peut organiser, tout au long de l’année, sur des zones qu’il détermine en concertation avec les instances représentatives des agriculteurs et relevant de son ressort territorial, des opérations de prélèvement ou de capture de plus grande ampleur. »« IV. – Après l’article L. 423‑3, il est inséré un article L. 423‑3-1 ainsi rédigé :« « Art. L. 423‑3-1. – Pour le besoin de la défense des troupeaux contre les attaques de loups, les éleveurs exploitant à titre individuel ou sous forme sociétaire, groupements pastoraux, propriétaires publics ou privés d’une exploitation agricole d’élevage mettant en valeur des surfaces pâturées, ainsi que leurs mandataires titulaires du permis de chasse et ayant suivi une formation participant aux opérations de tirs létaux et de captures des loups dans les conditions prévues à l’article L. 411‑2-4 sont habilités à utiliser des appareils monoculaires ou binoculaires thermiques, y compris des appareils qui peuvent être mis en œuvre sans l’aide des mains dont les monoculaires équipés d’un adaptateur leur permettant d’être fixés sur une lunette de tir. »« V. – Après l’article L. 427‑2, il est inséré un article L. 427‑2-1 ainsi rédigé :« « Art. L. 427‑2-1. – Sur demande des éleveurs, les lieutenants de louveterie se déplacent dans les meilleurs délais, sans formalités et sans conditions préalables sur les exploitations agricoles victimes ou menacées par la prédation du loup.« « À des fins de défense des troupeaux contre les attaques de loups, les lieutenants de louveterie sont habilités à utiliser des appareils monoculaires ou binoculaires thermiques, y compris des appareils qui peuvent être mis en œuvre sans l’aide des mains dont les monoculaires équipés d’un adaptateur leur permettant d’être fixés sur une lunette de tir. » »","Cet amendement de repli correspond à des dispositions de la proposition de loi portée par le député Jean-Luc Warsmann, visant à protéger les animaux élevés par nos agriculteurs de la prédation du loup.Il propose de lever l’interdiction (ainsi que la possibilité d’interdire) de la capture et la destruction de loups dans les parcs nationaux et réserves naturelles. En matière d’effarouchement, son champ d’application est étendu à l’ours et au lynx pour lesquels les mêmes restrictions s’appliquent actuellement. Il garantit à tout éleveur un droit permanent à procéder à la destruction ou à la capture d’un loup, dès lors que le nombre de spécimens sur le territoire national excède le seuil de viabilité fixé à 500 loups. En-deçà du seuil de viabilité, il prévoit que les tirs létaux et capture sont soumis à autorisation préfectorale en cas de dommages importants, conformément à l’article L.411-2. Il autorise les éleveurs et leurs mandataires titulaires d’un permis de chasse à utiliser des lunettes de tir à visée thermique, utilisables sans les mains grâce à un système de fixation sur l’arme, et facilite la réactivité du déploiement des lieutenants de louveterie pour venir en soutien des exploitations affectées par les attaques de loup en supprimant la subordination de leur envoi à la mise en œuvre de mesures préalables (protection ou réduction de vulnérabilité) ou à la survenance d’une attaque."
363,,Non renseigné,Article 14,Première délibération,Brun Fabrice,"  Mme Blin, M. Portier et M. Le Fur",Séance publique,1ère lecture (1ère assemblée saisie),https://www.assemblee-nationale.fr/dyn/17/amendements/2765/AN/363,https://www.assemblee-nationale.fr/dyn/opendata/AMANR5L17PO838901BTC2765P0D1N000363.xml,Non renseigné,"Rédiger ainsi cet article : « Le code de l’environnement est ainsi modifié : « 1° L’article L. 331‑4‑1 est ainsi modifié :« a) Au début du premier alinéa, sont ajoutés les mots : « À condition d’être compatible avec les activités de pastoralisme et d’entretien des paysages, » ;« b) Après le 2°, il est inséré un alinéa ainsi rédigé :« Par dérogation à l’alinéa précédent, l’effarouchement et le prélèvement des prédateurs aux fins exclusives de la défense des troupeaux domestiques répondant aux conditions d’une dérogation prévue par au b du 4° du I de l’article L. 411‑2 ne peuvent faire l’objet d’une interdiction règlementaire. »« 2° L’article L. 332‑3 est ainsi modifié :« a) Au premier alinéa, après la mention :« I. – », sont insérés les mots : À condition d’être compatible avec les activités de pastoralisme et d’entretien des paysages, » ;« b) Après le deuxième alinéa, il est inséré un alinéa ainsi rédigé :« Par dérogation à l’alinéa précédent, l’effarouchement et le prélèvement des prédateurs aux fins exclusives de la défense des troupeaux domestiques répondant aux conditions d’une dérogation prévue au b du 4° du I de l’article L. 411‑2 ne peuvent faire l’objet d’une interdiction règlementaire. » ;« 3° À la fin du premier alinéa de l’article L. 411‑1, le mot : « sont » est remplacé par les mots : « peuvent être » ; « 4° Au premier alinéa du 4°du I de l’article L. 411‑2, les mots : « , pouvant être évaluée par une tierce expertise menée, à la demande de l’autorité compétente, par un organisme extérieur choisi en accord avec elle, aux frais du pétitionnaire, » sont supprimés ;« 5° Après l’article L. 411‑2‑2, sont insérés deux article L. 411‑2‑3 et L. 411‑2‑4 ainsi rédigés :« Art. L. 411‑2‑3. – Constitue une raison impérative d’intérêt public majeur, au sens du c du 4° du I de l’article L. 411‑2, en matière de biodiversité l’élevage de plein air.« Nonobstant les dispositions de l’article L. 411‑1, tout éleveur peut repousser ou détruire un prédateur pour prémunir son élevage d’un danger.« Art. L. 411‑2‑4. – I. – Le tir létal et la capture de loups sont considérés comme des mesures de protections des élevages de plein air tant que la viabilité de l’espèce est garantie par la présence d’au moins 500 spécimens sur le territoire national.« Ces opérations peuvent être mises en œuvre toute l’année, sans condition préalable visant à protéger ou réduire la vulnérabilité des troupeaux, par les éleveurs exploitant à titre individuel ou sous forme sociétaire, groupements pastoraux, propriétaires publics ou privés d’une exploitation agricole d’élevage mettant en valeur des surfaces pâturées, ainsi que leurs mandataires.« Les prélèvements ou captures effectivement réalisés sont déclarés en préfecture dans les 72 heures afin de permettre la détermination du nombre de spécimens restant sur le territoire national.« II. – En-deçà du seuil minimal de 500 spécimens sur le territoire national, des tirs ou captures peuvent exceptionnellement être accordés en cas de dommages importants causés par les loups aux élevages domestiques, dans les conditions prévues par les dérogations mentionnées au 4° du I de l’article L. 411‑2. En cas de besoin, le représentant de l’État dans le département, le préfet coordinateur ou le préfet référent du plan national d’actions sur le loup peut organiser, tout au long de l’année, sur des zones qu’il détermine en concertation avec les instances représentatives des agriculteurs et relevant de son ressort territorial, des opérations de prélèvement ou de capture de plus grande ampleur. » ;« 6° Après l’article L. 423‑3, il est inséré un article L. 423‑3‑1 ainsi rédigé :« Art. L. 423‑3‑1. – Pour le besoin de la défense des troupeaux contre les attaques de loups, les éleveurs exploitant à titre individuel ou sous forme sociétaire, groupements pastoraux, propriétaires publics ou privés d’une exploitation agricole d’élevage mettant en valeur des surfaces pâturées, ainsi que leurs mandataires titulaires du permis de chasse et ayant suivi une formation participant aux opérations de tirs létaux et de captures des loups dans les conditions prévues à l’article L. 411‑2‑4 sont habilités à utiliser des appareils monoculaires ou binoculaires thermiques, y compris des appareils qui peuvent être mis en œuvre sans l’aide des mains dont les monoculaires équipés d’un adaptateur leur permettant d’être fixés sur une lunette de tir. » ; « 7° Après l’article L. 427‑2, il est inséré un article L. 427‑2‑1 ainsi rédigé :« Art. L. 427‑2‑1. – Sur demande des éleveurs, les lieutenants de louveterie se déplacent dans les meilleurs délais, sans formalités et sans conditions préalables sur les exploitations agricoles victimes ou menacées par la prédation du loup.« À des fins de défense des troupeaux contre les attaques de loups, les lieutenants de louveterie sont habilités à utiliser des appareils monoculaires ou binoculaires thermiques, y compris des appareils qui peuvent être mis en œuvre sans l’aide des mains dont les monoculaires équipés d’un adaptateur leur permettant d’être fixés sur une lunette de tir. »","Cet amendement inspiré de la proposition de loi de Jean-Luc Warsmann, député des Ardennes, visant à protéger les animaux élevés par nos agriculteurs de la prédation du loup.Cet amendement propose de lever l’interdiction (ainsi que la possibilité d’interdire) de la capture et la destruction de loups dans les parcs nationaux et réserves naturelles. En matière d’effarouchement, son champ d’application est étendu à l’ours et au lynx pour lesquels les mêmes restrictions s’appliquent actuellement. Il permet de tenir compte des divers degrés de protection que peut exiger l’état respectif des différentes espèces, des contraintes et risques impliqués par la protection des espèces, qu’il s’agisse de leur impact sur les activités humaines ou sur la biodiversité. Tout en respectant l’obligation stricte de transposition de l’article 16 de la directive Habitats, il supprime les dispositions de l’article L. 411‑2 du code de l’environnement qui, en prévoyant des procédures non imposées dans le droit de l’Union européenne, surtransposent inutilement ladite directive.Il fait de la défense des élevages une raison impérative d’intérêt public majeur pour la préservation de la biodiversité et affirme la responsabilité de tout éleveur à protéger son troupeau et l’autorisant pour cela à procéder à la destruction ou à la capture d’un loup présentant un danger pour son troupeau.Il garantit à tout éleveur un droit permanent à procéder à la destruction ou à la capture d’un loup, dès lors que le nombre de spécimens sur le territoire national excède le seuil de viabilité fixé à 500 loups. En-deçà du seuil de viabilité, il prévoit que les tirs létaux et capture sont soumis à autorisation préfectorale en cas de dommages importants, conformément à l’article L. 411‑2. Il autorise les éleveurs et leurs mandataires titulaires d’un permis de chasse à utiliser des lunettes de tir à visée thermique, utilisables sans les mains grâce à un système de fixation sur l’arme, et facilite la réactivité du déploiement des lieutenants de louveterie pour venir en soutien des exploitations affectées par les attaques de loup en supprimant la subordination de leur envoi à la mise en œuvre de mesures préalables (protection ou réduction de vulnérabilité) ou à la survenance d’une attaque.Cet amendement a été co-construit avec la FNSEA. "
470,,Non renseigné,Article 14,Première délibération,Bazin-Malgras Valérie,"  Mme Gruet, M. Brigand, M. Cordier et M. Tryzna",Séance publique,1ère lecture (1ère assemblée saisie),https://www.assemblee-nationale.fr/dyn/17/amendements/2765/AN/470,https://www.assemblee-nationale.fr/dyn/opendata/AMANR5L17PO838901BTC2765P0D1N000470.xml,Non renseigné,"Rédiger ainsi cet article : « Le code de l’environnement est ainsi modifié : « 1° L’article L. 331‑4‑1 est ainsi modifié :« a) Au début du premier alinéa, sont ajoutés les mots : « À condition d’être compatible avec les activités de pastoralisme et d’entretien des paysages, » ;« b) Après le 2°, il est inséré un alinéa ainsi rédigé :« Par dérogation à l’alinéa précédent, l’effarouchement et le prélèvement des prédateurs aux fins exclusives de la défense des troupeaux domestiques répondant aux conditions d’une dérogation prévue par au b du 4° du I de l’article L. 411‑2 ne peuvent faire l’objet d’une interdiction règlementaire. »« 2° L’article L. 332‑3 est ainsi modifié :« a) Au premier alinéa, après la mention :« I. – », sont insérés les mots : À condition d’être compatible avec les activités de pastoralisme et d’entretien des paysages, » ;« b) Après le deuxième alinéa, il est inséré un alinéa ainsi rédigé :« Par dérogation à l’alinéa précédent, l’effarouchement et le prélèvement des prédateurs aux fins exclusives de la défense des troupeaux domestiques répondant aux conditions d’une dérogation prévue au b du 4° du I de l’article L. 411‑2 ne peuvent faire l’objet d’une interdiction règlementaire. » ;« 3° À la fin du premier alinéa de l’article L. 411‑1, le mot : « sont » est remplacé par les mots : « peuvent être » ; « 4° Au premier alinéa du 4°du I de l’article L. 411‑2, les mots : « , pouvant être évaluée par une tierce expertise menée, à la demande de l’autorité compétente, par un organisme extérieur choisi en accord avec elle, aux frais du pétitionnaire, » sont supprimés ;« 5° Après l’article L. 411‑2‑2, sont insérés deux article L. 411‑2‑3 et L. 411‑2‑4 ainsi rédigés :« Art. L. 411‑2‑3. – Constitue une raison impérative d’intérêt public majeur, au sens du c du 4° du I de l’article L. 411‑2, en matière de biodiversité l’élevage de plein air.« Nonobstant les dispositions de l’article L. 411‑1, tout éleveur peut repousser ou détruire un prédateur pour prémunir son élevage d’un danger.« Art. L. 411‑2‑4. – I. – Le tir létal et la capture de loups sont considérés comme des mesures de protections des élevages de plein air tant que la viabilité de l’espèce est garantie par la présence d’au moins 500 spécimens sur le territoire national.« Ces opérations peuvent être mises en œuvre toute l’année, sans condition préalable visant à protéger ou réduire la vulnérabilité des troupeaux, par les éleveurs exploitant à titre individuel ou sous forme sociétaire, groupements pastoraux, propriétaires publics ou privés d’une exploitation agricole d’élevage mettant en valeur des surfaces pâturées, ainsi que leurs mandataires.« Les prélèvements ou captures effectivement réalisés sont déclarés en préfecture dans les 72 heures afin de permettre la détermination du nombre de spécimens restant sur le territoire national.« II. – En-deçà du seuil minimal de 500 spécimens sur le territoire national, des tirs ou captures peuvent exceptionnellement être accordés en cas de dommages importants causés par les loups aux élevages domestiques, dans les conditions prévues par les dérogations mentionnées au 4° du I de l’article L. 411‑2. En cas de besoin, le représentant de l’État dans le département, le préfet coordinateur ou le préfet référent du plan national d’actions sur le loup peut organiser, tout au long de l’année, sur des zones qu’il détermine en concertation avec les instances représentatives des agriculteurs et relevant de son ressort territorial, des opérations de prélèvement ou de capture de plus grande ampleur. » ;« 6° Après l’article L. 423‑3, il est inséré un article L. 423‑3‑1 ainsi rédigé :« Art. L. 423‑3‑1. – Pour le besoin de la défense des troupeaux contre les attaques de loups, les éleveurs exploitant à titre individuel ou sous forme sociétaire, groupements pastoraux, propriétaires publics ou privés d’une exploitation agricole d’élevage mettant en valeur des surfaces pâturées, ainsi que leurs mandataires titulaires du permis de chasse et ayant suivi une formation participant aux opérations de tirs létaux et de captures des loups dans les conditions prévues à l’article L. 411‑2‑4 sont habilités à utiliser des appareils monoculaires ou binoculaires thermiques, y compris des appareils qui peuvent être mis en œuvre sans l’aide des mains dont les monoculaires équipés d’un adaptateur leur permettant d’être fixés sur une lunette de tir. » ; « 7° Après l’article L. 427‑2, il est inséré un article L. 427‑2‑1 ainsi rédigé :« Art. L. 427‑2‑1. – Sur demande des éleveurs, les lieutenants de louveterie se déplacent dans les meilleurs délais, sans formalités et sans conditions préalables sur les exploitations agricoles victimes ou menacées par la prédation du loup.« À des fins de défense des troupeaux contre les attaques de loups, les lieutenants de louveterie sont habilités à utiliser des appareils monoculaires ou binoculaires thermiques, y compris des appareils qui peuvent être mis en œuvre sans l’aide des mains dont les monoculaires équipés d’un adaptateur leur permettant d’être fixés sur une lunette de tir. »"," Cet amendement propose de lever l’interdiction (ainsi que la possibilité d’interdire) de la capture et la destruction de loups dans les parcs nationaux et réserves naturelles. En matière d’effarouchement, son champ d’application est étendu à l’ours et au lynx pour lesquels les mêmes restrictions s’appliquent actuellement.Il permet de tenir compte des divers degrés de protection que peut exiger l’état respectif des différentes espèces, des contraintes et risques impliqués par la protection des espèces, qu’il s’agisse de leur impact sur les activités humaines ou sur la biodiversité.Tout en respectant l’obligation stricte de transposition de l’article 16 de la directive Habitats, il supprime les dispositions de l’article L.411-2 du code de l’environnement qui, en prévoyant des procédures non imposées dans le droit de l’Union européenne, surtransposent inutilement ladite directive.Il fait de la défense des élevages une raison impérative d'intérêt public majeur pour la préservation de la biodiversité et affirme la responsabilité de tout éleveur à protéger son troupeau et l’autorisant pour cela à procéder à la destruction ou à la capture d’un loup présentant un danger pour son troupeau.Il garantit à tout éleveur un droit permanent à procéder à la destruction ou à la capture d’un loup, dès lors que le nombre de spécimens sur le territoire national excède le seuil de viabilité fixé à 500 loups.En-deçà du seuil de viabilité, il prévoit que les tirs létaux et capture sont soumis à autorisation préfectorale en cas de dommages importants, conformément à l’article L.411-2.Il autorise les éleveurs et leurs mandataires titulaires d’un permis de chasse à utiliser des lunettes de tir à visée thermique, utilisables sans les mains grâce à un système de fixation sur l’arme, et facilite la réactivité du déploiement des lieutenants de louveterie pour venir en soutien des exploitations affectées par les attaques de loup en supprimant la subordination de leur envoi à la mise en œuvre de mesures préalables (protection ou réduction de vulnérabilité) ou à la survenance d’une attaque."
71,,Non renseigné,Article 14,Première délibération,Bonnivard Émilie,"  M. Bazin, Mme Corneloup, Mme Sylvie Bonnet, M. Ray, M. Breton, M. Hetzel, Mme Minard, Mme Duby-Muller, Mme Dalloz, M. Liger et M. Bony",Séance publique,1ère lecture (1ère assemblée saisie),https://www.assemblee-nationale.fr/dyn/17/amendements/2765/AN/71,https://www.assemblee-nationale.fr/dyn/opendata/AMANR5L17PO838901BTC2765P0D1N000071.xml,Non renseigné,"Rédiger ainsi cet article : « Le code de l’environnement est ainsi modifié : « 1° L’article L. 331‑4‑1 est ainsi modifié :« a) Au début du premier alinéa, sont ajoutés les mots : « À condition d’être compatible avec les activités de pastoralisme et d’entretien des paysages, » ;« b) Après le 2°, il est inséré un alinéa ainsi rédigé :« Par dérogation à l’alinéa précédent, l’effarouchement et le prélèvement des prédateurs aux fins exclusives de la défense des troupeaux domestiques répondant aux conditions d’une dérogation prévue par au b du 4° du I de l’article L. 411‑2 ne peuvent faire l’objet d’une interdiction règlementaire. »« 2° L’article L. 332‑3 est ainsi modifié :« a) Au premier alinéa, après la mention :« I. – », sont insérés les mots : À condition d’être compatible avec les activités de pastoralisme et d’entretien des paysages, » ;« b) Après le deuxième alinéa, il est inséré un alinéa ainsi rédigé :« Par dérogation à l’alinéa précédent, l’effarouchement et le prélèvement des prédateurs aux fins exclusives de la défense des troupeaux domestiques répondant aux conditions d’une dérogation prévue au b du 4° du I de l’article L. 411‑2 ne peuvent faire l’objet d’une interdiction règlementaire. » ;« 3° À la fin du premier alinéa de l’article L. 411‑1, le mot : « sont » est remplacé par les mots : « peuvent être » ; « 4° Au premier alinéa du 4°du I de l’article L. 411‑2, les mots : « , pouvant être évaluée par une tierce expertise menée, à la demande de l’autorité compétente, par un organisme extérieur choisi en accord avec elle, aux frais du pétitionnaire, » sont supprimés ;« 5° Après l’article L. 411‑2‑2, sont insérés deux article L. 411‑2‑3 et L. 411‑2‑4 ainsi rédigés :« Art. L. 411‑2‑3. – Constitue une raison impérative d’intérêt public majeur, au sens du c du 4° du I de l’article L. 411‑2, en matière de biodiversité l’élevage de plein air.« Nonobstant les dispositions de l’article L. 411‑1, tout éleveur peut repousser ou détruire un prédateur pour prémunir son élevage d’un danger.« Art. L. 411‑2‑4. – I. – Le tir létal et la capture de loups sont considérés comme des mesures de protections des élevages de plein air tant que la viabilité de l’espèce est garantie par la présence d’au moins 500 spécimens sur le territoire national.« Ces opérations peuvent être mises en œuvre toute l’année, sans condition préalable visant à protéger ou réduire la vulnérabilité des troupeaux, par les éleveurs exploitant à titre individuel ou sous forme sociétaire, groupements pastoraux, propriétaires publics ou privés d’une exploitation agricole d’élevage mettant en valeur des surfaces pâturées, ainsi que leurs mandataires.« Les prélèvements ou captures effectivement réalisés sont déclarés en préfecture dans les 72 heures afin de permettre la détermination du nombre de spécimens restant sur le territoire national.« II. – En-deçà du seuil minimal de 500 spécimens sur le territoire national, des tirs ou captures peuvent exceptionnellement être accordés en cas de dommages importants causés par les loups aux élevages domestiques, dans les conditions prévues par les dérogations mentionnées au 4° du I de l’article L. 411‑2. En cas de besoin, le représentant de l’État dans le département, le préfet coordinateur ou le préfet référent du plan national d’actions sur le loup peut organiser, tout au long de l’année, sur des zones qu’il détermine en concertation avec les instances représentatives des agriculteurs et relevant de son ressort territorial, des opérations de prélèvement ou de capture de plus grande ampleur. » ;« 6° Après l’article L. 423‑3, il est inséré un article L. 423‑3‑1 ainsi rédigé :« Art. L. 423‑3‑1. – Pour le besoin de la défense des troupeaux contre les attaques de loups, les éleveurs exploitant à titre individuel ou sous forme sociétaire, groupements pastoraux, propriétaires publics ou privés d’une exploitation agricole d’élevage mettant en valeur des surfaces pâturées, ainsi que leurs mandataires titulaires du permis de chasse et ayant suivi une formation participant aux opérations de tirs létaux et de captures des loups dans les conditions prévues à l’article L. 411‑2‑4 sont habilités à utiliser des appareils monoculaires ou binoculaires thermiques, y compris des appareils qui peuvent être mis en œuvre sans l’aide des mains dont les monoculaires équipés d’un adaptateur leur permettant d’être fixés sur une lunette de tir. » ; « 7° Après l’article L. 427‑2, il est inséré un article L. 427‑2‑1 ainsi rédigé :« Art. L. 427‑2‑1. – Sur demande des éleveurs, les lieutenants de louveterie se déplacent dans les meilleurs délais, sans formalités et sans conditions préalables sur les exploitations agricoles victimes ou menacées par la prédation du loup.« À des fins de défense des troupeaux contre les attaques de loups, les lieutenants de louveterie sont habilités à utiliser des appareils monoculaires ou binoculaires thermiques, y compris des appareils qui peuvent être mis en œuvre sans l’aide des mains dont les monoculaires équipés d’un adaptateur leur permettant d’être fixés sur une lunette de tir. »","Inspiré de la proposition de loi de Jean-Luc Warsmann visant à protéger les animaux élevés par nos agriculteurs de la prédation du loup, cet amendement propose de lever l’interdiction de la capture et la destruction de loups dans les parcs nationaux et réserves naturelles. En matière d’effarouchement, son champ d’application est étendu à l’ours et au lynx pour lesquels les mêmes restrictions s’appliquent actuellement. Il permet de tenir compte des divers degrés de protection que peut exiger l’état respectif des différentes espèces, des contraintes et risques impliqués par la protection des espèces, qu’il s’agisse de leur impact sur les activités humaines ou sur la biodiversité. Tout en respectant l’obligation stricte de transposition de l’article 16 de la directive Habitats, il supprime les dispositions de l’article L. 411‑2 du code de l’environnement qui, en prévoyant des procédures non imposées dans le droit de l’Union européenne, surtransposent inutilement ladite directive.Il fait de la défense des élevages une raison impérative d’intérêt public majeur pour la préservation de la biodiversité et affirme la responsabilité de tout éleveur à protéger son troupeau et l’autorisant pour cela à procéder à la destruction ou à la capture d’un loup présentant un danger pour son troupeau.Il garantit à tout éleveur un droit permanent à procéder à la destruction ou à la capture d’un loup, dès lors que le nombre de spécimens sur le territoire national excède le seuil de viabilité fixé à 500 loups. En-deçà du seuil de viabilité, il prévoit que les tirs létaux et capture sont soumis à autorisation préfectorale en cas de dommages importants, conformément à l’article L. 411‑2. Il autorise les éleveurs et leurs mandataires titulaires d’un permis de chasse à utiliser des lunettes de tir à visée thermique, utilisables sans les mains grâce à un système de fixation sur l’arme, et facilite la réactivité du déploiement des lieutenants de louveterie pour venir en soutien des exploitations affectées par les attaques de loup en supprimant la subordination de leur envoi à la mise en œuvre de mesures préalables (protection ou réduction de vulnérabilité) ou à la survenance d’une attaque.Tel est l'objet du présent amendement."
CD179,,Non soutenu,Article 14,Première délibération,Brun Fabrice,"  M. Ray, M. Brigand, M. Cordier, Mme Sylvie Bonnet, M. Portier, Mme Corneloup et Mme Duby-Muller",Développement durable,1ère lecture (1ère assemblée saisie),https://www.assemblee-nationale.fr/dyn/17/amendements/2632/CION-DVP/CD179,https://www.assemblee-nationale.fr/dyn/opendata/AMANR5L17PO419865B2632P0D1N000179.xml,Non soutenu,"Rédiger ainsi cet article : « Le code de l’environnement est ainsi modifié : « 1° L’article L. 331‑4‑1 est ainsi modifié :« a) Le début du premier alinéa est ainsi rédigé : « À condition d’être compatible avec les activités de pastoralisme et d’entretien des paysages, la (le reste sans changement) » ;« b) Après le 2°, il est inséré un alinéa ainsi rédigé :« Par dérogation à l’alinéa précédent, l’effarouchement et le prélèvement des prédateurs aux fins exclusives de la défense des troupeaux domestiques répondant aux conditions d’une dérogation prévue par au b du 4° du I de l’article L. 411‑2 ne peuvent faire l’objet d’une interdiction règlementaire. »« 2° L’article L. 332‑3 est ainsi modifié :« a) Le début du premier alinéa est ainsi rédigé :« I. – À condition d’être compatible avec les activités de pastoralisme et d’entretien des paysages, l’acte (le reste sans changement) » ;« b) Après le deuxième alinéa, il est inséré un alinéa ainsi rédigé :« Par dérogation à l’alinéa précédent, l’effarouchement et le prélèvement des prédateurs aux fins exclusives de la défense des troupeaux domestiques répondant aux conditions d’une dérogation prévue au b du 4° du I de l’article L. 411‑2 ne peuvent faire l’objet d’une interdiction règlementaire. » ;« 3° À la fin du premier alinéa de l’article L. 411‑1, le mot : « sont » est remplacé par les mots : « peuvent être » ; « 4° Au premier alinéa du 4°du I de l’article L. 411‑2, les mots : « , pouvant être évaluée par une tierce expertise menée, à la demande de l’autorité compétente, par un organisme extérieur choisi en accord avec elle, aux frais du pétitionnaire, » sont supprimés ;« 5° Après l’article L. 411‑2‑2, sont insérés deux article L. 411‑2‑3 et L. 411‑2‑4 ainsi rédigés :« Art. L. 411‑2‑3. – Constitue une raison impérative d’intérêt public majeur, au sens du c du 4° du I de l’article L. 411‑2, en matière de biodiversité l’élevage de plein air.« Nonobstant les dispositions de l’article L. 411‑1, tout éleveur peut repousser ou détruire un prédateur pour prémunir son élevage d’un danger.« Art. L. 411‑2‑4. – I. – Le tir létal et la capture de loups sont considérés comme des mesures de protections des élevages de plein air tant que la viabilité de l’espèce est garantie par la présence d’au moins 500 spécimens sur le territoire national.« Ces opérations peuvent être mises en œuvre toute l’année, sans condition préalable visant à protéger ou réduire la vulnérabilité des troupeaux, par les éleveurs exploitant à titre individuel ou sous forme sociétaire, groupements pastoraux, propriétaires publics ou privés d’une exploitation agricole d’élevage mettant en valeur des surfaces pâturées, ainsi que leurs mandataires.« Les prélèvements ou captures effectivement réalisés sont déclarés en préfecture dans les 72 heures afin de permettre la détermination du nombre de spécimens restant sur le territoire national.« II. – En-deçà du seuil minimal de 500 spécimens sur le territoire national, des tirs ou captures peuvent exceptionnellement être accordés en cas de dommages importants causés par les loups aux élevages domestiques, dans les conditions prévues par les dérogations mentionnées au 4° du I de l’article L. 411‑2. En cas de besoin, le représentant de l’État dans le département, le préfet coordinateur ou le préfet référent du plan national d’actions sur le loup peut organiser, tout au long de l’année, sur des zones qu’il détermine en concertation avec les instances représentatives des agriculteurs et relevant de son ressort territorial, des opérations de prélèvement ou de capture de plus grande ampleur. » ;« 6° Après l’article L. 423‑3, il est inséré un article L. 423‑3‑1 ainsi rédigé :« Art. L. 423‑3‑1. – Pour le besoin de la défense des troupeaux contre les attaques de loups, les éleveurs exploitant à titre individuel ou sous forme sociétaire, groupements pastoraux, propriétaires publics ou privés d’une exploitation agricole d’élevage mettant en valeur des surfaces pâturées, ainsi que leurs mandataires titulaires du permis de chasse et ayant suivi une formation participant aux opérations de tirs létaux et de captures des loups dans les conditions prévues à l’article L. 411‑2‑4 sont habilités à utiliser des appareils monoculaires ou binoculaires thermiques, y compris des appareils qui peuvent être mis en œuvre sans l’aide des mains dont les monoculaires équipés d’un adaptateur leur permettant d’être fixés sur une lunette de tir. » ; « 7° Après l’article L. 427‑2, il est inséré un article L. 427‑2‑1 ainsi rédigé :« Art. L. 427‑2‑1. – Sur demande des éleveurs, les lieutenants de louveterie se déplacent dans les meilleurs délais, sans formalités et sans conditions préalables sur les exploitations agricoles victimes ou menacées par la prédation du loup.« À des fins de défense des troupeaux contre les attaques de loups, les lieutenants de louveterie sont habilités à utiliser des appareils monoculaires ou binoculaires thermiques, y compris des appareils qui peuvent être mis en œuvre sans l’aide des mains dont les monoculaires équipés d’un adaptateur leur permettant d’être fixés sur une lunette de tir. »","Cet amendement inspiré de la proposition de loi de Jean-Luc Warsmann, député des Ardennes, visant à protéger les animaux élevés par nos agriculteurs de la prédation du loup.Cet amendement propose de lever l’interdiction (ainsi que la possibilité d’interdire) de la capture et la destruction de loups dans les parcs nationaux et réserves naturelles. En matière d’effarouchement, son champ d’application est étendu à l’ours et au lynx pour lesquels les mêmes restrictions s’appliquent actuellement. Il permet de tenir compte des divers degrés de protection que peut exiger l’état respectif des différentes espèces, des contraintes et risques impliqués par la protection des espèces, qu’il s’agisse de leur impact sur les activités humaines ou sur la biodiversité. Tout en respectant l’obligation stricte de transposition de l’article 16 de la directive Habitats, il supprime les dispositions de l’article L. 411‑2 du code de l’environnement qui, en prévoyant des procédures non imposées dans le droit de l’Union européenne, surtransposent inutilement ladite directive.Il fait de la défense des élevages une raison impérative d’intérêt public majeur pour la préservation de la biodiversité et affirme la responsabilité de tout éleveur à protéger son troupeau et l’autorisant pour cela à procéder à la destruction ou à la capture d’un loup présentant un danger pour son troupeau.Il garantit à tout éleveur un droit permanent à procéder à la destruction ou à la capture d’un loup, dès lors que le nombre de spécimens sur le territoire national excède le seuil de viabilité fixé à 500 loups. En-deçà du seuil de viabilité, il prévoit que les tirs létaux et capture sont soumis à autorisation préfectorale en cas de dommages importants, conformément à l’article L. 411‑2. Il autorise les éleveurs et leurs mandataires titulaires d’un permis de chasse à utiliser des lunettes de tir à visée thermique, utilisables sans les mains grâce à un système de fixation sur l’arme, et facilite la réactivité du déploiement des lieutenants de louveterie pour venir en soutien des exploitations affectées par les attaques de loup en supprimant la subordination de leur envoi à la mise en œuvre de mesures préalables (protection ou réduction de vulnérabilité) ou à la survenance d’une attaque."
CD217,,Non soutenu,Article 14,Première délibération,Brulebois Danielle,,Développement durable,1ère lecture (1ère assemblée saisie),https://www.assemblee-nationale.fr/dyn/17/amendements/2632/CION-DVP/CD217,https://www.assemblee-nationale.fr/dyn/opendata/AMANR5L17PO419865B2632P0D1N000217.xml,Non soutenu,"Rédiger ainsi cet article : « Le code de l’environnement est ainsi modifié : « 1° L’article L. 331‑4‑1 est ainsi modifié :« a) Le début du premier alinéa est ainsi rédigé : « À condition d’être compatible avec les activités de pastoralisme et d’entretien des paysages, la (le reste sans changement) » ;« b) Après le 2°, il est inséré un alinéa ainsi rédigé :« Par dérogation à l’alinéa précédent, l’effarouchement et le prélèvement des prédateurs aux fins exclusives de la défense des troupeaux domestiques répondant aux conditions d’une dérogation prévue par au b du 4° du I de l’article L. 411‑2 ne peuvent faire l’objet d’une interdiction règlementaire. »« 2° L’article L. 332‑3 est ainsi modifié :« a) Le début du premier alinéa est ainsi rédigé :« I. – À condition d’être compatible avec les activités de pastoralisme et d’entretien des paysages, l’acte (le reste sans changement) » ;« b) Après le deuxième alinéa, il est inséré un alinéa ainsi rédigé :« Par dérogation à l’alinéa précédent, l’effarouchement et le prélèvement des prédateurs aux fins exclusives de la défense des troupeaux domestiques répondant aux conditions d’une dérogation prévue au b du 4° du I de l’article L. 411‑2 ne peuvent faire l’objet d’une interdiction règlementaire. » ;« 3° À la fin du premier alinéa de l’article L. 411‑1, le mot : « sont » est remplacé par les mots : « peuvent être » ; « 4° Au premier alinéa du 4°du I de l’article L. 411‑2, les mots : « , pouvant être évaluée par une tierce expertise menée, à la demande de l’autorité compétente, par un organisme extérieur choisi en accord avec elle, aux frais du pétitionnaire, » sont supprimés ;« 5° Après l’article L. 411‑2‑2, sont insérés deux article L. 411‑2‑3 et L. 411‑2‑4 ainsi rédigés :« Art. L. 411‑2‑3. – Constitue une raison impérative d’intérêt public majeur, au sens du c du 4° du I de l’article L. 411‑2, en matière de biodiversité l’élevage de plein air.« Nonobstant les dispositions de l’article L. 411‑1, tout éleveur peut repousser ou détruire un prédateur pour prémunir son élevage d’un danger.« Art. L. 411‑2‑4. – I. – Le tir létal et la capture de loups sont considérés comme des mesures de protections des élevages de plein air tant que la viabilité de l’espèce est garantie par la présence d’au moins 500 spécimens sur le territoire national.« Ces opérations peuvent être mises en œuvre toute l’année, sans condition préalable visant à protéger ou réduire la vulnérabilité des troupeaux, par les éleveurs exploitant à titre individuel ou sous forme sociétaire, groupements pastoraux, propriétaires publics ou privés d’une exploitation agricole d’élevage mettant en valeur des surfaces pâturées, ainsi que leurs mandataires.« Les prélèvements ou captures effectivement réalisés sont déclarés en préfecture dans les 72 heures afin de permettre la détermination du nombre de spécimens restant sur le territoire national.« II. – En-deçà du seuil minimal de 500 spécimens sur le territoire national, des tirs ou captures peuvent exceptionnellement être accordés en cas de dommages importants causés par les loups aux élevages domestiques, dans les conditions prévues par les dérogations mentionnées au 4° du I de l’article L. 411‑2. En cas de besoin, le représentant de l’État dans le département, le préfet coordinateur ou le préfet référent du plan national d’actions sur le loup peut organiser, tout au long de l’année, sur des zones qu’il détermine en concertation avec les instances représentatives des agriculteurs et relevant de son ressort territorial, des opérations de prélèvement ou de capture de plus grande ampleur. » ;« 6° Après l’article L. 423‑3, il est inséré un article L. 423‑3‑1 ainsi rédigé :« Art. L. 423‑3‑1. – Pour le besoin de la défense des troupeaux contre les attaques de loups, les éleveurs exploitant à titre individuel ou sous forme sociétaire, groupements pastoraux, propriétaires publics ou privés d’une exploitation agricole d’élevage mettant en valeur des surfaces pâturées, ainsi que leurs mandataires titulaires du permis de chasse et ayant suivi une formation participant aux opérations de tirs létaux et de captures des loups dans les conditions prévues à l’article L. 411‑2‑4 sont habilités à utiliser des appareils monoculaires ou binoculaires thermiques, y compris des appareils qui peuvent être mis en œuvre sans l’aide des mains dont les monoculaires équipés d’un adaptateur leur permettant d’être fixés sur une lunette de tir. » ; « 7° Après l’article L. 427‑2, il est inséré un article L. 427‑2‑1 ainsi rédigé :« Art. L. 427‑2‑1. – Sur demande des éleveurs, les lieutenants de louveterie se déplacent dans les meilleurs délais, sans formalités et sans conditions préalables sur les exploitations agricoles victimes ou menacées par la prédation du loup.« À des fins de défense des troupeaux contre les attaques de loups, les lieutenants de louveterie sont habilités à utiliser des appareils monoculaires ou binoculaires thermiques, y compris des appareils qui peuvent être mis en œuvre sans l’aide des mains dont les monoculaires équipés d’un adaptateur leur permettant d’être fixés sur une lunette de tir. »","Le présent amendement reprend les dispositions élaborées dans la proposition de loi portée par Monsieur Jean-Luc Warsmann, député du groupe Libertés, Indépendants, Outre-mer et Territoires, visant à protéger les animaux d’élevage contre la prédation du loup.Il propose de lever l’interdiction — ainsi que la possibilité d’interdire — la capture et la destruction des loups au sein des parcs nationaux et des réserves naturelles. En matière d’effarouchement, son champ d’application est élargi à l’ours et au lynx, actuellement soumis aux mêmes restrictions.Cette mesure permet de prendre en compte les différents niveaux de protection nécessaires selon l’état des espèces, tout en intégrant les contraintes et risques liés à leur préservation, qu’il s’agisse de leurs impacts sur les activités humaines ou sur la biodiversité.Tout en respectant strictement l’obligation de transposition de l’article 16 de la directive Habitats, l’amendement supprime les dispositions de l’article L. 411-2 du code de l’environnement, qui, en prévoyant des procédures non exigées par le droit de l’Union européenne, surtransposent inutilement cette directive.Il consacre la défense des élevages comme une raison impérative d’intérêt public majeur pour la préservation de la biodiversité et affirme la responsabilité de chaque éleveur de protéger son troupeau, en l’autorisant à procéder à la destruction ou à la capture d’un loup représentant une menace pour ses animaux.L’amendement garantit à tout éleveur un droit permanent de destruction ou de capture du loup dès que le nombre de spécimens sur le territoire national dépasse le seuil de viabilité fixé à 500 individus. En deçà de ce seuil, les tirs létaux et les captures restent soumis à autorisation préfectorale en cas de dommages importants, conformément à l’article L. 411-2.Il autorise également les éleveurs et leurs mandataires titulaires d’un permis de chasse à utiliser des lunettes de tir à visée thermique, fixables sur l’arme pour une utilisation sans les mains, et simplifie le déploiement des lieutenants de louveterie en supprimant la condition préalable de mise en œuvre de mesures de protection ou de réduction de vulnérabilité, ou l’obligation d’attendre une attaque pour intervenir. Cette disposition vise à renforcer la réactivité du soutien apporté aux exploitations victimes de prédation.Cet amendement a été travaillé avec la FNSEA."
CD218,,Non soutenu,Article 14,Première délibération,Brulebois Danielle,,Développement durable,1ère lecture (1ère assemblée saisie),https://www.assemblee-nationale.fr/dyn/17/amendements/2632/CION-DVP/CD218,https://www.assemblee-nationale.fr/dyn/opendata/AMANR5L17PO419865B2632P0D1N000218.xml,Non soutenu,"Rédiger ainsi cet article : « Le code de l’environnement est ainsi modifié : « 1° L’article L. 331‑4‑1 est ainsi modifié :« a) Le début du premier alinéa est ainsi rédigé : « À condition d’être compatible avec les activités de pastoralisme et d’entretien des paysages, la (le reste sans changement) » ;« b) Après le 2°, il est inséré un alinéa ainsi rédigé :« Par dérogation à l’alinéa précédent, l’effarouchement et le prélèvement des prédateurs aux fins exclusives de la défense des troupeaux domestiques répondant aux conditions d’une dérogation prévue par au b du 4° du I de l’article L. 411‑2 ne peuvent faire l’objet d’une interdiction règlementaire. »« 2° L’article L. 332‑3 est ainsi modifié :« a) Le début du premier alinéa est ainsi rédigé :« I. – À condition d’être compatible avec les activités de pastoralisme et d’entretien des paysages, l’acte (le reste sans changement) » ;« b) Après le deuxième alinéa, il est inséré un alinéa ainsi rédigé :« Par dérogation à l’alinéa précédent, l’effarouchement et le prélèvement des prédateurs aux fins exclusives de la défense des troupeaux domestiques répondant aux conditions d’une dérogation prévue au b du 4° du I de l’article L. 411‑2 ne peuvent faire l’objet d’une interdiction règlementaire. » ;« 3° Après l’article L. 411‑2‑2, il est inséré un article L. 411‑2‑3 ainsi rédigé :« Art. L. 411‑2‑3. – Le tir létal et la capture de loups sont considérés comme des mesures de protections des élevages de plein air tant que la viabilité de l’espèce est garantie par la présence d’au moins 500 spécimens sur le territoire national.« Ces opérations peuvent être mises en œuvre toute l’année, sans condition préalable visant à protéger ou réduire la vulnérabilité des troupeaux, par les éleveurs exploitant à titre individuel ou sous forme sociétaire, groupements pastoraux, propriétaires publics ou privés d’une exploitation agricole d’élevage mettant en valeur des surfaces pâturées, ainsi que leurs mandataires.« Les prélèvements ou captures effectivement réalisés sont déclarés en préfecture dans les 72 heures afin de permettre la détermination du nombre de spécimens restant sur le territoire national.« II. – En-deçà du seuil minimal de 500 spécimens sur le territoire national, des tirs ou captures peuvent exceptionnellement être accordés en cas de dommages importants causés par les loups aux élevages domestiques, dans les conditions prévues par les dérogations mentionnées au 4° du I de l’article L. 411‑2. En cas de besoin, le représentant de l’État dans le département, le préfet coordinateur ou le préfet référent du plan national d’actions sur le loup peut organiser, tout au long de l’année, sur des zones qu’il détermine en concertation avec les instances représentatives des agriculteurs et relevant de son ressort territorial, des opérations de prélèvement ou de capture de plus grande ampleur. » ;« 4° Après l’article L. 423‑3, il est inséré un article L. 423‑3‑1 ainsi rédigé :« Art. L. 423‑3‑1. – Pour le besoin de la défense des troupeaux contre les attaques de loups, les éleveurs exploitant à titre individuel ou sous forme sociétaire, groupements pastoraux, propriétaires publics ou privés d’une exploitation agricole d’élevage mettant en valeur des surfaces pâturées, ainsi que leurs mandataires titulaires du permis de chasse et ayant suivi une formation participant aux opérations de tirs létaux et de captures des loups dans les conditions prévues à l’article L. 411‑2‑4 sont habilités à utiliser des appareils monoculaires ou binoculaires thermiques, y compris des appareils qui peuvent être mis en œuvre sans l’aide des mains dont les monoculaires équipés d’un adaptateur leur permettant d’être fixés sur une lunette de tir. » ; « 5° Après l’article L. 427‑2, il est inséré un article L. 427‑2‑1 ainsi rédigé :« Art. L. 427‑2‑1. – Sur demande des éleveurs, les lieutenants de louveterie se déplacent dans les meilleurs délais, sans formalités et sans conditions préalables sur les exploitations agricoles victimes ou menacées par la prédation du loup.« À des fins de défense des troupeaux contre les attaques de loups, les lieutenants de louveterie sont habilités à utiliser des appareils monoculaires ou binoculaires thermiques, y compris des appareils qui peuvent être mis en œuvre sans l’aide des mains dont les monoculaires équipés d’un adaptateur leur permettant d’être fixés sur une lunette de tir. »","Le présent amendement s’inspire des dispositions portées dans la proposition de loi initiée par Monsieur Jean-Luc Warsmann, député du groupe Libertés, Indépendants, Outre-mer et Territoires, dont l’objectif est de protéger les animaux d’élevage contre la prédation du loup.Il propose de lever l’interdiction — ainsi que la possibilité d’interdire — la capture et la destruction des loups dans les parcs nationaux et les réserves naturelles. Par ailleurs, son champ d’application en matière d’effarouchement est étendu à l’ours et au lynx, actuellement soumis aux mêmes restrictions.L’amendement accorde à tout éleveur un droit permanent de procéder à la destruction ou à la capture d’un loup dès que le nombre de spécimens sur le territoire national dépasse le seuil de viabilité fixé à 500 individus. En deçà de ce seuil, les tirs létaux et les captures restent soumis à autorisation préfectorale en cas de dommages importants, conformément à l’article L. 411-2 du code de l’environnement.Enfin, il autorise les éleveurs et leurs mandataires titulaires d’un permis de chasse à utiliser des lunettes de tir à visée thermique, fixables sur l’arme pour une utilisation sans les mains. Il simplifie également le déploiement des lieutenants de louveterie en supprimant l’obligation de mettre en œuvre des mesures préalables de protection ou de réduction de vulnérabilité, ou d’attendre une attaque pour intervenir, afin d’améliorer la réactivité du soutien aux exploitations touchées par la prédation.Cet amendement a été travaillé avec la FNSEA."
CD354,,Rejeté,Article 14,Première délibération,Voynet Dominique,"  Mme Pochon, Mme Belluco, M. Nicolas Bonnet, M. Thierry, Mme Ozenne, M. Biteau, M. Raux, M. Amirshahi, Mme Arrighi, Mme Autain, Mme Balage El Mariky, M. Ben Cheikh, M. Arnaud Bonnet, Mme Chatelain, M. Corbière, M. Davi, M. Duplessy, M. Fournier, Mme Garin, M. Damien Girard, M. Gustave, Mme Catherine Hervieu, M. Iordanoff, Mme Laernoes, M. Lahais, M. Lucas-Lundy, M. Peytavie, Mme Regol, M. Roumégas, Mme Sandrine Rousseau, M. Ruffin, Mme Sas, Mme Sebaihi, Mme Simonnet, Mme Taillé-Polian et M. Tavernier",Développement durable,1ère lecture (1ère assemblée saisie),https://www.assemblee-nationale.fr/dyn/17/amendements/2632/CION-DVP/CD354,https://www.assemblee-nationale.fr/dyn/opendata/AMANR5L17PO419865B2632P0D1N000354.xml,Rejeté,"Rédiger ainsi la dernière phrase de l’alinéa 4 est ainsi rédigée :« S’agissant des bovins et des équins, les mesures de gestion des troupeaux sont subordonnées à la démonstration d’une efficacité insuffisante des démarches de réduction de la vulnérabilité des troupeaux demandées aux éleveur. »","L'ensemble des données scientifiques, notamment récoltées dans les territoires historiquement les plus concernés par la prédation du loup, appuient la corrélation entre le déploiement des mesures de protection non-létales et la baisse de la prédation. Ces mesures de protection non-létales doivent systématiquement être privilégiées dans la lutte contre la prédation.Cet amendement vise à ce que les meures de gestion mentionnées à cet article ne soient déployées uniquement lorsqu'il est démontré que les démarches de réduction de la vulnérabilité des troupeaux équins et bovins sont insuffisantes."
752,,Non renseigné,Article 14,Première délibération,Roseren Xavier,,Séance publique,1ère lecture (1ère assemblée saisie),https://www.assemblee-nationale.fr/dyn/17/amendements/2765/AN/752,https://www.assemblee-nationale.fr/dyn/opendata/AMANR5L17PO838901BTC2765P0D1N000752.xml,Non renseigné,"Rédiger ainsi l’alinéa 6 : « En cas de dommages et dès que la prédation du loup est suspectée par l’éleveur, un constat est réalisé sur place par un agent habilité. L’arrêté détermine les conditions dans lesquelles le constat peut être réalisé par l’éleveur et transmis aux services de l’État par voie électronique. Les informations collectées sont soumises à l’instruction des services habilités pour déterminer la responsabilité du loup. »","Cet amendement vise à préciser les modalités de réalisation du constat de dommages causés par la prédation lupine. Aujourd’hui, le constat est réalisé par les agents habilités sur place, sur demande de l’éleveur. Les données collectées par les agents sont transmises aux services de l’État pour instruction. L’indemnisation financière du dommage est accordée dès lors que la responsabilité du loup n’a pas été écartée. Par dérogation, le décret n° 2019‑722 du 9 juillet 2019 prévoit que le préfet peut, sous réserve de l’accord du préfet coordonnateur du plan national sur le loup, autoriser les éleveurs à réaliser eux-mêmes les constats et à les transmettre à la préfecture. Cette modalité n’est possible que pour les constats portant sur moins de cinq victimes ovines ou caprines. Il est proposé d’étendre la possibilité pour les éleveur de réaliser eux-mêmes les constats. L’OFB a développé une application en ligne, leur permettant d’envoyer les photos et de décrire les dommages. Ce constat ne se substitue en aucun cas à l’instruction des services de l’État. Chaque constat ainsi transmis par voie électronique est soumis à l’expertise des services de la direction départementale des territoires. Seul le résultat de l’expertise peut ouvrir à indemnisation, dès lors que la responsabilité du loup n’a pas été écartée. "
2032,,Non renseigné,Article 14,Première délibération,Gouvernement,,Séance publique,1ère lecture (1ère assemblée saisie),https://www.assemblee-nationale.fr/dyn/17/amendements/2765/AN/2032,https://www.assemblee-nationale.fr/dyn/opendata/AMANR5L17PO838901BTC2765P0D1N002032.xml,Non renseigné,Rédiger ainsi l’alinéa 9 :« Le nombre maximal de spécimens pouvant être détruits annuellement est déterminé à l’échelle nationale et en tenant compte de l’état favorable de conservation de l’espèce. »,"Cet amendement précise que la fixation du nombre de loups pouvant être détruits annuellement est faite à l’échelle nationale.Il conserve donc le système actuel de plafond de prélèvement, qui définit avec plus de robustesse et moins de risque contentieux le nombre de loups à prélever, sans remettre en cause la recherche du bon état de conservation de l’espèce et de la protection des troupeaux. Ce plafond n’est d’ailleurs pas figé et a été récemment ajusté, passant de 19 % à 21 %. Cela montre que le dispositif est déjà adaptable en fonction de l’évolution de la population lupine et en permet donc une gestion équilibrée."
CE1039,,Adopté,Article 14,Première délibération,Roseren Xavier rapporteur pour avis au nom de la commission du développement durable et de l'aménagement du territoire,"  Mme Bonnivard, M. Ray et M. Rolland",Affaires économiques,1ère lecture (1ère assemblée saisie),https://www.assemblee-nationale.fr/dyn/17/amendements/2632/CION-ECO/CE1039,https://www.assemblee-nationale.fr/dyn/opendata/AMANR5L17PO419610B2632P0D1N001039.xml,Adopté,"Rédiger l’alinéa 5 : « Un arrêté du ministre chargé de l’agriculture fixe, chaque année, le nombre de spécimens pouvant être prélevés à l’échelle nationale. Ce nombre de prélèvements peut être fixé en tenant compte du nombre minimal de spécimens compatible avec un état favorable de conservation. Dans ce cas, il correspond à la différence entre la population lupine observée et ce nombre minimal de spécimens. »","Le présent amendement propose de renverser la logique de gestion du loup en France. Actuellement, l’autorité administrative fixe chaque année un pourcentage de la population lupine pouvant être prélevée, dans l’objectif d’assurer la défense des élevages. L’arrêté du 23 février 2026 prévoit ainsi que 21 % de la population (estimée à 1 082 loups) peuvent être prélevés cette année (227 loups).Or l’application d’un pourcentage identique plusieurs années de suite, sur une population qui augmente chaque année, conduit mécaniquement à augmenter le nombre de loups présents sur le territoire (c’est-à-dire une population lupine qui dépasse le seuil permettant de maintenir le loup en bon état de conservation). Par conséquent, cet amendement ouvre au ministre de l’agriculture la possibilité de déterminer le pourcentage de loups pouvant être prélevés en se fondant sur la différence entre le nombre de loups présents en France, et le nombre minimal de loups à préserver pour que l’espèce reste en bon état de conservation."
CD178,,Adopté,Article 14,Première délibération,Bonnivard Émilie,  M. Ray et M. Rolland,Développement durable,1ère lecture (1ère assemblée saisie),https://www.assemblee-nationale.fr/dyn/17/amendements/2632/CION-DVP/CD178,https://www.assemblee-nationale.fr/dyn/opendata/AMANR5L17PO419865B2632P0D1N000178.xml,Adopté,"Rédiger l’alinéa 5 : « Un arrêté du ministre chargé de l’agriculture fixe, chaque année, le nombre de spécimens pouvant être prélevés à l’échelle nationale. Ce nombre de prélèvements peut être fixé en tenant compte du nombre minimal de spécimens compatible avec un état favorable de conservation. Dans ce cas, il correspond à la différence entre la population lupine observée et ce nombre minimal de spécimens. »","Le présent amendement propose de renverser la logique de gestion du loup en France. Actuellement, l’autorité administrative fixe chaque année un pourcentage de la population lupine pouvant être prélevée, dans l’objectif d’assurer la défense des élevages. L’arrêté du 23 février 2026 prévoit ainsi que 21 % de la population (estimée à 1 082 loups) peuvent être prélevés cette année (227 loups).Or l’application d’un pourcentage identique plusieurs années de suite, sur une population qui augmente chaque année, conduit mécaniquement à augmenter le nombre de loups présents sur le territoire (c’est-à-dire une population lupine qui dépasse le seuil permettant de maintenir le loup en bon état de conservation). Par conséquent, cet amendement ouvre au ministre de l’agriculture la possibilité de déterminer le pourcentage de loups pouvant être prélevés en se fondant sur la différence entre le nombre de loups présents en France, et le nombre minimal de loups à préserver pour que l’espèce reste en bon état de conservation."
CD221,,Non soutenu,Article 14,Première délibération,Brulebois Danielle,,Développement durable,1ère lecture (1ère assemblée saisie),https://www.assemblee-nationale.fr/dyn/17/amendements/2632/CION-DVP/CD221,https://www.assemblee-nationale.fr/dyn/opendata/AMANR5L17PO419865B2632P0D1N000221.xml,Non soutenu,"Substituer à l’alinéa 15 les 7 alinéas suivants : « IV. – Le IV de l’article 47 de la loi n° 2025‑268 du 24 mars 2025 d’orientation pour la souveraineté alimentaire et le renouvellement des générations en agriculture est ainsi modifié :« 1° Le premier alinéa est ainsi rédigé :« Compte tenu de l’absence de moyens de prévention efficaces disponibles pour protéger les élevages de bovins et d’équins, les tirs sont autorisés sans autre condition dans les territoires colonisés par le loup. » ;« 2° Le second alinéa est supprimé.« V. – Après l’article L. 411‑2‑4 du code de l’environnement, il est inséré un article L. 411‑2‑5 ainsi rédigé :« Compte tenu de l’absence de moyens de prévention efficaces disponibles pour protéger les élevages de bovins et d’équins, les tirs sont autorisés sans autre condition dans les territoires colonisés par le loup. » »","Plutôt que d’abroger la disposition de la loi n° 2025‑268 du 24 mars 2025 relative à l’orientation pour la souveraineté alimentaire et le renouvellement des générations en agriculture pour la réécrire dans la future loi d’urgence, le présent amendement propose de modifier directement l’article concerné de la loi du 24 mars 2025, sans l’abroger, et d’en assurer la codification.Sur le fond, il reconnaît le caractère non protégeable des troupeaux de bovins et d’équidés en supprimant l’obligation préalable de mise en œuvre de mesures de réduction de vulnérabilité pour autoriser les tirs visant les loups.Cet amendement a été travaillé avec la FNSEAA"
CD227,,Retiré,Article 14,Première délibération,Descoeur Vincent,"  M. Bony, M. Ray, Mme Sylvie Bonnet, M. Cordier, M. Boucard, Mme Corneloup et M. Portier",Développement durable,1ère lecture (1ère assemblée saisie),https://www.assemblee-nationale.fr/dyn/17/amendements/2632/CION-DVP/CD227,https://www.assemblee-nationale.fr/dyn/opendata/AMANR5L17PO419865B2632P0D1N000227.xml,Retiré,"Substituer à l’alinéa 15 les 7 alinéas suivants : « IV. – Le IV de l’article 47 de la loi n° 2025‑268 du 24 mars 2025 d’orientation pour la souveraineté alimentaire et le renouvellement des générations en agriculture est ainsi modifié :« 1° Le premier alinéa est ainsi rédigé :« Compte tenu de l’absence de moyens de prévention efficaces disponibles pour protéger les élevages de bovins et d’équins, les tirs sont autorisés sans autre condition dans les territoires colonisés par le loup. » ;« 2° Le second alinéa est supprimé.« V. – Après l’article L. 411‑2‑4 du code de l’environnement, il est inséré un article L. 411‑2‑5 ainsi rédigé :« Compte tenu de l’absence de moyens de prévention efficaces disponibles pour protéger les élevages de bovins et d’équins, les tirs sont autorisés sans autre condition dans les territoires colonisés par le loup. » »","Sur la forme, au lieu d’abroger la disposition de la loi n° 2025-268 du 24 mars 2025 d’orientation pour la souveraineté alimentaire et le renouvellement des générations en agriculture pour la réécrire différemment dans la future loi d’urgence, cet amendement propose de modifier l’article concerné de la loi du 24 mars 2025 sans l’abroger, et de le codifier par la même occasion.Sur le fond, cet amendement prend acte du caractère effectivement non protégeable des troupeaux de bovins et d’équidés, en supprimant l’obligation de mettre en œuvre des mesures de réduction de vulnérabilité pour mettre en œuvre des tirs visant des loups."
CD274,,Rejeté,Article 14,Première délibération,Pochon Marie,"  Mme Voynet, M. Biteau, M. Nicolas Bonnet, Mme Ozenne, M. Raux, M. Thierry, M. Amirshahi, Mme Arrighi, Mme Autain, Mme Balage El Mariky, Mme Belluco, M. Ben Cheikh, M. Arnaud Bonnet, Mme Chatelain, M. Corbière, M. Davi, M. Duplessy, M. Fournier, Mme Garin, M. Damien Girard, M. Gustave, Mme Catherine Hervieu, M. Iordanoff, Mme Laernoes, M. Lahais, M. Lucas-Lundy, M. Peytavie, Mme Regol, M. Roumégas, Mme Sandrine Rousseau, M. Ruffin, Mme Sas, Mme Sebaihi, Mme Simonnet, Mme Taillé-Polian et M. Tavernier",Développement durable,1ère lecture (1ère assemblée saisie),https://www.assemblee-nationale.fr/dyn/17/amendements/2632/CION-DVP/CD274,https://www.assemblee-nationale.fr/dyn/opendata/AMANR5L17PO419865B2632P0D1N000274.xml,Rejeté,"Substituer à l’alinéa 4 les sept alinéas suivants :« L’arrêté définit des mesures de gestion adaptées à l’évolution de la population de loups et à l’évolution de la pression de la prédation sur les troupeaux d’élevage. L’arrêté fixe par ordre de priorité les mesures : « 1° De déploiement de moyens de protection des troupeaux et de réduction de leur vulnérabilité demandées aux éleveurs ;« 2° D’effarouchement ;« 3° De tirs non-létaux ;« 4° De tirs létaux relevant de la responsabilité des lieutenants de louveterie et des agents de l’Office français de la biodiversité ;« 5° De tirs de défense.« Cet arrêté prévoit que ces mesures peuvent, selon les territoires et afin de garantir le maintien de l’espèce dans un état de conservation favorable prenant en compte la viabilité démographique et génétique, être suspendues par l’autorité administrative. »","Cet amendement du groupe Écologiste et Social propose une réécriture de l’alinéa 4 du présent projet de loi. Cet amendement précise les mesures de gestion fixées par arrêté par ordre de priorité en prévoyant en premier lieu le déploiement de moyens de protection des troupeaux (clôtures, chien de protection, etc.) qui ont montré leur efficacité, puis de manière graduelle, l’effarouchement, les tirs non-létaux, les tirs létaux relevant de la responsabilité des lieutenants de louveterie et des agents de l’Office français de la biodiversité et enfin les tirs de défense.Les scientifiques et experts du sujet s’accordent dessus : les tirs de défense doivent être couplés à des moyens de protection non létaux pour être efficaces, il est donc nécessaire de d’abord mettre en place des mesures de protection avant de recourir aux tirs qui doivent être une solution de dernier recours. "
CD557,,Retiré,Article 14,Première délibération,Roseren Xavier rapporteur,,Développement durable,1ère lecture (1ère assemblée saisie),https://www.assemblee-nationale.fr/dyn/17/amendements/2632/CION-DVP/CD557,https://www.assemblee-nationale.fr/dyn/opendata/AMANR5L17PO419865B2632P0D1N000557.xml,Retiré,"Substituer à l’alinéa 5 les deux alinéas suivants : « L’arrêté définit le seuil de viabilité démographique du loup, permettant d’assurer son maintien dans un état de conservation favorable, sur le fondement de données scientifiques établies annuellement. L’arrêté détermine les conditions dans lesquelles la capture et la destruction de loups peuvent être réalisées aux seules fins de défense des troupeaux en assurant le respect du seuil de viabilité démographique de l’espèce. Les destructions ou captures effectivement réalisés sont déclarés auprès du représentant de l’État dans le département dans un délai déterminé par voie réglementaire afin d’établir une estimation du nombre de spécimens présents sur le territoire national. « L’arrêté détermine les conditions dans lesquelles l’autorité administrative encadre les mesures de capture et de tir afin de garantir le seuil de viabilité démographique. L’arrêté précise en particulier les modalités dans lesquelles l’autorité administrative peut restreindre ou suspendre les mesures de capture ou de tirs lorsque l’estimation du nombre de loups ne permet plus de garantir l’atteinte du seuil de viabilité démographique à la fin de l’année civile. »","Cet amendement vise à remplacer le nombre maximal de loups pouvant être détruits annuellement par la notion de seuil de viabilité démographique. Dans ces conditions, tout animal abattu devra être déclaré au préfet afin d’actualiser la population lupine et de s’assurer que l’effectif respecte le seuil de viabilité démographique. L’article prévoit que ce seuil est déterminé annuellement selon les données scientifiques disponibles. Pour prévenir la situation où le seuil ne serait pas atteint, le présent amendement prévoit que l’administration peut restreindre les captures et les tirs dès lors que le nombre de loups et le nombre des mesures de gestion ne permettent pas de s’assurer que le seuil sera atteint à la fin de l’année civile. En cas de doute sérieux sur la probabilité de respecter le seuil de viabilité démographique, l’amendement prévoit que l’administration peut suspendre toute mesure de capture ou de tir pour protéger l’espèce."
80,,Non renseigné,Article 14,Première délibération,Pochon Marie,"  Mme Voynet, M. Biteau, M. Nicolas Bonnet, Mme Ozenne, M. Raux, M. Thierry, M. Amirshahi, Mme Arrighi, Mme Autain, Mme Balage El Mariky, Mme Belluco, M. Ben Cheikh, M. Arnaud Bonnet, Mme Chatelain, M. Corbière, M. Davi, M. Duplessy, M. Fournier, Mme Garin, M. Damien Girard, M. Gustave, Mme Catherine Hervieu, M. Iordanoff, Mme Laernoes, M. Lahais, M. Lucas-Lundy, M. Peytavie, Mme Regol, M. Roumégas, Mme Sandrine Rousseau, M. Ruffin, Mme Sas, Mme Sebaihi, Mme Simonnet, Mme Taillé-Polian et M. Tavernier",Séance publique,1ère lecture (1ère assemblée saisie),https://www.assemblee-nationale.fr/dyn/17/amendements/2765/AN/80,https://www.assemblee-nationale.fr/dyn/opendata/AMANR5L17PO838901BTC2765P0D1N000080.xml,Non renseigné,"Substituer à l’alinéa 5 les sept alinéas suivants :« L’arrêté définit des mesures de gestion adaptées à l’évolution de la population de loups et à l’évolution de la pression de la prédation sur les troupeaux d’élevage. L’arrêté fixe par ordre de priorité les mesures : « 1° De déploiement de moyens de protection des troupeaux et de réduction de leur vulnérabilité demandées aux éleveurs ;« 2° D’effarouchement ;« 3° De tirs non-létaux ;« 4° De tirs létaux relevant de la responsabilité des lieutenants de louveterie et des agents de l’Office français de la biodiversité ;« 5° De tirs de défense.« Cet arrêté prévoit que ces mesures peuvent, selon les territoires et afin de garantir le maintien de l’espèce dans un état de conservation favorable prenant en compte la viabilité démographique et génétique, être suspendues par l’autorité administrative. »","Cet amendement du groupe Écologiste et Social propose une réécriture de l’alinéa 5 du présent projet de loi. Cet amendement précise les mesures de gestion fixées par arrêté par ordre de priorité en prévoyant en premier lieu le déploiement de moyens de protection des troupeaux (clôtures, chien de protection, etc.) qui ont montré leur efficacité, puis de manière graduelle, l’effarouchement, les tirs non-létaux, les tirs létaux relevant de la responsabilité des lieutenants de louveterie et des agents de l’Office français de la biodiversité et enfin les tirs de défense.Les scientifiques et experts du sujet s’accordent dessus : les tirs de défense doivent être couplés à des moyens de protection non létaux pour être efficaces, il est donc nécessaire de d’abord mettre en place des mesures de protection avant de recourir aux tirs qui doivent être une solution de dernier recours. "
766 (Rect),,Non renseigné,Article 14,Première délibération,Roseren Xavier,,Séance publique,1ère lecture (1ère assemblée saisie),https://www.assemblee-nationale.fr/dyn/17/amendements/2765/AN/766,https://www.assemblee-nationale.fr/dyn/opendata/AMANR5L17PO838901BTC2765P0D1N000766.xml,Non renseigné,"Substituer aux alinéas 21 à 23 l’alinéa suivant :« « Art. L. 427‑1‑1. – Le représentant de l’État dans le département peut définir, dans un arrêté applicable pourune durée maximale de trois ans et soumis à participation du public en application de l’article L. 123‑19‑1, les conditions, zones et modalités d’intervention des lieutenants de louveterie. Les dispositions des articles L. 123‑19‑1 et L. 123‑19‑2 ne s’appliquent pas aux décisions administratives adoptées en application de cet arrêté qui visent à prévenir des dommages graves aux activités agricoles, forestières ou à la sécurité publique. Les opérations réalisées dans ce cadre font l’objet d’une publication simplifiée par voie électronique. » »","Cet amendement vise à améliorer le cadre juridique des interventions des lieutenants de louveterie afin de distinguer les règles générales des autorisations individuelles d’intervention.Il prévoit que le préfet puisse adopter un « arrêté-cadre » valable pour une durée maximale de trois ans. Cet arrêté définirait les zones concernées, les conditions d’intervention, les horaires et les armes utilisables par les lieutenants de louveterie. Parce qu’il fixe des règles générales, cet arrêté serait soumis à la consultation du public prévue par l'article L. 123-19-1 du code de l'environnement.En revanche, les décisions individuelles prises pour autoriser concrètement une intervention de louveterie ne seraient plus soumises à cette procédure de participation du public. L’objectif est de simplifier et d’accélérer les interventions nécessaires pour prévenir des dommages graves aux activités agricoles, forestières ou à la sécurité publique, tout en respectant un principe de proportionnalité entre règles générales et décisions ponctuelles.L’amendement précise également que les interventions réalisées dans ce cadre feront l’objet d’une publication simplifiée par voie électronique afin de garantir une information du public.Enfin, l’ajout de la référence à la sécurité publique permet de couvrir les situations d’urgence impliquant des animaux dangereux ou errants, par exemple à proximité d’une voie ferrée ou dans un lieu fréquenté par le public."
CD255,,Rejeté,Article 14,Première délibération,Pochon Marie,"  Mme Voynet, M. Biteau, Mme Belluco, M. Nicolas Bonnet, Mme Ozenne, M. Raux, M. Thierry, M. Amirshahi, Mme Arrighi, Mme Autain, Mme Balage El Mariky, M. Ben Cheikh, M. Arnaud Bonnet, Mme Chatelain, M. Corbière, M. Davi, M. Duplessy, M. Fournier, Mme Garin, M. Damien Girard, M. Gustave, Mme Catherine Hervieu, M. Iordanoff, Mme Laernoes, M. Lahais, M. Lucas-Lundy, M. Peytavie, Mme Regol, M. Roumégas, Mme Sandrine Rousseau, M. Ruffin, Mme Sas, Mme Sebaihi, Mme Simonnet, Mme Taillé-Polian et M. Tavernier",Développement durable,1ère lecture (1ère assemblée saisie),https://www.assemblee-nationale.fr/dyn/17/amendements/2632/CION-DVP/CD255,https://www.assemblee-nationale.fr/dyn/opendata/AMANR5L17PO419865B2632P0D1N000255.xml,Rejeté,Supprimer cet article.,"Le présent amendement vise à supprimer l’article 14 du projet de loi d’urgence agricole. Premièrement, cet article n’est pas justifié. En effet, les dispositions législatives et réglementaires existantes permettent déjà la mise en œuvre de mesures de gestion des populations de loups en France, par arrêtés ministériels. Le Conseil d’État relève ainsi que « les dispositions proposées, qui ne relèvent pas du niveau de la loi, ne sont pas nécessaires pour lui permettre d’atteindre l’objectif poursuivi par le projet de loi » et propose de ne pas retenir les dispositions de cet article, qu’il estime « ni nécessaires, ni opportunes ». Nous connaissons que trop bien des éleveurs et éleveuses qui se sentent légitimement désarmés et abandonnés face au loup et la prédation. Toutefois, ces dernières années, et à travers ce projet de loi, le Gouvernement répond à une situation complexe par des mesures simplistes, court termistes et surtout non éprouvées. Cela ne pourra jamais constituer une réponse politique satisfaisante, pour à la fois protéger notre élevage, notamment pastoral, et pour assurer un état de conservation favorable du loup.L’article 14 révèle une approche uniquement comptable de l’espèce, alors même que l’étude d’impact sur le projet de loi précise que les tirs de défense des troupeaux sont loin d’être la mesure la plus efficace face à la prédation du loup. Cela relève également au passage d’une politique de gestion de l’espèce, propre au Ministère de la Transition Écologique ; en cela que le prélèvement d’un pourcentage déterminé de loups n’impacte en rien le nombre d’attaques qui touchent les cheptels d’élevage. Nous estimons en l’occurrence que cet article n’a pas sa place dans une loi agricole, visant à défendre et protéger les élevages puisque ces dispositions sont déconnectées. Ces dispositions sont par ailleurs inquiétantes, tant elles ne prennent pas en compte les connaissances scientifiques les plus récentes. En effet, selon les chiffres de l’État (DREAL), il y a une stabilité depuis plusieurs années dans les départements de présence historique de l’espèce. Les dommages augmentent dans les nouveaux départements prédatés où la majorité des troupeaux n’est pas protégée. Ces données démontrent l’efficacité de la protection et démentent concrètement l’affirmation de la ministre que « la protection n’est pas une solution ». Entre 2017 et 2025, alors que la population du loup a été multipliée par trois, pour atteindre plus de 1000 individus, le nombre de victimes animales a stagné – autour de 12 000 par an. Là où la présence de l’espèce est historique, cette diminution s’explique « par le déploiement massif de mesures de protection encouragées et financées par l’État », selon l’étude d’impact du projet de loi.Sans utilisation de mesures de protection (clôtures, chiens de protection, gardiennage etc.), les tirs ne sauraient donc avoir un impact réellement positif. Un constat également présent dans l’étude d’impact, qui révèle que les tirs de défense des troupeaux sont loin d’être la mesure la plus efficace face au loup : « au delà de la déstructuration sociale des meutes provoquée par les tirs qui peut conduire les individus suivants du groupe à multiplier les attaques, on observe souvent le remplacement des individus prélevés par des loups dispersants venus de territoires voisins. Le tir létal est une mesure « de dernier recours » ». Par ailleurs, plusieurs études ont montré qu’il n’y avait pas de corrélation entre le nombre de loups et les attaques. La simplification des protocoles de tir, si elle n’est pas adossée à des recommandations scientifiques et à minima ajustée aux contextes locaux risque ainsi d’être une solution de maladaptation, qui ne bénéficiera ni à la biodiversité, ni aux éleveurs. Le groupe Écologiste et Social se positionne donc également contre les dispositions de cet article concernant la gestion nationale sur l’état de conservation du loup, convaincus qu’une gestion efficace de la population lupine doit impérativement être une gestion territoriale.Enfin, la construction d’une cohabitation apaisée avec le loup nécessite une bien meilleure connaissance scientifique de l’espèce et donc des moyens et un cap pour la recherche, sujet majeur qui ne figure pas dans ce texte. "
CD501,,Rejeté,Article 14,Première délibération,Meunier Manon,"  Mme Abomangoli, M. Alexandre, M. Amard, Mme Amiot, Mme Amrani, M. Arenas, M. Arnault, Mme Belouassa-Cherifi, Mme Bentorki, M. Bernalicis, M. Bex, M. Bilongo, M. Bompard, M. Boumertit, M. Boyard, M. Cadalen, M. Caron, M. Carrière, Mme Cathala, M. Cernon, Mme Chikirou, M. Clouet, M. Coquerel, M. Coulomme, M. Delogu, M. Diouara, Mme Dufour, Mme Erodi, Mme Feld, M. Fernandes, Mme Ferrer, M. Gaillard, Mme Guetté, Mme Hamdane, Mme Hignet, M. Kerbrat, M. Lachaud, M. Lahmar, M. Laisney, M. Le Coq, M. Le Gall, Mme Leboucher, M. Legavre, Mme Legrain, Mme Lejeune, Mme Lepvraud, M. Léaument, Mme Élisa Martin, M. Maudet, Mme Maximi, Mme Mesmeur, M. Nilor, Mme Nosbé, Mme Obono, Mme Oziol, Mme Panot, M. Pilato, M. Piquemal, M. Portes, M. Prud'homme, M. Ratenon, M. Saint-Martin, M. Saintoul, Mme Soudais, Mme Stambach-Terrenoir, M. Aurélien Taché, Mme Taurinya, M. Tavel, Mme Trouvé et M. Vannier",Développement durable,1ère lecture (1ère assemblée saisie),https://www.assemblee-nationale.fr/dyn/17/amendements/2632/CION-DVP/CD501,https://www.assemblee-nationale.fr/dyn/opendata/AMANR5L17PO419865B2632P0D1N000501.xml,Rejeté,Supprimer cet article.,"L’article 14 proposé par le gouvernement qui dit vouloir « simplifier les procédures pour les éleveurs et défendre leurs troupeaux contre la prédation » n’est rien d’autre qu’un vulgaire coup de communication.En effet, à la suite de la rétrogradation du statut de protection du loup au niveau européen le gouvernement a déjà pris deux arrêtés le 23 février 2026. Le premier, définissant le statut de protection du loup et fixant les conditions et limites de sa destruction, le second fixant le nombre maximum de spécimens dont la destruction pourra être autorisée chaque année.Ces deux arrêtés permettent déjà de relever le plafond de prélèvement à l’échelle nationale, le passage de l’autorisation à la déclaration de tir pour les troupeaux ovins et caprins (situés en cercle 0, 1 et 2) ainsi que la possibilité de tirs sans mesures de protection ou dommages préalables pour les troupeaux ovins et caprins ainsi que l’intervention de lieutenants de louveterie et d’agents de l’OBF en cas de dommage exceptionnels.Cet article 14 est donc inutile, c’est d’ailleurs l’avis même du Conseil d’Etat qui précise « que les dispositions proposées, qui ne relèvent pas du niveau de la loi, ne sont pas nécessaires pour lui permettre d’atteindre l’objectif poursuivi par le projet de loi ».Les député.e.s du groupe LFI-NFP propose donc comme le Conseil d’Etat « de ne pas retenir les dispositions, spécifiques au loup, prévues par le projet de loi, qui ne sont ni nécessaires, ni opportunes ».Les député.e.s du groupe LFI-NFP souhaite faire remarquer, que grâce au travail remarquable des agents de l’OFB nous savons que si la population de loups en France a fortement augmenté ces dernières décennies, on constate que les effectifs sont relativement stables sur les quatre dernières années autour d’un millier d’individus.En ce qui concerne les attaques sur les élevages, on dénombre depuis 2017 entre 10 000 et 12 000 victimes chaque année. Un chiffre stable donc, or la population de loups estimée était d’environ 357 pour 11 050 victimes (soit un ratio de 31 victimes/loup) en 2017, cette population était portée à 1082 pour environ 12 800 victimes (soit un ratio d’environ 12 victimes/loup) en 2025. Ce qui est la preuve d’après l’étude d’impact « que le déploiement des mesures de protection a permis de contenir le nombre de victimes malgré l’accroissement de la population lupine. (…) La diminution de la prédation s’explique par le déploiement massif des mesures de protection encouragées et financées par l’Etat (recours aux chiens de protection des troupeaux, renforcement de la présence humaine pour effectuer du gardiennage, parcage nocturne des animaux…). »On constate tout particulièrement une diminution importante du nombre de victimes dans les départements historiques d’implantation du loup, 13% de victimes en moins entre 2023 et 2024 dans ces départements (04,05,06,36,38,73,74,83). Ce qui démontre bien l’efficacité des mesures de protection. A l’inverse l’augmentation du nombre de victimes est le résultat de l’installation du loup dans de nouveaux territoires, où son arrivée n’a pas été suffisamment anticipée et où les mesures de protection doivent être mises en place et adaptées aux spécificités locales.Faire croire aux éleveurs et aux éleveuses qu’en augmentant le nombre de loups prélevés au niveau national on va faire diminuer le nombre d’attaques sur les troupeaux est d’un cynisme rare.En effet, l’étude d’impact souligne que le fait d’abattre un loup après une attaque peut s’avérer contre-productif « le prélèvement de loups ne constitue pas l’unique réponse face à la prédation dans la mesure où les études montrent un retour (voire dans certains cas une amplification) des dommages à court ou moyen terme après le prélèvement d’un individu. En effet, au-delà de la déstructuration sociale des meutes provoquée par les tirs qui peut conduire les individus survivants du groupe à multiplier les attaques ».Ce qui permet de diminuer les attaques sur les troupeaux c’est la mise en œuvre de mesures de protection encouragées et financées par l’Etat (recours aux chiens de protection des troupeaux, renforcement de la présence humaine pour effectuer du gardiennage, parcage nocturne des animaux…).Enfin, l’article 14 vise à assurer le maintien dans un état de conservation favorable de l’espèce, or il convient de faire remarquer l’OFB constate une baisse de la survie annuelle des populations de loups, de 72% pendant la période 2014-2018 à 66% pour la période 2019 -2025 qui suggère une tendance à la stabilisation de l’espèce. Aussi, un accroissement trop important du plafond de prélèvement pourrait conduire à une diminution de la population lupine en France.Or, il s’agirait là d’une mauvaise nouvelle non seulement pour la protection de l’espèce mais aussi pour les éleveurs car le loup exerce un rôle de régulation des populations d’ongulés sauvages et surtout un rôle sanitaire au sein des populations animales en ciblant préférentiellement des individus affaiblis, blessés ou malades, ce qui peut contribuer à limiter la diffusion de certaines maladies. À cet égard, les grands prédateurs peuvent participer à la régulation d’animaux potentiellement porteurs d’agents pathogènes, dans un contexte où certaines épizooties, telles que la peste porcine africaine, représentent un enjeu sanitaire important pour les élevages et les filières agricoles.Pour toutes ces raisons le groupe LFI-NFP propose la suppression de cet article 14."
262,,Non renseigné,Article 14,Première délibération,Meunier Manon,"  Mme Abomangoli, M. Alexandre, M. Amard, Mme Amiot, Mme Amrani, M. Arenas, M. Arnault, Mme Belouassa-Cherifi, Mme Bentorki, M. Bernalicis, M. Bex, M. Bilongo, M. Bompard, M. Boumertit, M. Boyard, M. Cadalen, M. Caron, M. Carrière, Mme Cathala, M. Cernon, Mme Chikirou, M. Clouet, M. Coquerel, M. Coulomme, M. Delogu, M. Diouara, Mme Dufour, Mme Erodi, Mme Feld, M. Fernandes, Mme Ferrer, M. Gaillard, Mme Guetté, Mme Hamdane, Mme Hignet, M. Kerbrat, M. Lachaud, M. Lahmar, M. Laisney, M. Le Coq, M. Le Gall, Mme Leboucher, M. Legavre, Mme Legrain, Mme Lejeune, Mme Lepvraud, M. Léaument, Mme Élisa Martin, M. Maudet, Mme Maximi, Mme Mesmeur, M. Nilor, Mme Nosbé, Mme Obono, Mme Oziol, Mme Panot, M. Pilato, M. Piquemal, M. Portes, M. Prud'homme, M. Ratenon, M. Saint-Martin, M. Saintoul, Mme Soudais, Mme Stambach-Terrenoir, M. Aurélien Taché, Mme Taurinya, M. Tavel, Mme Trouvé et M. Vannier",Séance publique,1ère lecture (1ère assemblée saisie),https://www.assemblee-nationale.fr/dyn/17/amendements/2765/AN/262,https://www.assemblee-nationale.fr/dyn/opendata/AMANR5L17PO838901BTC2765P0D1N000262.xml,Non renseigné,Supprimer cet article.,"L’article 14 proposé par le gouvernement qui dit vouloir « simplifier les procédures pour les éleveurs et défendre leurs troupeaux contre la prédation » n’est rien d’autre qu’un vulgaire coup de communication.En effet, à la suite de la rétrogradation du statut de protection du loup au niveau européen le gouvernement a déjà pris deux arrêtés le 23 février 2026. Le premier, définissant le statut de protection du loup et fixant les conditions et limites de sa destruction, le second fixant le nombre maximum de spécimens dont la destruction pourra être autorisée chaque année.Ces deux arrêtés permettent déjà de relever le plafond de prélèvement à l’échelle nationale, le passage de l’autorisation à la déclaration de tir pour les troupeaux ovins et caprins (situés en cercle 0, 1 et 2) ainsi que la possibilité de tirs sans mesures de protection ou dommages préalables pour les troupeaux ovins et caprins ainsi que l’intervention de lieutenants de louveterie et d’agents de l’OFB en cas de dommage exceptionnels.Cet article 14 est donc inutile, c’est d’ailleurs l’avis même du Conseil d’Etat qui précise « que les dispositions proposées, qui ne relèvent pas du niveau de la loi, ne sont pas nécessaires pour lui permettre d’atteindre l’objectif poursuivi par le projet de loi ».Les député.e.s du groupe LFI proposent donc comme le Conseil d’Etat « de ne pas retenir les dispositions, spécifiques au loup, prévues par le projet de loi, qui ne sont ni nécessaires, ni opportunes ».Les député.e.s du groupe LFI souhaitent faire remarquer, que grâce au travail remarquable des agents de l’OFB nous savons que si la population de loups en France a fortement augmenté ces dernières décennies, on constate que les effectifs sont relativement stables sur les quatre dernières années autour d’un millier d’individus.En ce qui concerne les attaques sur les élevages, on dénombre depuis 2017 entre 10 000 et 12 000 victimes chaque année. Un chiffre stable donc, or la population de loups estimée était d’environ 357 pour 11 050 victimes (soit un ratio de 31 victimes/loup) en 2017, cette population était portée à 1082 pour environ 12 800 victimes (soit un ratio d’environ 12 victimes/loup) en 2025. Ce qui est la preuve d’après l’étude d’impact « que le déploiement des mesures de protection a permis de contenir le nombre de victimes malgré l’accroissement de la population lupine. (…) La diminution de la prédation s’explique par le déploiement massif des mesures de protection encouragées et financées par l’Etat (recours aux chiens de protection des troupeaux, renforcement de la présence humaine pour effectuer du gardiennage, parcage nocturne des animaux…). »On constate tout particulièrement une diminution importante du nombre de victimes dans les départements historiques d’implantation du loup, 13% de victimes en moins entre 2023 et 2024 dans ces départements (04,05,06,36,38,73,74,83). Ce qui démontre bien l’efficacité des mesures de protection. A l’inverse l’augmentation du nombre de victimes est le résultat de l’installation du loup dans de nouveaux territoires, où son arrivée n’a pas été suffisamment anticipée et où les mesures de protection doivent être mises en place et adaptées aux spécificités locales.Faire croire aux éleveurs et aux éleveuses qu’en augmentant le nombre de loups prélevés au niveau national on va faire diminuer le nombre d’attaques sur les troupeaux est d’un cynisme rare.En effet, l’étude d’impact souligne que le fait d’abattre un loup après une attaque peut s’avérer contre-productif « le prélèvement de loups ne constitue pas l’unique réponse face à la prédation dans la mesure où les études montrent un retour (voire dans certains cas une amplification) des dommages à court ou moyen terme après le prélèvement d’un individu. En effet, au-delà de la déstructuration sociale des meutes provoquée par les tirs qui peut conduire les individus survivants du groupe à multiplier les attaques ».Ce qui permet de diminuer les attaques sur les troupeaux c’est la mise en œuvre de mesures de protection encouragées et financées par l’Etat (recours aux chiens de protection des troupeaux, renforcement de la présence humaine pour effectuer du gardiennage, parcage nocturne des animaux…).Enfin, l’article 14 vise à assurer le maintien dans un état de conservation favorable de l’espèce, or il convient de faire remarquer l’OFB constate une baisse de la survie annuelle des populations de loups, de 72% pendant la période 2014-2018 à 66% pour la période 2019 -2025 qui suggère une tendance à la stabilisation de l’espèce. Aussi, un accroissement trop important du plafond de prélèvement pourrait conduire à une diminution de la population lupine en France.Or, il s’agirait là d’une mauvaise nouvelle non seulement pour la protection de l’espèce mais aussi pour les éleveurs car le loup exerce un rôle de régulation des populations d’ongulés sauvages et surtout un rôle sanitaire au sein des populations animales en ciblant préférentiellement des individus affaiblis, blessés ou malades, ce qui peut contribuer à limiter la diffusion de certaines maladies. À cet égard, les grands prédateurs peuvent participer à la régulation d’animaux potentiellement porteurs d’agents pathogènes, dans un contexte où certaines épizooties, telles que la peste porcine africaine, représentent un enjeu sanitaire important pour les élevages et les filières agricoles.Pour toutes ces raisons le groupe LFI propose la suppression de cet article 14."
75,,Non renseigné,Article 14,Première délibération,Pochon Marie,"  Mme Voynet, M. Biteau, Mme Belluco, M. Nicolas Bonnet, Mme Ozenne, M. Raux, M. Thierry, M. Amirshahi, Mme Arrighi, Mme Autain, Mme Balage El Mariky, Mme Batho, M. Ben Cheikh, M. Arnaud Bonnet, Mme Chatelain, M. Corbière, M. Davi, M. Duplessy, M. Fournier, Mme Garin, M. Damien Girard, M. Gustave, Mme Catherine Hervieu, M. Iordanoff, Mme Laernoes, M. Lahais, M. Lucas-Lundy, M. Peytavie, Mme Regol, M. Roumégas, Mme Sandrine Rousseau, M. Ruffin, Mme Sas, Mme Sebaihi, Mme Simonnet, Mme Taillé-Polian et M. Tavernier",Séance publique,1ère lecture (1ère assemblée saisie),https://www.assemblee-nationale.fr/dyn/17/amendements/2765/AN/75,https://www.assemblee-nationale.fr/dyn/opendata/AMANR5L17PO838901BTC2765P0D1N000075.xml,Non renseigné,Supprimer cet article.,"Le présent amendement vise à supprimer l’article 14 du projet de loi d’urgence agricole. Premièrement, cet article n’est pas justifié. En effet, les dispositions législatives et réglementaires existantes permettent déjà la mise en œuvre de mesures de gestion des populations de loups en France, par arrêtés ministériels. Le Conseil d’État relève ainsi que « les dispositions proposées, qui ne relèvent pas du niveau de la loi, ne sont pas nécessaires pour lui permettre d’atteindre l’objectif poursuivi par le projet de loi » et propose de ne pas retenir les dispositions de cet article, qu’il estime « ni nécessaires, ni opportunes ». Nous connaissons que trop bien des éleveurs et éleveuses qui se sentent légitimement désarmés et abandonnés face au loup et la prédation. Toutefois, ces dernières années, et à travers ce projet de loi, le Gouvernement répond à une situation complexe par des mesures simplistes, court termistes et surtout non éprouvées. Cela ne pourra jamais constituer une réponse politique satisfaisante, pour à la fois protéger notre élevage, notamment pastoral, et pour assurer un état de conservation favorable du loup.L’article 14 révèle une approche uniquement comptable de l’espèce, alors même que l’étude d’impact sur le projet de loi précise que les tirs de défense des troupeaux sont loin d’être la mesure la plus efficace face à la prédation du loup. Cela relève également au passage d’une politique de gestion de l’espèce, propre au Ministère de la Transition Écologique ; en cela que le prélèvement d’un pourcentage déterminé de loups n’impacte en rien le nombre d’attaques qui touchent les cheptels d’élevage. Nous estimons en l’occurrence que cet article n’a pas sa place dans une loi agricole, visant à défendre et protéger les élevages puisque ces dispositions sont déconnectées. Ces dispositions sont par ailleurs inquiétantes, tant elles ne prennent pas en compte les connaissances scientifiques les plus récentes. En effet, selon les chiffres de l’État (DREAL), il y a une stabilité depuis plusieurs années dans les départements de présence historique de l’espèce. Les dommages augmentent dans les nouveaux départements prédatés où la majorité des troupeaux n’est pas protégée. Ces données démontrent l’efficacité de la protection et démentent concrètement l’affirmation de la ministre que « la protection n’est pas une solution ». Entre 2017 et 2025, alors que la population du loup a été multipliée par trois, pour atteindre plus de 1000 individus, le nombre de victimes animales a stagné – autour de 12 000 par an. Là où la présence de l’espèce est historique, cette diminution s’explique « par le déploiement massif de mesures de protection encouragées et financées par l’État », selon l’étude d’impact du projet de loi.Sans utilisation de mesures de protection (clôtures, chiens de protection, gardiennage etc.), les tirs ne sauraient donc avoir un impact réellement positif. Un constat également présent dans l’étude d’impact, qui révèle que les tirs de défense des troupeaux sont loin d’être la mesure la plus efficace face au loup : « au delà de la déstructuration sociale des meutes provoquée par les tirs qui peut conduire les individus suivants du groupe à multiplier les attaques, on observe souvent le remplacement des individus prélevés par des loups dispersants venus de territoires voisins. Le tir létal est une mesure « de dernier recours » ». Par ailleurs, plusieurs études ont montré qu’il n’y avait pas de corrélation entre le nombre de loups et les attaques. La simplification des protocoles de tir, si elle n’est pas adossée à des recommandations scientifiques et à minima ajustée aux contextes locaux risque ainsi d’être une solution de maladaptation, qui ne bénéficiera ni à la biodiversité, ni aux éleveurs. Le groupe Écologiste et Social se positionne donc également contre les dispositions de cet article concernant la gestion nationale sur l’état de conservation du loup, convaincus qu’une gestion efficace de la population lupine doit impérativement être une gestion territoriale.Enfin, la construction d’une cohabitation apaisée avec le loup nécessite une bien meilleure connaissance scientifique de l’espèce et donc des moyens et un cap pour la recherche, sujet majeur qui ne figure pas dans ce texte. "
266,,Non renseigné,Article 14,Première délibération,Meunier Manon,"  Mme Abomangoli, M. Alexandre, M. Amard, Mme Amiot, Mme Amrani, M. Arenas, M. Arnault, Mme Belouassa-Cherifi, Mme Bentorki, M. Bernalicis, M. Bex, M. Bilongo, M. Bompard, M. Boumertit, M. Boyard, M. Cadalen, M. Caron, M. Carrière, Mme Cathala, M. Cernon, Mme Chikirou, M. Clouet, M. Coquerel, M. Coulomme, M. Delogu, M. Diouara, Mme Dufour, Mme Erodi, Mme Feld, M. Fernandes, Mme Ferrer, M. Gaillard, Mme Guetté, Mme Hamdane, Mme Hignet, M. Kerbrat, M. Lachaud, M. Lahmar, M. Laisney, M. Le Coq, M. Le Gall, Mme Leboucher, M. Legavre, Mme Legrain, Mme Lejeune, Mme Lepvraud, M. Léaument, Mme Élisa Martin, M. Maudet, Mme Maximi, Mme Mesmeur, M. Nilor, Mme Nosbé, Mme Obono, Mme Oziol, Mme Panot, M. Pilato, M. Piquemal, M. Portes, M. Prud'homme, M. Ratenon, M. Saint-Martin, M. Saintoul, Mme Soudais, Mme Stambach-Terrenoir, M. Aurélien Taché, Mme Taurinya, M. Tavel, Mme Trouvé et M. Vannier",Séance publique,1ère lecture (1ère assemblée saisie),https://www.assemblee-nationale.fr/dyn/17/amendements/2765/AN/266,https://www.assemblee-nationale.fr/dyn/opendata/AMANR5L17PO838901BTC2765P0D1N000266.xml,Non renseigné,Supprimer la dernière phrase de l’alinéa 5.,"L’article 14 proposé par le gouvernement, non content d’être superfétatoire est encore problématique puisqu’il réaffirme le principe de « non protégeabilité » de certaines espèces, en l’occurrence bovines et équines. Il prévoit en outre d’imposer des démarches de réduction de la vulnérabilité des troupeaux aux éleveurs.Pourtant, le rapport n°014851 publié en juillet 2023 par l’Inspection générale de l’environnement et du développement durable intitulé « Parangonnage sur la politique publique du loup » est très clair sur la question.« Concernant la ‘’non protégeabilité’’ de certaines espèces (bovins ou équins), la mission estime qu’il n’y a pas de fondement technique à cette notion. En France, la prédation sur les bovins est en augmentation. Il est probable qu’elle augmentera à l’avenir en raison de l’extension du loup dans des zones d’élevage bovin, d’une moindre « disponibilité » en ovins pour le loup sur ces zones et peut-être en raison d’un apprentissage du loup à chasser ces animaux. »Le rapport recommandait même aux ministres chargés de l’argriculture et de l’écologie « d’abandonner la disposition relative à la non protégeabilité des bovins dans le prochain plan loup ».Et les faits donnent raison aux auteurs de ce rapport puisque, d’après la « Note sur la prédation lupine sur les bovins en 2024 » les dommages du loup sur les bovins augmentent régulièrement depuis 13 ans, le % de victimes bovins est ainsi passé de 1% environ en 2017 à plus de 5% en 2024.Au regard de l’expansion géographique de la population de loups, tout porte à croire que les attaques sur les bovins vont s’accentuer notamment au regard de la densité des bovins sur les nouveaux départements de colonisation.Les bovins et équins ne sont aujourd’hui pas éligibles aux mesures de protection, car ils ont été catégorisés non-protégeables par l’État. Il s’agit d’un calcul cynique fait par l’Etat au détriment des éleveurs, puisque l’indemnisation coûte actuellement moins cher à l’État que la protection des troupeaux.La protection des bovins n’est pas une impasse technique, elle résulte d’un arbitrage économique de la part du gouvernement. Dans d’autres pays, l’usage de chiens de protection des troupeaux a démontré son efficacité pour protéger les bovins, des expérimentations localisées ont aussi démontré que la « non protégeabilité » des bovins et équins ne repose sur aucun fondement.Les député.e.s du groupe LFI-NFP demande donc la suppression de la mention de « non protégeabilité » des bovins et équins et demande au gouvernement de permettre aux éleveurs bovins volontaires de bénéficier de la prise en charge de la protection de leurs troupeaux."
2142,,Non renseigné,Article 14,Première délibération,Roseren Xavier,,Séance publique,1ère lecture (1ère assemblée saisie),https://www.assemblee-nationale.fr/dyn/17/amendements/2765/AN/2142,https://www.assemblee-nationale.fr/dyn/opendata/AMANR5L17PO838901BTC2765P0D1N002142.xml,Non renseigné,Supprimer la dernière phrase de l’alinéa 9.,"Cet amendement vise à maintenir le principe d’un plafond annuel de loups pouvant être abattus, tout en préservant une plus grande souplesse dans sa détermination par voie réglementaire.La rédaction issue de la commission prévoit que ce plafond soit fixé selon un calcul strict, correspondant à la différence entre la population estimée de loups et le seuil minimal garantissant un état de conservation favorable de l’espèce. Or, ce mécanisme repose sur des données par nature évolutives et incertaines : le nombre exact de loups présents sur le territoire national n’est pas connu avec précision et ne peut faire l’objet que d’estimations.Par ailleurs, l’état de conservation favorable de l’espèce dépend de multiples facteurs, notamment la dynamique de reproduction, la mortalité naturelle ou encore les mouvements migratoires des populations.Dans ce contexte, il apparaît préférable de conserver l’objectif d’un plafond annuel afin d’assurer un cadre protecteur et équilibré, tout en laissant au pouvoir réglementaire la capacité d’adapter sa définition en fonction de l’évolution des données scientifiques et des réalités de terrain."
83,,Non renseigné,Article 14,Première délibération,Pochon Marie,"  Mme Voynet, M. Biteau, Mme Belluco, M. Nicolas Bonnet, Mme Ozenne, M. Raux, M. Thierry, M. Amirshahi, Mme Arrighi, Mme Autain, Mme Balage El Mariky, M. Ben Cheikh, M. Arnaud Bonnet, Mme Chatelain, M. Corbière, M. Davi, M. Duplessy, M. Fournier, Mme Garin, M. Damien Girard, M. Gustave, Mme Catherine Hervieu, M. Iordanoff, Mme Laernoes, M. Lahais, M. Lucas-Lundy, M. Peytavie, Mme Regol, M. Roumégas, Mme Sandrine Rousseau, M. Ruffin, Mme Sas, Mme Sebaihi, Mme Simonnet, Mme Taillé-Polian et M. Tavernier",Séance publique,1ère lecture (1ère assemblée saisie),https://www.assemblee-nationale.fr/dyn/17/amendements/2765/AN/83,https://www.assemblee-nationale.fr/dyn/opendata/AMANR5L17PO838901BTC2765P0D1N000083.xml,Non renseigné,Supprimer l'alinéa 11.,"Cet amendement du groupe Écologiste et Social propose de supprimer les dispositions de ce texte indiquant que l’évaluation de l’incidence des mesures de gestion sur l’état de conservation du loup s’apprécie au niveau national. En effet, une étude publiée dans la revue Naturae en 2023 souligne que “les effets des tirs pouvaient être multiples et dépendaient des contextes dans lesquels ils étaient réalisés”. Les résultats de la thèse d'Oksana Grente invitent à adopter une gestion contextualisée des attaques par les tirs, c’est-à-dire ajustée aux situations locales, en complément des mesures de protection, elles aussi ajustées aux contextes locaux. Cette gestion nationale et uniforme ne permet pas de prendre en compte les spécificités et réalités locales. Pourtant, la densité de loups et la pression sur les troupeaux diffèrent d’une région à une autre, d’un massif à un autre. Il est donc nécessaire de régionaliser cette gestion, pour redonner une marge de manœuvre aux territoires et leur permettre de mettre en place des solutions adéquates. "
1679,,Non renseigné,Article 14,Première délibération,Pochon Marie,"  Mme Voynet, M. Biteau, Mme Belluco, M. Nicolas Bonnet, Mme Ozenne, M. Peytavie, M. Raux, M. Tavernier, M. Thierry, M. Amirshahi, Mme Arrighi, Mme Autain, Mme Balage El Mariky, M. Ben Cheikh, M. Arnaud Bonnet, Mme Chatelain, M. Corbière, M. Davi, M. Duplessy, M. Fournier, Mme Garin, M. Damien Girard, M. Gustave, Mme Catherine Hervieu, M. Iordanoff, Mme Laernoes, M. Lahais, M. Lucas-Lundy, Mme Regol, M. Roumégas, Mme Sandrine Rousseau, M. Ruffin, Mme Sas, Mme Sebaihi, Mme Simonnet et Mme Taillé-Polian",Séance publique,1ère lecture (1ère assemblée saisie),https://www.assemblee-nationale.fr/dyn/17/amendements/2765/AN/1679,https://www.assemblee-nationale.fr/dyn/opendata/AMANR5L17PO838901BTC2765P0D1N001679.xml,Non renseigné,Supprimer l’alinéa 33. ,"Cet amendement du groupe Écologiste et Social vise à supprimer la disposition autorisant les tirs d’effarouchement et de défense dans les réserves naturelles nationales et les parcs nationaux (à l’exception des cœurs de parcs nationaux). Or, les réserves naturelles, tout comme les cœurs de parcs nationaux, comme des zones de protection forte, c’est-à-dire des espaces où la priorité est donnée à la conservation de la faune, de la flore et des processus écologiques. Tirer des loups dans ces espaces est une atteinte directe au principe fondateur des réserves naturelles nationales à protection forte et revient à perturber les équilibres écologiques que l’on prétend protéger et ainsi dénaturer leur raison d’être.Une telle mesure porte atteinte à la cohérence et à l’effectivité du droit de protection des espaces naturels. Les espaces mentionnés aux articles L. 331-1, L. 332-1 et L. 341-1 du code de l’environnement (parcs nationaux, réserves naturelles et sites classés) bénéficient d’un niveau de protection spécifique, précisément destiné à limiter strictement les activités susceptibles de porter atteinte aux milieux et aux espèces qu’ils abritent. Autoriser des tirs létaux au sein de ces espaces reviendrait à vider de sa substance la notion de protection forte, et à créer un précédent dangereux pour d’autres dérogations, à la banalisation des interventions létales dans les aires protégées, à affaiblir la stratégie nationale des aires protégées, à remettre en question les engagements de la France à l'échelle également européenne et internationale.En interdisant par principe toute possibilité de restreindre les tirs d’effarouchement et de défense dans ces espaces, la disposition proposée prive les autorités compétentes de toute marge d’appréciation locale et remet en cause les outils de gestion différenciée pourtant essentiels à leur préservation. Il en résulte un affaiblissement du régime de protection existant, contraire à l’objectif même de conservation de la biodiversité.Cette mesure serait également contre-productive pour les éleveurs eux-mêmes. En effet, celle-ci porte un risque d’affaiblissement des politiques de prévention, aujourd’hui fortement financées (jusqu’à 100 % pour certaines mesures), la remise en cause de dispositifs d’accompagnement (berger d’appui, connaissance ingénierie territoriale…), le recentrage vers une logique de tirs, moins efficace à long terme. Les données de terrain disponibles au sein du réseau de Réserves naturelles de France montrent que, contrairement à certaines perceptions, les attaques de loups et les dommages associés restent globalement limités dans les réserves naturelles nationales, au regard des territoires pastoraux comparables hors aires protégées. À l’échelle nationale, les réserves naturelles ne représentent qu’une part marginale des dommages indemnisés liés au loup, alors même qu’elles couvrent des zones de présence avérée de l’espèce. Ce constat souligne l’efficacité des stratégies de prévention mises en œuvre dans ces espaces. Enfin, nous rappelons que l’expérience et les connaissances scientifiques montrent qu’un recours facilité aux tirs létaux, mêmes s’ils apparaissent comme une solution rapide pour limiter la prédation, n’est pas la solution pas plus efficace face à la prédation du loup et peut même produire des effets contre-productifs pour les éleveurs eux-mêmes.Pour préserver l’intégrité des espaces protégés, le groupe Écologiste et Social propose donc la suppression de cet alinéa. "
2014,,Non renseigné,Article 14,Première délibération,Meunier Manon,"  Mme Abomangoli, M. Alexandre, M. Amard, Mme Amiot, Mme Amrani, M. Arenas, M. Arnault, Mme Belouassa-Cherifi, Mme Bentorki, M. Bernalicis, M. Bex, M. Bilongo, M. Bompard, M. Boumertit, M. Boyard, M. Cadalen, M. Caron, M. Carrière, Mme Cathala, M. Cernon, Mme Chikirou, M. Clouet, M. Coquerel, M. Coulomme, M. Delogu, M. Diouara, Mme Dufour, Mme Erodi, Mme Feld, M. Fernandes, Mme Ferrer, M. Gaillard, Mme Guetté, Mme Hamdane, Mme Hignet, M. Kerbrat, M. Lachaud, M. Lahmar, M. Laisney, M. Le Coq, M. Le Gall, Mme Leboucher, M. Legavre, Mme Legrain, Mme Lejeune, Mme Lepvraud, M. Léaument, Mme Élisa Martin, M. Maudet, Mme Maximi, Mme Mesmeur, M. Nilor, Mme Nosbé, Mme Obono, Mme Oziol, Mme Panot, M. Pilato, M. Piquemal, M. Portes, M. Prud'homme, M. Ratenon, M. Saint-Martin, M. Saintoul, Mme Soudais, Mme Stambach-Terrenoir, M. Aurélien Taché, Mme Taurinya, M. Tavel, Mme Trouvé et M. Vannier",Séance publique,1ère lecture (1ère assemblée saisie),https://www.assemblee-nationale.fr/dyn/17/amendements/2765/AN/2014,https://www.assemblee-nationale.fr/dyn/opendata/AMANR5L17PO838901BTC2765P0D1N002014.xml,Non renseigné,Supprimer l’alinéa 33. ,"Par le biais de cet amendement, le groupe LFI souhaite supprimer l’alinéa 33, qui résulte de l’adoption de l’amendement CD563 lors de l’examen en commission du développement durable et de l’aménagement du territoire.L’alinéa 33 prévoit d’autoriser les tirs d’effarouchement et de défense dans les Réserves naturelles et Parcs nationaux, à l’exception des cœurs de parcs nationaux dont la règlementation peut interdire totalement la chasse et la destruction d’espèces.Pour rappel, les réserves naturelles nationales représentent 0,37% de la surface du territoire de notre pays. Elles constituent le cœur du dispositif français de protection de la biodiversité. Autoriser des tirs létaux de loups dans ces espaces revient à introduire une contradiction structurelle entre leur vocation de conservation et des pratiques de gestion destructrices ciblant une espèce protégée.Les données de terrain disponibles au sein du réseau de Réserves naturelles de France montrent que, contrairement à certaines perceptions, les attaques de loups et les dommages associés restent globalement limités dans les réserves naturelles nationales, au regard des territoires pastoraux comparables hors aires protégées. À l’échelle nationale, les réserves naturelles ne représentent qu’une part marginale des dommages indemnisés liés au loup, alors même qu’elles couvrent des zones de présence avérée de l’espèce.Il convient également de rappeler, qu’en RNN et dans le cœur des parcs nationaux, le taux d’aide aux éleveurs atteint 100% au lieu du classique 80 %, des dépenses éligibles pour le gardiennage et la surveillance renforcée. Les gestionnaires de ces espaces protégés fournissent des moyens supplémentaires en aide aux éleveurs et aux bergers : cabanes d'urgence, aides bergers, présence sur le terrain, sensibilisation aux enjeux du pastoralisme (présence de chiens de protection de troupeaux notamment) auprès des touristes, sportifs, riverains.Pour toutes ces raisons, le groupe LFI demande la suppression de cet alinéa 33, afin de préserver l’intégrité des aires protégées, de garantir la sécurité juridique des politiques publiques et de construire une réponse durable et équilibrée aux enjeux de prédationCet amendement a été travaillé avec l’appui de Réserves naturelles de France."
CD279,,Rejeté,Article 14,Première délibération,Pochon Marie,"  Mme Voynet, M. Biteau, Mme Belluco, M. Nicolas Bonnet, Mme Ozenne, M. Raux, M. Thierry, M. Amirshahi, Mme Arrighi, Mme Autain, Mme Balage El Mariky, M. Ben Cheikh, M. Arnaud Bonnet, Mme Chatelain, M. Corbière, M. Davi, M. Duplessy, M. Fournier, Mme Garin, M. Damien Girard, M. Gustave, Mme Catherine Hervieu, M. Iordanoff, Mme Laernoes, M. Lahais, M. Lucas-Lundy, M. Peytavie, Mme Regol, M. Roumégas, Mme Sandrine Rousseau, M. Ruffin, Mme Sas, Mme Sebaihi, Mme Simonnet, Mme Taillé-Polian et M. Tavernier",Développement durable,1ère lecture (1ère assemblée saisie),https://www.assemblee-nationale.fr/dyn/17/amendements/2632/CION-DVP/CD279,https://www.assemblee-nationale.fr/dyn/opendata/AMANR5L17PO419865B2632P0D1N000279.xml,Rejeté,Supprimer l'alinéa 6.,"Cet amendement du groupe Écologiste et Social propose de supprimer les dispositions de ce texte indiquant que l’évaluation de l’incidence des mesures de gestion sur l’état de conservation du loup s’apprécie au niveau national. En effet, une étude publiée dans la revue Naturae en 2023 souligne que “les effets des tirs pouvaient être multiples et dépendaient des contextes dans lesquels ils étaient réalisés”. Les résultats de la thèse d'Oksana Grente invitent à adopter une gestion contextualisée des attaques par les tirs, c’est-à-dire ajustée aux situations locales, en complément des mesures de protection, elles aussi ajustées aux contextes locaux. Cette gestion nationale et uniforme ne permet pas de prendre en compte les spécificités et réalités locales. Pourtant, la densité de loups et la pression sur les troupeaux diffèrent d’une région à une autre, d’un massif à un autre. Il est donc nécessaire de régionaliser cette gestion, pour redonner une marge de manœuvre aux territoires et leur permettre de mettre en place des solutions adéquates. "
1664,,Non renseigné,Article 14,Première délibération,Pochon Marie,"  Mme Voynet, M. Biteau, Mme Belluco, M. Nicolas Bonnet, Mme Ozenne, M. Peytavie, M. Raux, M. Tavernier, M. Thierry, M. Amirshahi, Mme Arrighi, Mme Autain, Mme Balage El Mariky, M. Ben Cheikh, M. Arnaud Bonnet, Mme Chatelain, M. Corbière, M. Davi, M. Duplessy, M. Fournier, Mme Garin, M. Damien Girard, M. Gustave, Mme Catherine Hervieu, M. Iordanoff, Mme Laernoes, M. Lahais, M. Lucas-Lundy, Mme Regol, M. Roumégas, Mme Sandrine Rousseau, M. Ruffin, Mme Sas, Mme Sebaihi, Mme Simonnet et Mme Taillé-Polian",Séance publique,1ère lecture (1ère assemblée saisie),https://www.assemblee-nationale.fr/dyn/17/amendements/2765/AN/1664,https://www.assemblee-nationale.fr/dyn/opendata/AMANR5L17PO838901BTC2765P0D1N001664.xml,Non renseigné,Supprimer l’alinéa 9. ,"Cet amendement vise à apporter de la cohérence au texte en supprimant l’alinéa 9 qui entre en contradiction avec l’alinéa 10. En effet, si le nombre maximal de loups pouvant être détruits correspond à la différence entre la population lupine estimée et le nombre minimal de spécimens compatible avec un état de conservation favorable, il ne sera plus possible une fois le plafond atteint d’autoriser l’abattage d’autres spécimens sans compromettre cet état de conservation favorable.Cet amendement a été travaillé sur la base de recommandations formulées par Humanité et Biodiversité, association siégeant au Groupe National Loup."
CD264,,Rejeté,Article 14,Première délibération,Pochon Marie,"  Mme Voynet, M. Biteau, Mme Belluco, M. Nicolas Bonnet, Mme Ozenne, M. Raux, M. Thierry, M. Amirshahi, Mme Arrighi, Mme Autain, Mme Balage El Mariky, M. Ben Cheikh, M. Arnaud Bonnet, Mme Chatelain, M. Corbière, M. Davi, M. Duplessy, M. Fournier, Mme Garin, M. Damien Girard, M. Gustave, Mme Catherine Hervieu, M. Iordanoff, Mme Laernoes, M. Lahais, M. Lucas-Lundy, M. Peytavie, Mme Regol, M. Roumégas, Mme Sandrine Rousseau, M. Ruffin, Mme Sas, Mme Sebaihi, Mme Simonnet, Mme Taillé-Polian et M. Tavernier",Développement durable,1ère lecture (1ère assemblée saisie),https://www.assemblee-nationale.fr/dyn/17/amendements/2632/CION-DVP/CD264,https://www.assemblee-nationale.fr/dyn/opendata/AMANR5L17PO419865B2632P0D1N000264.xml,Rejeté,Supprimer les alinéas 1 à 11. ,"Dans son avis relatif au projet de loi d’urgence pour la protection et la souveraineté agricoles, le Conseil d’État estime « que l’introduction dans le code de l’environnement d’un régime législatif spécifique au seul loup, présentée comme une transposition à cette seule espèce du régime juridique applicable aux espèces de l’annexe V, ne pourrait conduire qu’à accroître davantage la discordance que présente le droit interne avec le droit de l’Union européenne en matière de protection des espèces et à instaurer des confusions quant au caractère complet de la transposition en droit interne de la directive « habitats ». » Le Conseil d’État propose « de ne pas retenir les dispositions, spécifiques au loup, prévues par le projet de loi, qui ne sont ni nécessaires, ni opportunes ».Se basant sur cet avis, ainsi que sur les craintes d’un tel dispositif pour le bon état de conservation du loup, espèce protégée, et sachant que ces dispositions ne changeront en rien les réalités de vie des éleveurs, cet amendement du groupe Écologiste et Social propose de supprimer les alinéas 1 à 11 de cet article."
76,,Non renseigné,Article 14,Première délibération,Pochon Marie,"  Mme Voynet, M. Biteau, Mme Belluco, M. Nicolas Bonnet, Mme Ozenne, M. Raux, M. Thierry, M. Amirshahi, Mme Arrighi, Mme Autain, Mme Balage El Mariky, M. Ben Cheikh, M. Arnaud Bonnet, Mme Chatelain, M. Corbière, M. Davi, M. Duplessy, M. Fournier, Mme Garin, M. Damien Girard, M. Gustave, Mme Catherine Hervieu, M. Iordanoff, Mme Laernoes, M. Lahais, M. Lucas-Lundy, M. Peytavie, Mme Regol, M. Roumégas, Mme Sandrine Rousseau, M. Ruffin, Mme Sas, Mme Sebaihi, Mme Simonnet, Mme Taillé-Polian et M. Tavernier",Séance publique,1ère lecture (1ère assemblée saisie),https://www.assemblee-nationale.fr/dyn/17/amendements/2765/AN/76,https://www.assemblee-nationale.fr/dyn/opendata/AMANR5L17PO838901BTC2765P0D1N000076.xml,Non renseigné,Supprimer les alinéas 2 à 16. ,"Dans son avis relatif au projet de loi d’urgence pour la protection et la souveraineté agricoles, le Conseil d’État estime « que l’introduction dans le code de l’environnement d’un régime législatif spécifique au seul loup, présentée comme une transposition à cette seule espèce du régime juridique applicable aux espèces de l’annexe V, ne pourrait conduire qu’à accroître davantage la discordance que présente le droit interne avec le droit de l’Union européenne en matière de protection des espèces et à instaurer des confusions quant au caractère complet de la transposition en droit interne de la directive « habitats ». » Le Conseil d’État propose « de ne pas retenir les dispositions, spécifiques au loup, prévues par le projet de loi, qui ne sont ni nécessaires, ni opportunes ».Se basant sur cet avis, ainsi que sur les craintes d’un tel dispositif pour le bon état de conservation du loup, espèce protégée, et sachant que ces dispositions ne changeront en rien les réalités de vie des éleveurs, cet amendement du groupe Écologiste et Social propose de supprimer les alinéas 1 à 16 de cet article."
CD503,,Rejeté,Article 14,Première délibération,Meunier Manon,"  Mme Abomangoli, M. Alexandre, M. Amard, Mme Amiot, Mme Amrani, M. Arenas, M. Arnault, Mme Belouassa-Cherifi, Mme Bentorki, M. Bernalicis, M. Bex, M. Bilongo, M. Bompard, M. Boumertit, M. Boyard, M. Cadalen, M. Caron, M. Carrière, Mme Cathala, M. Cernon, Mme Chikirou, M. Clouet, M. Coquerel, M. Coulomme, M. Delogu, M. Diouara, Mme Dufour, Mme Erodi, Mme Feld, M. Fernandes, Mme Ferrer, M. Gaillard, Mme Guetté, Mme Hamdane, Mme Hignet, M. Kerbrat, M. Lachaud, M. Lahmar, M. Laisney, M. Le Coq, M. Le Gall, Mme Leboucher, M. Legavre, Mme Legrain, Mme Lejeune, Mme Lepvraud, M. Léaument, Mme Élisa Martin, M. Maudet, Mme Maximi, Mme Mesmeur, M. Nilor, Mme Nosbé, Mme Obono, Mme Oziol, Mme Panot, M. Pilato, M. Piquemal, M. Portes, M. Prud'homme, M. Ratenon, M. Saint-Martin, M. Saintoul, Mme Soudais, Mme Stambach-Terrenoir, M. Aurélien Taché, Mme Taurinya, M. Tavel, Mme Trouvé et M. Vannier",Développement durable,1ère lecture (1ère assemblée saisie),https://www.assemblee-nationale.fr/dyn/17/amendements/2632/CION-DVP/CD503,https://www.assemblee-nationale.fr/dyn/opendata/AMANR5L17PO419865B2632P0D1N000503.xml,Rejeté,Supprimer les alinéas 2 à 6.,"L’article 14 proposé par le gouvernement qui dit vouloir « simplifier les procédures pour les éleveurs et défendre leurs troupeaux contre la prédation » n’est rien d’autre qu’un vulgaire coup de communication.En effet, à la suite de la rétrogradation du statut de protection du loup au niveau européen le gouvernement a déjà pris deux arrêtés le 23 février 2026. Le premier, définissant le statut de protection du loup et fixant les conditions et limites de sa destruction, le second fixant le nombre maximum de spécimens dont la destruction pourra être autorisée chaque année.Ces deux arrêtés permettent déjà de relever le plafond de prélèvement à l’échelle nationale, le passage de l’autorisation à la déclaration de tir pour les troupeaux ovins et caprins (situés en cercle 0, 1 et 2) ainsi que la possibilité de tirs sans mesures de protection ou dommages préalables pour les troupeaux ovins et caprins ainsi que l’intervention de lieutenants de louveterie et d’agents de l’OBF en cas de dommage exceptionnels.Cet article 14 est donc inutile, c’est d’ailleurs l’avis même du Conseil d’Etat qui précise « que les dispositions proposées, qui ne relèvent pas du niveau de la loi, ne sont pas nécessaires pour lui permettre d’atteindre l’objectif poursuivi par le projet de loi ».Les député.e.s du groupe LFI-NFP propose donc comme le Conseil d’Etat « de ne pas retenir les dispositions, spécifiques au loup, prévues par le projet de loi, qui ne sont ni nécessaires, ni opportunes ».Les député.e.s du groupe LFI-NFP souhaite faire remarquer, que grâce au travail remarquable des agents de l’OFB nous savons que si la population de loups en France a fortement augmenté ces dernières décennies, on constate que les effectifs sont relativement stables sur les quatre dernières années autour d’un millier d’individus.En ce qui concerne les attaques sur les élevages, on dénombre depuis 2017 entre 10 000 et 12 000 victimes chaque année. Un chiffre stable donc, or la population de loups estimée était d’environ 357 pour 11 050 victimes (soit un ratio de 31 victimes/loup) en 2017, cette population était portée à 1082 pour environ 12 800 victimes (soit un ratio d’environ 12 victimes/loup) en 2025. Ce qui est la preuve d’après l’étude d’impact « que le déploiement des mesures de protection a permis de contenir le nombre de victimes malgré l’accroissement de la population lupine. (…) La diminution de la prédation s’explique par le déploiement massif des mesures de protection encouragées et financées par l’Etat (recours aux chiens de protection des troupeaux, renforcement de la présence humaine pour effectuer du gardiennage, parcage nocturne des animaux…). »On constate tout particulièrement une diminution importante du nombre de victimes dans les départements historiques d’implantation du loup, 13% de victimes en moins entre 2023 et 2024 dans ces départements (04,05,06,36,38,73,74,83). Ce qui démontre bien l’efficacité des mesures de protection. A l’inverse l’augmentation du nombre de victimes est le résultat de l’installation du loup dans de nouveaux territoires, où son arrivée n’a pas été suffisamment anticipée et où les mesures de protection doivent être mises en place et adaptées aux spécificités locales.Faire croire aux éleveurs et aux éleveuses qu’en augmentant le nombre de loups prélevés au niveau national on va faire diminuer le nombre d’attaques sur les troupeaux est d’un cynisme rare.En effet, l’étude d’impact souligne que le fait d’abattre un loup après une attaque peut s’avérer contre-productif « le prélèvement de loups ne constitue pas l’unique réponse face à la prédation dans la mesure où les études montrent un retour (voire dans certains cas une amplification) des dommages à court ou moyen terme après le prélèvement d’un individu. En effet, au-delà de la déstructuration sociale des meutes provoquée par les tirs qui peut conduire les individus survivants du groupe à multiplier les attaques ».Ce qui permet de diminuer les attaques sur les troupeaux c’est la mise en œuvre de mesures de protection encouragées et financées par l’Etat (recours aux chiens de protection des troupeaux, renforcement de la présence humaine pour effectuer du gardiennage, parcage nocturne des animaux…).Enfin, l’article 14 vise à assurer le maintien dans un état de conservation favorable de l’espèce, or il convient de faire remarquer l’OFB constate une baisse de la survie annuelle des populations de loups, de 72% pendant la période 2014-2018 à 66% pour la période 2019 -2025 qui suggère une tendance à la stabilisation de l’espèce. Aussi, un accroissement trop important du plafond de prélèvement pourrait conduire à une diminution de la population lupine en France.Or, il s’agirait là d’une mauvaise nouvelle non seulement pour la protection de l’espèce mais aussi pour les éleveurs car le loup exerce un rôle de régulation des populations d’ongulés sauvages et surtout un rôle sanitaire au sein des populations animales en ciblant préférentiellement des individus affaiblis, blessés ou malades, ce qui peut contribuer à limiter la diffusion de certaines maladies. À cet égard, les grands prédateurs peuvent participer à la régulation d’animaux potentiellement porteurs d’agents pathogènes, dans un contexte où certaines épizooties, telles que la peste porcine africaine, représentent un enjeu sanitaire important pour les élevages et les filières agricoles.Pour toutes ces raisons le groupe LFI-NFP propose la suppression de cet article 14."
1678,,Non renseigné,Article 14,Première délibération,Pochon Marie,"  Mme Voynet, M. Biteau, Mme Belluco, M. Nicolas Bonnet, Mme Ozenne, M. Peytavie, M. Raux, M. Tavernier, M. Thierry, M. Amirshahi, Mme Arrighi, Mme Autain, Mme Balage El Mariky, M. Ben Cheikh, M. Arnaud Bonnet, Mme Chatelain, M. Corbière, M. Davi, M. Duplessy, M. Fournier, Mme Garin, M. Damien Girard, M. Gustave, Mme Catherine Hervieu, M. Iordanoff, Mme Laernoes, M. Lahais, M. Lucas-Lundy, Mme Regol, M. Roumégas, Mme Sandrine Rousseau, M. Ruffin, Mme Sas, Mme Sebaihi, Mme Simonnet et Mme Taillé-Polian",Séance publique,1ère lecture (1ère assemblée saisie),https://www.assemblee-nationale.fr/dyn/17/amendements/2765/AN/1678,https://www.assemblee-nationale.fr/dyn/opendata/AMANR5L17PO838901BTC2765P0D1N001678.xml,Non renseigné,Supprimer les alinéas 20 à 23.,"Cet amendement vise à supprimer la disposition prévoyant de dispenser de consultation préalable du public les autorisations d’intervention des lieutenants de louveterie en cas d’urgence ou de dommages graves aux activités agricoles ou forestières.En premier lieu, le champ de cette dérogation apparaît excessivement large. En visant de manière générale les situations d’“urgence” ou de “dommages graves aux activités agricoles ou forestières”, la rédaction proposée ne se limite nullement aux cas de prédation imputables au loup, mais est susceptible de s’appliquer à l’ensemble des interventions de louveterie. Une telle formulation ouvre ainsi la voie à une généralisation de la dispense de consultation du public, en contradiction avec le principe de participation du public aux décisions ayant une incidence sur l’environnement.En second lieu, la cohérence même du dispositif interroge. Si la dérogation est justifiée par une situation d’urgence, il apparaît difficilement conciliable de prévoir des arrêtés préfectoraux d’une durée pouvant aller jusqu’à douze mois. Une telle durée excède manifestement ce qui peut être regardé comme une situation d’urgence, et conduit à pérenniser une procédure dérogatoire au détriment des garanties de transparence et de participation du public.Cet amendement a été travaillé avec l’association One Voice."
264,,Non renseigné,Article 14,Première délibération,Meunier Manon,"  Mme Abomangoli, M. Alexandre, M. Amard, Mme Amiot, Mme Amrani, M. Arenas, M. Arnault, Mme Belouassa-Cherifi, Mme Bentorki, M. Bernalicis, M. Bex, M. Bilongo, M. Bompard, M. Boumertit, M. Boyard, M. Cadalen, M. Caron, M. Carrière, Mme Cathala, M. Cernon, Mme Chikirou, M. Clouet, M. Coquerel, M. Coulomme, M. Delogu, M. Diouara, Mme Dufour, Mme Erodi, Mme Feld, M. Fernandes, Mme Ferrer, M. Gaillard, Mme Guetté, Mme Hamdane, Mme Hignet, M. Kerbrat, M. Lachaud, M. Lahmar, M. Laisney, M. Le Coq, M. Le Gall, Mme Leboucher, M. Legavre, Mme Legrain, Mme Lejeune, Mme Lepvraud, M. Léaument, Mme Élisa Martin, M. Maudet, Mme Maximi, Mme Mesmeur, M. Nilor, Mme Nosbé, Mme Obono, Mme Oziol, Mme Panot, M. Pilato, M. Piquemal, M. Portes, M. Prud'homme, M. Ratenon, M. Saint-Martin, M. Saintoul, Mme Soudais, Mme Stambach-Terrenoir, M. Aurélien Taché, Mme Taurinya, M. Tavel, Mme Trouvé et M. Vannier",Séance publique,1ère lecture (1ère assemblée saisie),https://www.assemblee-nationale.fr/dyn/17/amendements/2765/AN/264,https://www.assemblee-nationale.fr/dyn/opendata/AMANR5L17PO838901BTC2765P0D1N000264.xml,Non renseigné,Supprimer les alinéas 3 à 11.,"L’article 14 proposé par le gouvernement qui dit vouloir « simplifier les procédures pour les éleveurs et défendre leurs troupeaux contre la prédation » n’est rien d’autre qu’un vulgaire coup de communication.En effet, à la suite de la rétrogradation du statut de protection du loup au niveau européen le gouvernement a déjà pris deux arrêtés le 23 février 2026. Le premier, définissant le statut de protection du loup et fixant les conditions et limites de sa destruction, le second fixant le nombre maximum de spécimens dont la destruction pourra être autorisée chaque année.Ces deux arrêtés permettent déjà de relever le plafond de prélèvement à l’échelle nationale, le passage de l’autorisation à la déclaration de tir pour les troupeaux ovins et caprins (situés en cercle 0, 1 et 2) ainsi que la possibilité de tirs sans mesures de protection ou dommages préalables pour les troupeaux ovins et caprins ainsi que l’intervention de lieutenants de louveterie et d’agents de l’OFB en cas de dommage exceptionnels.Cet article 14 est donc inutile, c’est d’ailleurs l’avis même du Conseil d’Etat qui précise « que les dispositions proposées, qui ne relèvent pas du niveau de la loi, ne sont pas nécessaires pour lui permettre d’atteindre l’objectif poursuivi par le projet de loi ».Les député.e.s du groupe LFI proposent donc comme le Conseil d’Etat « de ne pas retenir les dispositions, spécifiques au loup, prévues par le projet de loi, qui ne sont ni nécessaires, ni opportunes ».Les député.e.s du groupe LFI souhaitent faire remarquer, que grâce au travail remarquable des agents de l’OFB nous savons que si la population de loups en France a fortement augmenté ces dernières décennies, on constate que les effectifs sont relativement stables sur les quatre dernières années autour d’un millier d’individus.En ce qui concerne les attaques sur les élevages, on dénombre depuis 2017 entre 10 000 et 12 000 victimes chaque année. Un chiffre stable donc, or la population de loups estimée était d’environ 357 pour 11 050 victimes (soit un ratio de 31 victimes/loup) en 2017, cette population était portée à 1082 pour environ 12 800 victimes (soit un ratio d’environ 12 victimes/loup) en 2025. Ce qui est la preuve d’après l’étude d’impact « que le déploiement des mesures de protection a permis de contenir le nombre de victimes malgré l’accroissement de la population lupine. (…) La diminution de la prédation s’explique par le déploiement massif des mesures de protection encouragées et financées par l’Etat (recours aux chiens de protection des troupeaux, renforcement de la présence humaine pour effectuer du gardiennage, parcage nocturne des animaux…). »On constate tout particulièrement une diminution importante du nombre de victimes dans les départements historiques d’implantation du loup, 13% de victimes en moins entre 2023 et 2024 dans ces départements (04,05,06,36,38,73,74,83). Ce qui démontre bien l’efficacité des mesures de protection. A l’inverse l’augmentation du nombre de victimes est le résultat de l’installation du loup dans de nouveaux territoires, où son arrivée n’a pas été suffisamment anticipée et où les mesures de protection doivent être mises en place et adaptées aux spécificités locales.Faire croire aux éleveurs et aux éleveuses qu’en augmentant le nombre de loups prélevés au niveau national on va faire diminuer le nombre d’attaques sur les troupeaux est d’un cynisme rare.En effet, l’étude d’impact souligne que le fait d’abattre un loup après une attaque peut s’avérer contre-productif « le prélèvement de loups ne constitue pas l’unique réponse face à la prédation dans la mesure où les études montrent un retour (voire dans certains cas une amplification) des dommages à court ou moyen terme après le prélèvement d’un individu. En effet, au-delà de la déstructuration sociale des meutes provoquée par les tirs qui peut conduire les individus survivants du groupe à multiplier les attaques ».Ce qui permet de diminuer les attaques sur les troupeaux c’est la mise en œuvre de mesures de protection encouragées et financées par l’Etat (recours aux chiens de protection des troupeaux, renforcement de la présence humaine pour effectuer du gardiennage, parcage nocturne des animaux…).Enfin, l’article 14 vise à assurer le maintien dans un état de conservation favorable de l’espèce, or il convient de faire remarquer l’OFB constate une baisse de la survie annuelle des populations de loups, de 72% pendant la période 2014-2018 à 66% pour la période 2019 -2025 qui suggère une tendance à la stabilisation de l’espèce. Aussi, un accroissement trop important du plafond de prélèvement pourrait conduire à une diminution de la population lupine en France.Or, il s’agirait là d’une mauvaise nouvelle non seulement pour la protection de l’espèce mais aussi pour les éleveurs car le loup exerce un rôle de régulation des populations d’ongulés sauvages et surtout un rôle sanitaire au sein des populations animales en ciblant préférentiellement des individus affaiblis, blessés ou malades, ce qui peut contribuer à limiter la diffusion de certaines maladies. À cet égard, les grands prédateurs peuvent participer à la régulation d’animaux potentiellement porteurs d’agents pathogènes, dans un contexte où certaines épizooties, telles que la peste porcine africaine, représentent un enjeu sanitaire important pour les élevages et les filières agricoles.Pour toutes ces raisons le groupe LFI propose la suppression de cet article 14."
1238,,Non renseigné,Après l'article 14,Première délibération,Dutremble Aurélien,"  M. Allisio, M. Amblard, Mme Auzanot, M. Ballard, Mme Bamana, M. Baubry, M. Beaurain, M. Bentz, M. Bernhardt, M. Bigot, M. Bilde, M. Blairy, Mme Blanc, M. Boccaletti, M. Boulogne, Mme Bouquin, M. Bovet, M. Buisson, M. Casterman, M. Chaumeil, M. Chenu, M. Chudeau, M. Clavet, Mme Colombier, Mme Da Conceicao Carvalho, M. de Fleurian, M. de Lépinau, Mme Dellong Meng, M. Dessigny, Mme Diaz, Mme Dogor-Such, M. Dragon, M. Dufosset, M. Dussausaye, M. Evrard, M. Falcon, M. Florquin, M. Fouquart, M. Frappé, M. Gabarron, Mme Galzy, M. Gery, M. Giletti, M. Gillet, M. Christian Girard, M. Golliot, M. Gonzalez, Mme Florence Goulet, Mme Grangier, Mme Griseti, M. Guibert, M. Guiniot, M. Guitton, Mme Hamelet, M. Houssin, M. Humbert, M. Jacobelli, M. Jenft, M. Jolly, Mme Joncour, M. Jordan, Mme Josserand, Mme Joubert, Mme Laporte, Mme Lavalette, M. Le Bourgeois, Mme Le Pen, Mme Lechanteux, Mme Lechon, Mme Lelouis, Mme Levavasseur, M. Limongi, M. Lioret, Mme Loir, Mme Lorho, M. Lottiaux, M. Loubet, M. David Magnier, Mme Marais-Beuil, M. Marchio, M. Markowsky, M. Patrice Martin, Mme Martinez, M. Mauvieux, M. Meizonnet, M. Meurin, M. Monnier, M. Muller, Mme Mélin, Mme Ménaché, M. Ménagé, M. Odoul, Mme Parmentier, M. Perez, M. Pfeffer, Mme Pollet, M. Rambaud, Mme Ranc, M. Rancoule, M. Renault, Mme Rimbert, M. Rivière, Mme Robert-Dehault, Mme Roullaud, Mme Roy, Mme Sabatini, M. Sabatou, M. Salmon, M. Schreck, Mme Sicard, M. Emmanuel Taché, M. Jean-Philippe Tanguy, M. Taverne, M. Tesson, M. Tivoli, M. Tomatis, M. Tonussi, M. Tribuiani, M. Villedieu, M. Vos et M. Weber",Séance publique,1ère lecture (1ère assemblée saisie),https://www.assemblee-nationale.fr/dyn/17/amendements/2765/AN/1238,https://www.assemblee-nationale.fr/dyn/opendata/AMANR5L17PO838901BTC2765P0D1N001238.xml,Non renseigné,"Tout éleveur ou détenteur de troupeau est autorisé à procéder à des tirs de défense immédiatement en cas d’attaque ou de menace imminente sur ces animaux, sans autorisation administrative préalable, dans des conditions définies par décret en Conseil d’État.","Cet amendement vise à instaurer un droit effectif à la défense des troupeaux.Les procédures actuelles, trop lourdes et trop lentes, ne permettent pas aux éleveurs de faire face efficacement aux attaques. En situation d’urgence, l’exigence d’une autorisation préalable est inadaptée et expose les exploitants à des pertes importantes.Il convient donc de reconnaître un droit de tir immédiat en cas de danger avéré. "
CD295,,Rejeté,Article 14,Première délibération,Dutremble Aurélien,"  M. Blairy, Mme Bouquin, M. Evrard, M. Guibert, M. Houssin, M. Humbert, Mme Lechanteux, M. David Magnier, M. Marchio, M. Markowsky, M. Meurin, Mme Roullaud, Mme Sabatini, M. Schreck et M. Tivoli",Développement durable,1ère lecture (1ère assemblée saisie),https://www.assemblee-nationale.fr/dyn/17/amendements/2632/CION-DVP/CD295,https://www.assemblee-nationale.fr/dyn/opendata/AMANR5L17PO419865B2632P0D1N000295.xml,Rejeté,"« V. – Tout éleveur ou détenteur de troupeau est autorisé à procéder à des tirs de défense immédiatement en cas d’attaque ou de menace imminente sur ces animaux, sans autorisation administrative préalable, dans des conditions définies par décret en Conseil d’État. »","Cet amendement vise à instaurer un droit effectif à la défense des troupeaux.Les procédures actuelles, trop lourdes et trop lentes, ne permettent pas aux éleveurs de faire face efficacement aux attaques. En situation d’urgence, l’exigence d’une autorisation préalable est inadaptée et expose les exploitants à des pertes importantes.Il convient donc de reconnaître un droit de tir immédiat en cas de danger avéré. "
