Titre court,Titre complet,Numéro de l'amendement,Partie de l'amendement,Sort de l'amendement,Désignation de l'article,Délibération,Auteur,Cosignataire(s),Instance,Etape du texte,URL Amendement,URL Amendement format XML
PROTECTION ET SOUVERAINETÉ AGRICOLES,Amendement n° 1034 - PROTECTION ET SOUVERAINETÉ AGRICOLES - 1ère lecture (1ère assemblée saisie) - n° 2632,CE1034,,Adopté,Avant l'article 14,Première délibération,Roseren Xavier rapporteur pour avis au nom de la commission du développement durable et de l'aménagement du territoire,"  Mme Voynet, Mme Pochon, Mme Belluco, M. Nicolas Bonnet, M. Thierry, Mme Ozenne, M. Biteau, M. Raux, M. Amirshahi, Mme Arrighi, Mme Autain, Mme Balage El Mariky, M. Ben Cheikh, M. Arnaud Bonnet, Mme Chatelain, M. Corbière, M. Davi, M. Duplessy, M. Fournier, Mme Garin, M. Damien Girard, M. Gustave, Mme Catherine Hervieu, M. Iordanoff, Mme Laernoes, M. Lahais, M. Lucas-Lundy, M. Peytavie, Mme Regol, M. Roumégas, Mme Sandrine Rousseau, M. Ruffin, Mme Sas, Mme Sebaihi, Mme Simonnet, Mme Taillé-Polian et M. Tavernier",Affaires économiques,1ère lecture (1ère assemblée saisie),https://www.assemblee-nationale.fr/dyn/17/amendements/2632/CION-ECO/CE1034,https://www.assemblee-nationale.fr/dyn/opendata/AMANR5L17PO419610B2632P0D1N001034.xml
PROTECTION ET SOUVERAINETÉ AGRICOLES,Amendement n° 1035 - PROTECTION ET SOUVERAINETÉ AGRICOLES - 1ère lecture (1ère assemblée saisie) - n° 2632,CE1035,,Adopté,Article 14,Première délibération,Roseren Xavier rapporteur pour avis au nom de la commission du développement durable et de l'aménagement du territoire,"  Mme Pochon, Mme Voynet, M. Biteau, Mme Belluco, M. Nicolas Bonnet, Mme Ozenne, M. Raux, M. Thierry, M. Amirshahi, Mme Arrighi, Mme Autain, Mme Balage El Mariky, M. Ben Cheikh, M. Arnaud Bonnet, Mme Chatelain, M. Corbière, M. Davi, M. Duplessy, M. Fournier, Mme Garin, M. Damien Girard, M. Gustave, Mme Catherine Hervieu, M. Iordanoff, Mme Laernoes, M. Lahais, M. Lucas-Lundy, M. Peytavie, Mme Regol, M. Roumégas, Mme Sandrine Rousseau, M. Ruffin, Mme Sas, Mme Sebaihi, Mme Simonnet, Mme Taillé-Polian et M. Tavernier",Affaires économiques,1ère lecture (1ère assemblée saisie),https://www.assemblee-nationale.fr/dyn/17/amendements/2632/CION-ECO/CE1035,https://www.assemblee-nationale.fr/dyn/opendata/AMANR5L17PO419610B2632P0D1N001035.xml
PROTECTION ET SOUVERAINETÉ AGRICOLES,Amendement n° 1036 - PROTECTION ET SOUVERAINETÉ AGRICOLES - 1ère lecture (1ère assemblée saisie) - n° 2632,CE1036,,Adopté,Article 14,Première délibération,Roseren Xavier rapporteur pour avis au nom de la commission du développement durable et de l'aménagement du territoire,"  Mme Pantel, Mme Rossi, Mme Allemand, Mme Thomin, M. Potier, M. Delautrette, M. Dufau, M. Eskenazi, M. Fégné, Mme Jourdan, M. Leseul, M. Barusseau et M. Roussel",Affaires économiques,1ère lecture (1ère assemblée saisie),https://www.assemblee-nationale.fr/dyn/17/amendements/2632/CION-ECO/CE1036,https://www.assemblee-nationale.fr/dyn/opendata/AMANR5L17PO419610B2632P0D1N001036.xml
PROTECTION ET SOUVERAINETÉ AGRICOLES,Amendement n° 1037 - PROTECTION ET SOUVERAINETÉ AGRICOLES - 1ère lecture (1ère assemblée saisie) - n° 2632,CE1037,,Adopté,Article 14,Première délibération,Roseren Xavier rapporteur pour avis au nom de la commission du développement durable et de l'aménagement du territoire,,Affaires économiques,1ère lecture (1ère assemblée saisie),https://www.assemblee-nationale.fr/dyn/17/amendements/2632/CION-ECO/CE1037,https://www.assemblee-nationale.fr/dyn/opendata/AMANR5L17PO419610B2632P0D1N001037.xml
PROTECTION ET SOUVERAINETÉ AGRICOLES,Amendement n° 1038 - PROTECTION ET SOUVERAINETÉ AGRICOLES - 1ère lecture (1ère assemblée saisie) - n° 2632,CE1038,,Adopté,Article 14,Première délibération,Roseren Xavier rapporteur pour avis au nom de la commission du développement durable et de l'aménagement du territoire,,Affaires économiques,1ère lecture (1ère assemblée saisie),https://www.assemblee-nationale.fr/dyn/17/amendements/2632/CION-ECO/CE1038,https://www.assemblee-nationale.fr/dyn/opendata/AMANR5L17PO419610B2632P0D1N001038.xml
PROTECTION ET SOUVERAINETÉ AGRICOLES,Amendement n° 1039 - PROTECTION ET SOUVERAINETÉ AGRICOLES - 1ère lecture (1ère assemblée saisie) - n° 2632,CE1039,,Adopté,Article 14,Première délibération,Roseren Xavier rapporteur pour avis au nom de la commission du développement durable et de l'aménagement du territoire,"  Mme Bonnivard, M. Ray et M. Rolland",Affaires économiques,1ère lecture (1ère assemblée saisie),https://www.assemblee-nationale.fr/dyn/17/amendements/2632/CION-ECO/CE1039,https://www.assemblee-nationale.fr/dyn/opendata/AMANR5L17PO419610B2632P0D1N001039.xml
PROTECTION ET SOUVERAINETÉ AGRICOLES,Amendement n° 1040 - PROTECTION ET SOUVERAINETÉ AGRICOLES - 1ère lecture (1ère assemblée saisie) - n° 2632,CE1040,,Adopté,Article 14,Première délibération,Roseren Xavier rapporteur pour avis au nom de la commission du développement durable et de l'aménagement du territoire,,Affaires économiques,1ère lecture (1ère assemblée saisie),https://www.assemblee-nationale.fr/dyn/17/amendements/2632/CION-ECO/CE1040,https://www.assemblee-nationale.fr/dyn/opendata/AMANR5L17PO419610B2632P0D1N001040.xml
PROTECTION ET SOUVERAINETÉ AGRICOLES,Amendement n° 1041 - PROTECTION ET SOUVERAINETÉ AGRICOLES - 1ère lecture (1ère assemblée saisie) - n° 2632,CE1041,,Adopté,Article 14,Première délibération,Roseren Xavier rapporteur pour avis au nom de la commission du développement durable et de l'aménagement du territoire,,Affaires économiques,1ère lecture (1ère assemblée saisie),https://www.assemblee-nationale.fr/dyn/17/amendements/2632/CION-ECO/CE1041,https://www.assemblee-nationale.fr/dyn/opendata/AMANR5L17PO419610B2632P0D1N001041.xml
PROTECTION ET SOUVERAINETÉ AGRICOLES,Amendement n° 1042 - PROTECTION ET SOUVERAINETÉ AGRICOLES - 1ère lecture (1ère assemblée saisie) - n° 2632,CE1042,,Adopté,Article 14,Première délibération,Roseren Xavier rapporteur pour avis au nom de la commission du développement durable et de l'aménagement du territoire,,Affaires économiques,1ère lecture (1ère assemblée saisie),https://www.assemblee-nationale.fr/dyn/17/amendements/2632/CION-ECO/CE1042,https://www.assemblee-nationale.fr/dyn/opendata/AMANR5L17PO419610B2632P0D1N001042.xml
PROTECTION ET SOUVERAINETÉ AGRICOLES,Amendement n° 1043 - PROTECTION ET SOUVERAINETÉ AGRICOLES - 1ère lecture (1ère assemblée saisie) - n° 2632,CE1043,,Adopté,Article 14,Première délibération,Roseren Xavier rapporteur pour avis au nom de la commission du développement durable et de l'aménagement du territoire,"  Mme Pantel, M. Rousset, Mme Froger, M. Vallaud, M. Fesneau, M. Peu, Mme Le Feur, M. Hollande, M. Potier, M. Bony, M. Philippe Brun, Mme Rossi, Mme Allemand, M. Aviragnet, Mme Battistel, M. Bazin, M. Benoit, Mme Bergantz, M. Bonnecarrère, Mme Sylvie Bonnet, Mme Bonnivard, M. Bothorel, M. Bouyx, M. Brard, M. Brugerolles, Mme Brulebois, M. Fabrice Brun, M. Buchou, Mme Buffet, M. Jean-René Cazeneuve, M. Ceccoli, M. Cormier-Bouligeon, M. Criaud, M. Croizier, Mme Corneloup, M. Daubié, M. David, M. Delautrette, Mme Delpech, Mme Dombre Coste, Mme Dubré-Chirat, M. Dufau, M. Echaniz, M. Fait, M. Fégné, M. Fugit, Mme Got, Mme Perrine Goulet, M. Guedj, Mme Herouin-Léautey, M. Houlié, M. Jacques, Mme Klinkert, M. Lauzzana, M. Lecamp, Mme Létard, Mme Le Peih, M. Liégeon, Mme Lingemann, Mme Marsaud, M. Maurel, M. Marion, M. Masséglia, M. Mattei, M. Molac, M. Mongardien, M. Naegelen, M. Oberti, M. Ott, M. Padey, Mme Pirès Beaune, M. Proença, M. Ramos, M. Ray, Mme Riotton, Mme Ronceret, Mme Rouaux, Mme Santiago, M. Saulignac, M. Sorre, M. Taite, M. Taupiac, M. Terlier, Mme Thiébault-Martinez, Mme Thomin, M. Travert, M. Vermorel-Marques, Mme Vidal, M. Jean-Pierre Vigier, M. Philippe Vigier, M. Viry et M. Vuibert",Affaires économiques,1ère lecture (1ère assemblée saisie),https://www.assemblee-nationale.fr/dyn/17/amendements/2632/CION-ECO/CE1043,https://www.assemblee-nationale.fr/dyn/opendata/AMANR5L17PO419610B2632P0D1N001043.xml
PROTECTION ET SOUVERAINETÉ AGRICOLES,Amendement n° 1044 - PROTECTION ET SOUVERAINETÉ AGRICOLES - 1ère lecture (1ère assemblée saisie) - n° 2632,CE1044,,Adopté,Article 14,Première délibération,Roseren Xavier rapporteur pour avis au nom de la commission du développement durable et de l'aménagement du territoire,"  M. Rousset, Mme Pantel, Mme Froger, M. Vallaud, M. Fesneau, M. Peu, Mme Le Feur, M. Hollande, M. Potier, M. Bony, M. Philippe Brun, Mme Rossi, Mme Allemand, M. Aviragnet, Mme Battistel, M. Bazin, M. Benoit, Mme Bergantz, M. Bonnecarrère, Mme Sylvie Bonnet, Mme Bonnivard, M. Bothorel, M. Bouyx, M. Brard, M. Brigand, M. Brugerolles, Mme Brulebois, M. Fabrice Brun, M. Buchou, Mme Buffet, M. Jean-René Cazeneuve, M. Ceccoli, M. Cormier-Bouligeon, M. Criaud, M. Croizier, Mme Corneloup, M. Daubié, M. David, M. Delautrette, Mme Delpech, Mme Dombre Coste, Mme Dubré-Chirat, M. Dufau, M. Echaniz, M. Fait, M. Fégné, M. Fugit, Mme Got, Mme Perrine Goulet, M. Guedj, Mme Herouin-Léautey, M. Houlié, M. Huyghe, M. Jacques, Mme Klinkert, M. Lauzzana, M. Lecamp, Mme Létard, Mme Le Peih, M. Liégeon, Mme Lingemann, Mme Marsaud, M. Maurel, M. Marion, M. Masséglia, M. Mattei, M. Molac, M. Mongardien, M. Naegelen, M. Oberti, M. Ott, M. Padey, Mme Pirès Beaune, M. Proença, M. Ramos, M. Ray, Mme Riotton, Mme Ronceret, Mme Rouaux, Mme Santiago, M. Saulignac, M. Sorre, M. Taite, M. Taupiac, M. Terlier, Mme Thiébault-Martinez, Mme Thomin, M. Travert, M. Vermorel-Marques, Mme Vidal, M. Jean-Pierre Vigier, M. Philippe Vigier, M. Viry, M. Vuibert et Mme Pochon",Affaires économiques,1ère lecture (1ère assemblée saisie),https://www.assemblee-nationale.fr/dyn/17/amendements/2632/CION-ECO/CE1044,https://www.assemblee-nationale.fr/dyn/opendata/AMANR5L17PO419610B2632P0D1N001044.xml
PROTECTION ET SOUVERAINETÉ AGRICOLES,Amendement n° 1045 - PROTECTION ET SOUVERAINETÉ AGRICOLES - 1ère lecture (1ère assemblée saisie) - n° 2632,CE1045,,Adopté,Article 14,Première délibération,Roseren Xavier rapporteur pour avis au nom de la commission du développement durable et de l'aménagement du territoire,"  M. Rousset, Mme Pantel, Mme Froger, M. Vallaud, M. Fesneau, M. Peu, Mme Le Feur, M. Hollande, M. Potier, M. Bony, M. Philippe Brun, Mme Rossi, Mme Allemand, M. Aviragnet, Mme Battistel, M. Bazin, M. Benoit, Mme Bergantz, M. Bonnecarrère, Mme Sylvie Bonnet, Mme Bonnivard, M. Bothorel, M. Bouyx, M. Brard, M. Brigand, M. Brugerolles, Mme Brulebois, M. Fabrice Brun, M. Buchou, Mme Buffet, M. Jean-René Cazeneuve, M. Ceccoli, M. Cormier-Bouligeon, M. Criaud, M. Croizier, Mme Corneloup, M. Daubié, M. David, M. Delautrette, Mme Delpech, Mme Dombre Coste, Mme Dubré-Chirat, M. Dufau, M. Echaniz, M. Fait, M. Fégné, M. Fugit, Mme Got, Mme Perrine Goulet, M. Guedj, Mme Herouin-Léautey, M. Houlié, M. Huyghe, M. Jacques, Mme Klinkert, M. Lauzzana, M. Lecamp, Mme Létard, Mme Le Peih, M. Liégeon, Mme Lingemann, Mme Marsaud, M. Maurel, M. Marion, M. Masséglia, M. Mattei, M. Molac, M. Mongardien, M. Naegelen, M. Oberti, M. Ott, M. Padey, Mme Pirès Beaune, M. Proença, M. Ramos, M. Ray, Mme Riotton, Mme Ronceret, Mme Rouaux, Mme Santiago, M. Saulignac, M. Sorre, M. Taite, M. Taupiac, M. Terlier, Mme Thiébault-Martinez, Mme Thomin, M. Travert, M. Vermorel-Marques, Mme Vidal, M. Jean-Pierre Vigier, M. Philippe Vigier, M. Viry, M. Vuibert et Mme Pochon",Affaires économiques,1ère lecture (1ère assemblée saisie),https://www.assemblee-nationale.fr/dyn/17/amendements/2632/CION-ECO/CE1045,https://www.assemblee-nationale.fr/dyn/opendata/AMANR5L17PO419610B2632P0D1N001045.xml
PROTECTION ET SOUVERAINETÉ AGRICOLES,Amendement n° 1046 - PROTECTION ET SOUVERAINETÉ AGRICOLES - 1ère lecture (1ère assemblée saisie) - n° 2632,CE1046,,Adopté,Article 14,Première délibération,Roseren Xavier rapporteur pour avis au nom de la commission du développement durable et de l'aménagement du territoire,"  M. Rousset, Mme Pantel, Mme Froger, M. Vallaud, M. Fesneau, M. Peu, Mme Le Feur, M. Hollande, M. Potier, M. Bony, M. Philippe Brun, Mme Rossi, Mme Allemand, M. Aviragnet, Mme Battistel, M. Bazin, M. Benoit, Mme Bergantz, M. Bonnecarrère, Mme Sylvie Bonnet, Mme Bonnivard, M. Bothorel, M. Bouyx, M. Brard, M. Brigand, M. Brugerolles, Mme Brulebois, M. Fabrice Brun, M. Buchou, Mme Buffet, M. Jean-René Cazeneuve, M. Ceccoli, M. Cormier-Bouligeon, M. Criaud, M. Croizier, Mme Corneloup, M. Daubié, M. David, M. Delautrette, Mme Delpech, Mme Dombre Coste, Mme Dubré-Chirat, M. Dufau, M. Echaniz, M. Fait, M. Fégné, M. Fugit, Mme Got, Mme Perrine Goulet, M. Guedj, Mme Herouin-Léautey, M. Houlié, M. Huyghe, M. Jacques, Mme Klinkert, M. Lauzzana, M. Lecamp, Mme Létard, Mme Le Peih, M. Liégeon, Mme Lingemann, Mme Marsaud, M. Maurel, M. Marion, M. Masséglia, M. Mattei, M. Molac, M. Mongardien, M. Naegelen, M. Oberti, M. Ott, M. Padey, Mme Pirès Beaune, M. Proença, M. Ramos, M. Ray, Mme Riotton, Mme Ronceret, Mme Rouaux, Mme Santiago, M. Saulignac, M. Sorre, M. Taite, M. Taupiac, M. Terlier, Mme Thiébault-Martinez, Mme Thomin, M. Travert, M. Vermorel-Marques, Mme Vidal, M. Jean-Pierre Vigier, M. Philippe Vigier, M. Viry, M. Vuibert et Mme Pochon",Affaires économiques,1ère lecture (1ère assemblée saisie),https://www.assemblee-nationale.fr/dyn/17/amendements/2632/CION-ECO/CE1046,https://www.assemblee-nationale.fr/dyn/opendata/AMANR5L17PO419610B2632P0D1N001046.xml
PROTECTION ET SOUVERAINETÉ AGRICOLES,Amendement n° 1047 - PROTECTION ET SOUVERAINETÉ AGRICOLES - 1ère lecture (1ère assemblée saisie) - n° 2632,CE1047,,Adopté,Article 14,Première délibération,Roseren Xavier rapporteur pour avis au nom de la commission du développement durable et de l'aménagement du territoire,"  Mme Pantel, M. Rousset, Mme Froger, M. Vallaud, M. Fesneau, M. Peu, Mme Le Feur, M. Hollande, M. Potier, M. Bony, M. Philippe Brun, Mme Rossi, Mme Allemand, M. Aviragnet, Mme Battistel, M. Bazin, M. Benoit, Mme Bergantz, M. Bonnecarrère, Mme Sylvie Bonnet, Mme Bonnivard, M. Bothorel, M. Bouyx, M. Brard, M. Brugerolles, Mme Brulebois, M. Fabrice Brun, M. Buchou, Mme Buffet, M. Jean-René Cazeneuve, M. Ceccoli, M. Cormier-Bouligeon, M. Criaud, M. Croizier, Mme Corneloup, M. Daubié, M. David, M. Delautrette, Mme Delpech, Mme Dombre Coste, Mme Dubré-Chirat, M. Echaniz, M. Fait, M. Fégné, M. Fugit, Mme Got, Mme Perrine Goulet, M. Guedj, Mme Herouin-Léautey, M. Houlié, M. Jacques, Mme Klinkert, M. Lauzzana, M. Lecamp, Mme Létard, Mme Le Peih, M. Liégeon, Mme Lingemann, Mme Marsaud, M. Maurel, M. Marion, M. Masséglia, M. Mattei, M. Molac, M. Mongardien, M. Naegelen, M. Oberti, M. Ott, M. Padey, Mme Pirès Beaune, M. Proença, M. Ramos, M. Ray, Mme Riotton, Mme Ronceret, Mme Rouaux, Mme Santiago, M. Saulignac, M. Sorre, M. Taite, M. Taupiac, M. Terlier, Mme Thiébault-Martinez, Mme Thomin, M. Travert, M. Vermorel-Marques, Mme Vidal, M. Jean-Pierre Vigier, M. Philippe Vigier, M. Viry et M. Vuibert",Affaires économiques,1ère lecture (1ère assemblée saisie),https://www.assemblee-nationale.fr/dyn/17/amendements/2632/CION-ECO/CE1047,https://www.assemblee-nationale.fr/dyn/opendata/AMANR5L17PO419610B2632P0D1N001047.xml
PROTECTION ET SOUVERAINETÉ AGRICOLES,Amendement n° 423 - PROTECTION ET SOUVERAINETÉ AGRICOLES - 1ère lecture (1ère assemblée saisie) - n° 2632,CE423,,Non renseigné,Après l'article 14,Première délibération,Le Gac Didier,"  M. Bothorel, Mme Liliana Tanguy, M. Molac, Mme Dubré-Chirat, Mme Le Meur, M. Le Fur, M. Jacques, M. Bouyx, M. Ray, Mme Firmin Le Bodo et M. Buchou",Affaires économiques,1ère lecture (1ère assemblée saisie),https://www.assemblee-nationale.fr/dyn/17/amendements/2632/CION-ECO/CE423,https://www.assemblee-nationale.fr/dyn/opendata/AMANR5L17PO419610B2632P0D1N000423.xml
PROTECTION ET SOUVERAINETÉ AGRICOLES,Amendement n° 56 - PROTECTION ET SOUVERAINETÉ AGRICOLES - 1ère lecture (1ère assemblée saisie) - n° 2632,CE56,,Non renseigné,Article 14,Première délibération,Bonnivard Émilie,,Affaires économiques,1ère lecture (1ère assemblée saisie),https://www.assemblee-nationale.fr/dyn/17/amendements/2632/CION-ECO/CE56,https://www.assemblee-nationale.fr/dyn/opendata/AMANR5L17PO419610B2632P0D1N000056.xml
PROTECTION ET SOUVERAINETÉ AGRICOLES,Amendement n° 10 - PROTECTION ET SOUVERAINETÉ AGRICOLES - 1ère lecture (1ère assemblée saisie) - n° 2632,CD10,,Adopté,Article 14,Première délibération,Pantel Sophie,"  M. Rousset, Mme Froger, M. Vallaud, M. Fesneau, M. Peu, Mme Le Feur, M. Hollande, M. Potier, M. Bony, M. Philippe Brun, Mme Rossi, Mme Allemand, M. Aviragnet, Mme Battistel, M. Bazin, M. Benoit, Mme Bergantz, M. Bonnecarrère, Mme Sylvie Bonnet, Mme Bonnivard, M. Bothorel, M. Bouyx, M. Brard, M. Brugerolles, Mme Brulebois, M. Fabrice Brun, M. Buchou, Mme Buffet, M. Jean-René Cazeneuve, M. Ceccoli, M. Cormier-Bouligeon, M. Criaud, M. Croizier, Mme Corneloup, M. Daubié, M. David, M. Delautrette, Mme Delpech, Mme Dombre Coste, Mme Dubré-Chirat, M. Dufau, M. Echaniz, M. Fait, M. Fégné, M. Fugit, Mme Got, Mme Perrine Goulet, M. Guedj, Mme Herouin-Léautey, M. Houlié, M. Jacques, Mme Klinkert, M. Lauzzana, M. Lecamp, Mme Létard, Mme Le Peih, M. Liégeon, Mme Lingemann, Mme Marsaud, M. Maurel, M. Marion, M. Masséglia, M. Mattei, M. Molac, M. Mongardien, M. Naegelen, M. Oberti, M. Ott, M. Padey, Mme Pirès Beaune, M. Proença, M. Ramos, M. Ray, Mme Riotton, Mme Ronceret, M. Roseren, Mme Rouaux, Mme Santiago, M. Saulignac, M. Sorre, M. Taite, M. Taupiac, M. Terlier, Mme Thiébault-Martinez, Mme Thomin, M. Travert, M. Vermorel-Marques, Mme Vidal, M. Jean-Pierre Vigier, M. Philippe Vigier, M. Viry et M. Vuibert",Développement durable,1ère lecture (1ère assemblée saisie),https://www.assemblee-nationale.fr/dyn/17/amendements/2632/CION-DVP/CD10,https://www.assemblee-nationale.fr/dyn/opendata/AMANR5L17PO419865B2632P0D1N000010.xml
PROTECTION ET SOUVERAINETÉ AGRICOLES,Amendement n° 109 - PROTECTION ET SOUVERAINETÉ AGRICOLES - 1ère lecture (1ère assemblée saisie) - n° 2632,CD109,,Non renseigné,Article 14,Première délibération,Blairy Emmanuel,"  Mme Bouquin, M. Dutremble, M. Evrard, M. Guibert, M. Houssin, M. Humbert, Mme Lechanteux, M. David Magnier, M. Marchio, M. Markowsky, M. Meurin, Mme Roullaud, Mme Sabatini et M. Schreck",Développement durable,1ère lecture (1ère assemblée saisie),https://www.assemblee-nationale.fr/dyn/17/amendements/2632/CION-DVP/CD109,https://www.assemblee-nationale.fr/dyn/opendata/AMANR5L17PO419865B2632P0D1N000109.xml
PROTECTION ET SOUVERAINETÉ AGRICOLES,Amendement n° 11 - PROTECTION ET SOUVERAINETÉ AGRICOLES - 1ère lecture (1ère assemblée saisie) - n° 2632,CD11,,Non renseigné,Article 14,Première délibération,Pantel Sophie,"  Mme Rossi, M. Rousset, Mme Froger, M. Vallaud, M. Fesneau, M. Peu, Mme Le Feur, M. Armand, M. Hollande, M. Potier, M. Bony, M. Philippe Brun, M. Fabrice Brun, Mme Allemand, M. Aviragnet, Mme Battistel, M. Bazin, M. Benoit, Mme Bergantz, M. Bonnecarrère, Mme Sylvie Bonnet, Mme Bonnivard, M. Bothorel, M. Bouyx, M. Brard, M. Brugerolles, Mme Brulebois, M. Buchou, Mme Buffet, M. Jean-René Cazeneuve, M. Ceccoli, M. Cordier, M. Cormier-Bouligeon, M. Criaud, M. Croizier, Mme Corneloup, M. Daubié, M. David, M. Delautrette, Mme Delpech, Mme Dombre Coste, Mme Dubré-Chirat, M. Dufau, M. Echaniz, M. Fait, M. Fégné, M. Fugit, Mme Got, Mme Perrine Goulet, M. Guedj, Mme Herouin-Léautey, M. Houlié, M. Huyghe, M. Jacques, Mme Klinkert, M. Lauzzana, M. Lecamp, Mme Létard, Mme Le Peih, M. Liégeon, Mme Lingemann, Mme Marsaud, M. Maurel, M. Marion, M. Masséglia, M. Mattei, M. Molac, M. Mongardien, M. Naegelen, M. Oberti, M. Ott, M. Padey, Mme Pirès Beaune, M. Proença, M. Ramos, M. Ray, Mme Riotton, Mme Ronceret, M. Roseren, Mme Rouaux, Mme Santiago, M. Saulignac, M. Sorre, M. Taite, M. Taupiac, M. Terlier, Mme Thiébault-Martinez, Mme Thomin, M. Travert, M. Vermorel-Marques, Mme Vidal, M. Jean-Pierre Vigier, M. Philippe Vigier, M. Viry et M. Vuibert",Développement durable,1ère lecture (1ère assemblée saisie),https://www.assemblee-nationale.fr/dyn/17/amendements/2632/CION-DVP/CD11,https://www.assemblee-nationale.fr/dyn/opendata/AMANR5L17PO419865B2632P0D1N000011.xml
PROTECTION ET SOUVERAINETÉ AGRICOLES,Amendement n° 110 - PROTECTION ET SOUVERAINETÉ AGRICOLES - 1ère lecture (1ère assemblée saisie) - n° 2632,CD110,,Non renseigné,Après l'article 14,Première délibération,Blairy Emmanuel,"  Mme Bouquin, M. Dutremble, M. Evrard, M. Guibert, M. Houssin, M. Humbert, Mme Lechanteux, M. David Magnier, M. Markowsky, M. Marchio, M. Meurin, Mme Roullaud et M. Schreck",Développement durable,1ère lecture (1ère assemblée saisie),https://www.assemblee-nationale.fr/dyn/17/amendements/2632/CION-DVP/CD110,https://www.assemblee-nationale.fr/dyn/opendata/AMANR5L17PO419865B2632P0D1N000110.xml
PROTECTION ET SOUVERAINETÉ AGRICOLES,Amendement n° 111 - PROTECTION ET SOUVERAINETÉ AGRICOLES - 1ère lecture (1ère assemblée saisie) - n° 2632,CD111,,Non renseigné,Après l'article 14,Première délibération,Blairy Emmanuel,"  Mme Bouquin, M. Dutremble, M. Evrard, M. Houssin, M. Humbert, Mme Lechanteux, M. David Magnier, M. Marchio, M. Markowsky, M. Meurin, Mme Roullaud, Mme Sabatini et M. Schreck",Développement durable,1ère lecture (1ère assemblée saisie),https://www.assemblee-nationale.fr/dyn/17/amendements/2632/CION-DVP/CD111,https://www.assemblee-nationale.fr/dyn/opendata/AMANR5L17PO419865B2632P0D1N000111.xml
PROTECTION ET SOUVERAINETÉ AGRICOLES,Amendement n° 112 - PROTECTION ET SOUVERAINETÉ AGRICOLES - 1ère lecture (1ère assemblée saisie) - n° 2632,CD112,,Non renseigné,Après l'article 14,Première délibération,Blairy Emmanuel,"  Mme Bouquin, M. Dutremble, M. Evrard, M. Guibert, M. Houssin, M. Humbert, Mme Lechanteux, M. David Magnier, M. Marchio, M. Markowsky, M. Meurin, Mme Roullaud, Mme Sabatini et M. Schreck",Développement durable,1ère lecture (1ère assemblée saisie),https://www.assemblee-nationale.fr/dyn/17/amendements/2632/CION-DVP/CD112,https://www.assemblee-nationale.fr/dyn/opendata/AMANR5L17PO419865B2632P0D1N000112.xml
PROTECTION ET SOUVERAINETÉ AGRICOLES,Amendement n° 113 - PROTECTION ET SOUVERAINETÉ AGRICOLES - 1ère lecture (1ère assemblée saisie) - n° 2632,CD113,,Non renseigné,Après l'article 14,Première délibération,Blairy Emmanuel,"  Mme Bouquin, M. Dutremble, M. Evrard, M. Guibert, M. Houssin, M. Humbert, Mme Lechanteux, M. David Magnier, M. Marchio, M. Markowsky, M. Meurin, Mme Roullaud et M. Schreck",Développement durable,1ère lecture (1ère assemblée saisie),https://www.assemblee-nationale.fr/dyn/17/amendements/2632/CION-DVP/CD113,https://www.assemblee-nationale.fr/dyn/opendata/AMANR5L17PO419865B2632P0D1N000113.xml
PROTECTION ET SOUVERAINETÉ AGRICOLES,Amendement n° 12 - PROTECTION ET SOUVERAINETÉ AGRICOLES - 1ère lecture (1ère assemblée saisie) - n° 2632,CD12,,Non renseigné,Article 14,Première délibération,Pantel Sophie,"  M. Rousset, Mme Froger, M. Vallaud, M. Fesneau, M. Peu, Mme Le Feur, M. Armand, M. Hollande, M. Potier, M. Bony, M. Philippe Brun, Mme Rossi, Mme Allemand, M. Aviragnet, Mme Battistel, M. Bazin, M. Benoit, Mme Bergantz, M. Bonnecarrère, Mme Sylvie Bonnet, Mme Bonnivard, M. Bothorel, M. Bouyx, M. Brard, M. Brugerolles, Mme Brulebois, M. Fabrice Brun, M. Buchou, Mme Buffet, M. Jean-René Cazeneuve, M. Ceccoli, M. Cordier, M. Cormier-Bouligeon, M. Criaud, M. Croizier, Mme Corneloup, M. Daubié, M. David, M. Delautrette, Mme Delpech, Mme Dombre Coste, Mme Dubré-Chirat, M. Dufau, M. Echaniz, M. Fait, M. Fégné, M. Fugit, Mme Got, Mme Perrine Goulet, M. Guedj, Mme Herouin-Léautey, M. Houlié, M. Huyghe, M. Jacques, Mme Klinkert, M. Lauzzana, M. Lecamp, Mme Létard, Mme Le Peih, M. Liégeon, Mme Lingemann, Mme Marsaud, M. Maurel, M. Marion, M. Masséglia, M. Mattei, M. Molac, M. Mongardien, M. Naegelen, M. Oberti, M. Ott, M. Padey, Mme Pirès Beaune, M. Proença, M. Ramos, M. Ray, Mme Riotton, Mme Ronceret, Mme Rouaux, Mme Santiago, M. Saulignac, M. Sorre, M. Taite, M. Taupiac, M. Terlier, Mme Thiébault-Martinez, Mme Thomin, M. Travert, M. Vermorel-Marques, Mme Vidal, M. Jean-Pierre Vigier, M. Philippe Vigier, M. Viry et M. Vuibert",Développement durable,1ère lecture (1ère assemblée saisie),https://www.assemblee-nationale.fr/dyn/17/amendements/2632/CION-DVP/CD12,https://www.assemblee-nationale.fr/dyn/opendata/AMANR5L17PO419865B2632P0D1N000012.xml
PROTECTION ET SOUVERAINETÉ AGRICOLES,Amendement n° 13 - PROTECTION ET SOUVERAINETÉ AGRICOLES - 1ère lecture (1ère assemblée saisie) - n° 2632,CD13,,Non renseigné,Article 14,Première délibération,Pantel Sophie,"  M. Rousset, Mme Froger, M. Vallaud, M. Fesneau, M. Peu, Mme Le Feur, M. Armand, M. Hollande, M. Potier, M. Bony, M. Philippe Brun, Mme Rossi, Mme Allemand, M. Aviragnet, Mme Battistel, M. Bazin, M. Benoit, Mme Bergantz, M. Bonnecarrère, Mme Sylvie Bonnet, Mme Bonnivard, M. Bothorel, M. Bouyx, M. Brard, M. Brugerolles, Mme Brulebois, M. Fabrice Brun, M. Buchou, Mme Buffet, M. Jean-René Cazeneuve, M. Ceccoli, M. Cordier, M. Cormier-Bouligeon, M. Criaud, M. Croizier, Mme Corneloup, M. Daubié, M. David, M. Delautrette, Mme Delpech, Mme Dombre Coste, Mme Dubré-Chirat, M. Dufau, M. Echaniz, M. Fait, M. Fégné, M. Fugit, Mme Got, Mme Perrine Goulet, M. Guedj, Mme Herouin-Léautey, M. Houlié, M. Huyghe, M. Jacques, Mme Klinkert, M. Lauzzana, M. Lecamp, Mme Létard, Mme Le Peih, M. Liégeon, Mme Lingemann, Mme Marsaud, M. Maurel, M. Marion, M. Masséglia, M. Mattei, M. Molac, M. Mongardien, M. Naegelen, M. Oberti, M. Ott, M. Padey, Mme Pirès Beaune, M. Proença, M. Ramos, M. Ray, Mme Riotton, Mme Ronceret, Mme Rouaux, Mme Santiago, M. Saulignac, M. Sorre, M. Taite, M. Taupiac, M. Terlier, Mme Thiébault-Martinez, Mme Thomin, M. Travert, M. Vermorel-Marques, Mme Vidal, M. Jean-Pierre Vigier, M. Philippe Vigier, M. Viry et M. Vuibert",Développement durable,1ère lecture (1ère assemblée saisie),https://www.assemblee-nationale.fr/dyn/17/amendements/2632/CION-DVP/CD13,https://www.assemblee-nationale.fr/dyn/opendata/AMANR5L17PO419865B2632P0D1N000013.xml
PROTECTION ET SOUVERAINETÉ AGRICOLES,Amendement n° 134 - PROTECTION ET SOUVERAINETÉ AGRICOLES - 1ère lecture (1ère assemblée saisie) - n° 2632,CD134,,Rejeté,Article 14,Première délibération,Grangier Géraldine,"  M. Blairy, Mme Bouquin, M. Dutremble, M. Evrard, M. Guibert, M. Houssin, M. Humbert, Mme Lechanteux, M. David Magnier, M. Marchio, M. Markowsky, M. Meurin, Mme Roullaud, Mme Sabatini et M. Schreck",Développement durable,1ère lecture (1ère assemblée saisie),https://www.assemblee-nationale.fr/dyn/17/amendements/2632/CION-DVP/CD134,https://www.assemblee-nationale.fr/dyn/opendata/AMANR5L17PO419865B2632P0D1N000134.xml
PROTECTION ET SOUVERAINETÉ AGRICOLES,Amendement n° 135 - PROTECTION ET SOUVERAINETÉ AGRICOLES - 1ère lecture (1ère assemblée saisie) - n° 2632,CD135,,Rejeté,Article 14,Première délibération,Grangier Géraldine,"  M. Blairy, Mme Bouquin, M. Dutremble, M. Evrard, M. Guibert, M. Houssin, M. Humbert, Mme Lechanteux, M. David Magnier, M. Marchio, M. Markowsky, M. Meurin, Mme Roullaud, Mme Sabatini et M. Schreck",Développement durable,1ère lecture (1ère assemblée saisie),https://www.assemblee-nationale.fr/dyn/17/amendements/2632/CION-DVP/CD135,https://www.assemblee-nationale.fr/dyn/opendata/AMANR5L17PO419865B2632P0D1N000135.xml
PROTECTION ET SOUVERAINETÉ AGRICOLES,Amendement n° 136 - PROTECTION ET SOUVERAINETÉ AGRICOLES - 1ère lecture (1ère assemblée saisie) - n° 2632,CD136,,Rejeté,Article 14,Première délibération,Grangier Géraldine,"  M. Blairy, Mme Bouquin, M. Dutremble, M. Evrard, M. Guibert, M. Houssin, M. Humbert, Mme Lechanteux, M. David Magnier, M. Marchio, M. Markowsky, M. Meurin, Mme Roullaud, Mme Sabatini et M. Schreck",Développement durable,1ère lecture (1ère assemblée saisie),https://www.assemblee-nationale.fr/dyn/17/amendements/2632/CION-DVP/CD136,https://www.assemblee-nationale.fr/dyn/opendata/AMANR5L17PO419865B2632P0D1N000136.xml
PROTECTION ET SOUVERAINETÉ AGRICOLES,Amendement n° 137 - PROTECTION ET SOUVERAINETÉ AGRICOLES - 1ère lecture (1ère assemblée saisie) - n° 2632,CD137,,Rejeté,Article 14,Première délibération,Grangier Géraldine,"  M. Blairy, Mme Bouquin, M. Dutremble, M. Evrard, M. Guibert, M. Houssin, M. Humbert, Mme Lechanteux, M. David Magnier, M. Marchio, M. Markowsky, M. Meurin, Mme Roullaud, Mme Sabatini et M. Schreck",Développement durable,1ère lecture (1ère assemblée saisie),https://www.assemblee-nationale.fr/dyn/17/amendements/2632/CION-DVP/CD137,https://www.assemblee-nationale.fr/dyn/opendata/AMANR5L17PO419865B2632P0D1N000137.xml
PROTECTION ET SOUVERAINETÉ AGRICOLES,Amendement n° 139 - PROTECTION ET SOUVERAINETÉ AGRICOLES - 1ère lecture (1ère assemblée saisie) - n° 2632,CD139,,Rejeté,Article 14,Première délibération,Grangier Géraldine,"  M. Blairy, Mme Bouquin, M. Dutremble, M. Evrard, M. Guibert, M. Houssin, M. Humbert, Mme Lechanteux, M. David Magnier, M. Marchio, M. Markowsky, M. Meurin, Mme Roullaud, Mme Sabatini et M. Schreck",Développement durable,1ère lecture (1ère assemblée saisie),https://www.assemblee-nationale.fr/dyn/17/amendements/2632/CION-DVP/CD139,https://www.assemblee-nationale.fr/dyn/opendata/AMANR5L17PO419865B2632P0D1N000139.xml
PROTECTION ET SOUVERAINETÉ AGRICOLES,Amendement n° 14 - PROTECTION ET SOUVERAINETÉ AGRICOLES - 1ère lecture (1ère assemblée saisie) - n° 2632,CD14,,Non renseigné,Article 14,Première délibération,Pantel Sophie,"  M. Rousset, Mme Froger, M. Vallaud, M. Fesneau, M. Peu, Mme Le Feur, M. Armand, M. Hollande, M. Potier, M. Bony, M. Philippe Brun, Mme Rossi, Mme Allemand, M. Aviragnet, Mme Battistel, M. Bazin, M. Benoit, Mme Bergantz, M. Bonnecarrère, Mme Sylvie Bonnet, Mme Bonnivard, M. Bothorel, M. Bouyx, M. Brard, M. Brugerolles, Mme Brulebois, M. Fabrice Brun, M. Buchou, Mme Buffet, M. Jean-René Cazeneuve, M. Ceccoli, M. Cordier, M. Cormier-Bouligeon, M. Criaud, M. Croizier, Mme Corneloup, M. Daubié, M. David, M. Delautrette, Mme Delpech, Mme Dombre Coste, Mme Dubré-Chirat, M. Dufau, M. Echaniz, M. Fait, M. Fégné, M. Fugit, Mme Got, Mme Perrine Goulet, M. Guedj, Mme Herouin-Léautey, M. Houlié, M. Huyghe, M. Jacques, Mme Klinkert, M. Lauzzana, M. Lecamp, Mme Létard, Mme Le Peih, M. Liégeon, Mme Lingemann, Mme Marsaud, M. Maurel, M. Marion, M. Masséglia, M. Mattei, M. Molac, M. Mongardien, M. Naegelen, M. Oberti, M. Ott, M. Padey, Mme Pirès Beaune, M. Proença, M. Ramos, M. Ray, Mme Riotton, Mme Ronceret, Mme Rouaux, Mme Santiago, M. Saulignac, M. Sorre, M. Taite, M. Taupiac, M. Terlier, Mme Thiébault-Martinez, Mme Thomin, M. Travert, M. Vermorel-Marques, Mme Vidal, M. Jean-Pierre Vigier, M. Philippe Vigier, M. Viry et M. Vuibert",Développement durable,1ère lecture (1ère assemblée saisie),https://www.assemblee-nationale.fr/dyn/17/amendements/2632/CION-DVP/CD14,https://www.assemblee-nationale.fr/dyn/opendata/AMANR5L17PO419865B2632P0D1N000014.xml
PROTECTION ET SOUVERAINETÉ AGRICOLES,Amendement n° 141 - PROTECTION ET SOUVERAINETÉ AGRICOLES - 1ère lecture (1ère assemblée saisie) - n° 2632,CD141,,Rejeté,Article 14,Première délibération,Grangier Géraldine,"  M. Blairy, Mme Bouquin, M. Dutremble, M. Evrard, M. Guibert, M. Houssin, M. Humbert, Mme Lechanteux, M. David Magnier, M. Marchio, M. Markowsky, M. Meurin, Mme Roullaud, Mme Sabatini et M. Schreck",Développement durable,1ère lecture (1ère assemblée saisie),https://www.assemblee-nationale.fr/dyn/17/amendements/2632/CION-DVP/CD141,https://www.assemblee-nationale.fr/dyn/opendata/AMANR5L17PO419865B2632P0D1N000141.xml
PROTECTION ET SOUVERAINETÉ AGRICOLES,Amendement n° 162 - PROTECTION ET SOUVERAINETÉ AGRICOLES - 1ère lecture (1ère assemblée saisie) - n° 2632,CD162,,Rejeté,Article 14,Première délibération,Brun Fabrice,"  M. Ray, M. Brigand, M. Cordier, Mme Sylvie Bonnet, M. Descoeur, M. Portier, Mme Corneloup et Mme Duby-Muller",Développement durable,1ère lecture (1ère assemblée saisie),https://www.assemblee-nationale.fr/dyn/17/amendements/2632/CION-DVP/CD162,https://www.assemblee-nationale.fr/dyn/opendata/AMANR5L17PO419865B2632P0D1N000162.xml
PROTECTION ET SOUVERAINETÉ AGRICOLES,Amendement n° 163 - PROTECTION ET SOUVERAINETÉ AGRICOLES - 1ère lecture (1ère assemblée saisie) - n° 2632,CD163,,Non renseigné,Article 14,Première délibération,Brun Fabrice,"  M. Ray, M. Brigand, M. Cordier, Mme Sylvie Bonnet, M. Descoeur, M. Portier, Mme Corneloup et Mme Duby-Muller",Développement durable,1ère lecture (1ère assemblée saisie),https://www.assemblee-nationale.fr/dyn/17/amendements/2632/CION-DVP/CD163,https://www.assemblee-nationale.fr/dyn/opendata/AMANR5L17PO419865B2632P0D1N000163.xml
PROTECTION ET SOUVERAINETÉ AGRICOLES,Amendement n° 164 - PROTECTION ET SOUVERAINETÉ AGRICOLES - 1ère lecture (1ère assemblée saisie) - n° 2632,CD164,,Non soutenu,Article 14,Première délibération,Brun Fabrice,"  M. Ray, M. Brigand, M. Cordier, Mme Sylvie Bonnet, M. Descoeur, M. Portier, Mme Corneloup et Mme Duby-Muller",Développement durable,1ère lecture (1ère assemblée saisie),https://www.assemblee-nationale.fr/dyn/17/amendements/2632/CION-DVP/CD164,https://www.assemblee-nationale.fr/dyn/opendata/AMANR5L17PO419865B2632P0D1N000164.xml
PROTECTION ET SOUVERAINETÉ AGRICOLES,Amendement n° 176 - PROTECTION ET SOUVERAINETÉ AGRICOLES - 1ère lecture (1ère assemblée saisie) - n° 2632,CD176,,Tombé,Article 14,Première délibération,Brun Fabrice,"  M. Ray, M. Brigand, M. Cordier, Mme Sylvie Bonnet, M. Portier, Mme Corneloup et Mme Duby-Muller",Développement durable,1ère lecture (1ère assemblée saisie),https://www.assemblee-nationale.fr/dyn/17/amendements/2632/CION-DVP/CD176,https://www.assemblee-nationale.fr/dyn/opendata/AMANR5L17PO419865B2632P0D1N000176.xml
PROTECTION ET SOUVERAINETÉ AGRICOLES,Amendement n° 177 - PROTECTION ET SOUVERAINETÉ AGRICOLES - 1ère lecture (1ère assemblée saisie) - n° 2632,CD177,,Non soutenu,Article 14,Première délibération,Brulebois Danielle,,Développement durable,1ère lecture (1ère assemblée saisie),https://www.assemblee-nationale.fr/dyn/17/amendements/2632/CION-DVP/CD177,https://www.assemblee-nationale.fr/dyn/opendata/AMANR5L17PO419865B2632P0D1N000177.xml
PROTECTION ET SOUVERAINETÉ AGRICOLES,Amendement n° 178 - PROTECTION ET SOUVERAINETÉ AGRICOLES - 1ère lecture (1ère assemblée saisie) - n° 2632,CD178,,Adopté,Article 14,Première délibération,Bonnivard Émilie,  M. Ray et M. Rolland,Développement durable,1ère lecture (1ère assemblée saisie),https://www.assemblee-nationale.fr/dyn/17/amendements/2632/CION-DVP/CD178,https://www.assemblee-nationale.fr/dyn/opendata/AMANR5L17PO419865B2632P0D1N000178.xml
PROTECTION ET SOUVERAINETÉ AGRICOLES,Amendement n° 179 - PROTECTION ET SOUVERAINETÉ AGRICOLES - 1ère lecture (1ère assemblée saisie) - n° 2632,CD179,,Non soutenu,Article 14,Première délibération,Brun Fabrice,"  M. Ray, M. Brigand, M. Cordier, Mme Sylvie Bonnet, M. Portier, Mme Corneloup et Mme Duby-Muller",Développement durable,1ère lecture (1ère assemblée saisie),https://www.assemblee-nationale.fr/dyn/17/amendements/2632/CION-DVP/CD179,https://www.assemblee-nationale.fr/dyn/opendata/AMANR5L17PO419865B2632P0D1N000179.xml
PROTECTION ET SOUVERAINETÉ AGRICOLES,Amendement n° 180 - PROTECTION ET SOUVERAINETÉ AGRICOLES - 1ère lecture (1ère assemblée saisie) - n° 2632,CD180,,Rejeté,Article 14,Première délibération,Dutremble Aurélien,"  M. Blairy, Mme Bouquin, M. Evrard, M. Guibert, M. Houssin, M. Humbert, Mme Lechanteux, M. David Magnier, M. Marchio, M. Markowsky, M. Meurin, Mme Roullaud, Mme Sabatini, M. Schreck et M. Tivoli",Développement durable,1ère lecture (1ère assemblée saisie),https://www.assemblee-nationale.fr/dyn/17/amendements/2632/CION-DVP/CD180,https://www.assemblee-nationale.fr/dyn/opendata/AMANR5L17PO419865B2632P0D1N000180.xml
PROTECTION ET SOUVERAINETÉ AGRICOLES,Amendement n° 181 - PROTECTION ET SOUVERAINETÉ AGRICOLES - 1ère lecture (1ère assemblée saisie) - n° 2632,CD181,,Rejeté,Article 14,Première délibération,Dutremble Aurélien,"  M. Blairy, Mme Bouquin, M. Evrard, M. Guibert, M. Houssin, M. Humbert, Mme Lechanteux, M. David Magnier, M. Marchio, M. Markowsky, M. Meurin, Mme Roullaud, Mme Sabatini, M. Schreck et M. Tivoli",Développement durable,1ère lecture (1ère assemblée saisie),https://www.assemblee-nationale.fr/dyn/17/amendements/2632/CION-DVP/CD181,https://www.assemblee-nationale.fr/dyn/opendata/AMANR5L17PO419865B2632P0D1N000181.xml
PROTECTION ET SOUVERAINETÉ AGRICOLES,Amendement n° 182 - PROTECTION ET SOUVERAINETÉ AGRICOLES - 1ère lecture (1ère assemblée saisie) - n° 2632,CD182,,Non renseigné,Article 14,Première délibération,Dutremble Aurélien,"  M. Blairy, Mme Bouquin, M. Evrard, M. Guibert, M. Houssin, M. Humbert, Mme Lechanteux, M. David Magnier, M. Marchio, M. Markowsky, M. Meurin, Mme Roullaud, Mme Sabatini, M. Schreck et M. Tivoli",Développement durable,1ère lecture (1ère assemblée saisie),https://www.assemblee-nationale.fr/dyn/17/amendements/2632/CION-DVP/CD182,https://www.assemblee-nationale.fr/dyn/opendata/AMANR5L17PO419865B2632P0D1N000182.xml
PROTECTION ET SOUVERAINETÉ AGRICOLES,Amendement n° 186 - PROTECTION ET SOUVERAINETÉ AGRICOLES - 1ère lecture (1ère assemblée saisie) - n° 2632,CD186,,Rejeté,Article 14,Première délibération,Pantel Sophie,"  Mme Rossi, Mme Allemand, Mme Thomin, M. Potier, M. Delautrette, M. Dufau, M. Eskenazi, M. Fégné, Mme Jourdan, M. Leseul, M. Barusseau et M. Roussel",Développement durable,1ère lecture (1ère assemblée saisie),https://www.assemblee-nationale.fr/dyn/17/amendements/2632/CION-DVP/CD186,https://www.assemblee-nationale.fr/dyn/opendata/AMANR5L17PO419865B2632P0D1N000186.xml
PROTECTION ET SOUVERAINETÉ AGRICOLES,Amendement n° 187 - PROTECTION ET SOUVERAINETÉ AGRICOLES - 1ère lecture (1ère assemblée saisie) - n° 2632,CD187,,Tombé,Article 14,Première délibération,Rossi Valérie,"  Mme Pantel, Mme Allemand, Mme Thomin, M. Potier, M. Delautrette, M. Dufau, M. Eskenazi, M. Fégné, Mme Jourdan, M. Leseul, M. Barusseau et M. Roussel",Développement durable,1ère lecture (1ère assemblée saisie),https://www.assemblee-nationale.fr/dyn/17/amendements/2632/CION-DVP/CD187,https://www.assemblee-nationale.fr/dyn/opendata/AMANR5L17PO419865B2632P0D1N000187.xml
PROTECTION ET SOUVERAINETÉ AGRICOLES,Amendement n° 188 - PROTECTION ET SOUVERAINETÉ AGRICOLES - 1ère lecture (1ère assemblée saisie) - n° 2632,CD188,,Tombé,Article 14,Première délibération,Allemand Marie-José,"  Mme Pantel, Mme Rossi, Mme Thomin, M. Potier, M. Delautrette, M. Dufau, M. Eskenazi, M. Fégné, Mme Jourdan, M. Leseul, M. Barusseau et M. Roussel",Développement durable,1ère lecture (1ère assemblée saisie),https://www.assemblee-nationale.fr/dyn/17/amendements/2632/CION-DVP/CD188,https://www.assemblee-nationale.fr/dyn/opendata/AMANR5L17PO419865B2632P0D1N000188.xml
PROTECTION ET SOUVERAINETÉ AGRICOLES,Amendement n° 189 - PROTECTION ET SOUVERAINETÉ AGRICOLES - 1ère lecture (1ère assemblée saisie) - n° 2632,CD189,,Tombé,Article 14,Première délibération,Allemand Marie-José,"  Mme Pantel, Mme Rossi, Mme Thomin, M. Potier, M. Delautrette, M. Dufau, M. Eskenazi, M. Fégné, Mme Jourdan, M. Leseul, M. Barusseau et M. Roussel",Développement durable,1ère lecture (1ère assemblée saisie),https://www.assemblee-nationale.fr/dyn/17/amendements/2632/CION-DVP/CD189,https://www.assemblee-nationale.fr/dyn/opendata/AMANR5L17PO419865B2632P0D1N000189.xml
PROTECTION ET SOUVERAINETÉ AGRICOLES,Amendement n° 190 - PROTECTION ET SOUVERAINETÉ AGRICOLES - 1ère lecture (1ère assemblée saisie) - n° 2632,CD190,,Tombé,Article 14,Première délibération,Allemand Marie-José,"  Mme Pantel, Mme Rossi, Mme Thomin, M. Potier, M. Delautrette, M. Dufau, M. Eskenazi, M. Fégné, Mme Jourdan, M. Leseul, M. Barusseau et M. Roussel",Développement durable,1ère lecture (1ère assemblée saisie),https://www.assemblee-nationale.fr/dyn/17/amendements/2632/CION-DVP/CD190,https://www.assemblee-nationale.fr/dyn/opendata/AMANR5L17PO419865B2632P0D1N000190.xml
PROTECTION ET SOUVERAINETÉ AGRICOLES,Amendement n° 191 - PROTECTION ET SOUVERAINETÉ AGRICOLES - 1ère lecture (1ère assemblée saisie) - n° 2632,CD191,,Rejeté,Article 14,Première délibération,Allemand Marie-José,"  Mme Pantel, Mme Rossi, Mme Thomin, M. Potier, M. Delautrette, M. Dufau, M. Eskenazi, M. Fégné, Mme Jourdan, M. Leseul, M. Barusseau et M. Roussel",Développement durable,1ère lecture (1ère assemblée saisie),https://www.assemblee-nationale.fr/dyn/17/amendements/2632/CION-DVP/CD191,https://www.assemblee-nationale.fr/dyn/opendata/AMANR5L17PO419865B2632P0D1N000191.xml
PROTECTION ET SOUVERAINETÉ AGRICOLES,Amendement n° 192 - PROTECTION ET SOUVERAINETÉ AGRICOLES - 1ère lecture (1ère assemblée saisie) - n° 2632,CD192,,Non renseigné,Article 14,Première délibération,Allemand Marie-José,"  Mme Pantel, Mme Rossi, Mme Thomin, M. Potier, M. Delautrette, M. Dufau, M. Eskenazi, M. Fégné, Mme Jourdan, M. Leseul, M. Barusseau et M. Roussel",Développement durable,1ère lecture (1ère assemblée saisie),https://www.assemblee-nationale.fr/dyn/17/amendements/2632/CION-DVP/CD192,https://www.assemblee-nationale.fr/dyn/opendata/AMANR5L17PO419865B2632P0D1N000192.xml
PROTECTION ET SOUVERAINETÉ AGRICOLES,Amendement n° 193 - PROTECTION ET SOUVERAINETÉ AGRICOLES - 1ère lecture (1ère assemblée saisie) - n° 2632,CD193,,Rejeté,Article 14,Première délibération,Pantel Sophie,"  Mme Rossi, Mme Allemand, Mme Thomin, M. Potier, M. Delautrette, M. Dufau, M. Eskenazi, M. Fégné, Mme Jourdan, M. Leseul, M. Barusseau et M. Roussel",Développement durable,1ère lecture (1ère assemblée saisie),https://www.assemblee-nationale.fr/dyn/17/amendements/2632/CION-DVP/CD193,https://www.assemblee-nationale.fr/dyn/opendata/AMANR5L17PO419865B2632P0D1N000193.xml
PROTECTION ET SOUVERAINETÉ AGRICOLES,Amendement n° 194 - PROTECTION ET SOUVERAINETÉ AGRICOLES - 1ère lecture (1ère assemblée saisie) - n° 2632,CD194,,Retiré,Article 14,Première délibération,Pantel Sophie,"  Mme Rossi, Mme Allemand, Mme Thomin, M. Potier, M. Delautrette, M. Dufau, M. Eskenazi, M. Fégné, Mme Jourdan, M. Leseul, M. Barusseau et M. Roussel",Développement durable,1ère lecture (1ère assemblée saisie),https://www.assemblee-nationale.fr/dyn/17/amendements/2632/CION-DVP/CD194,https://www.assemblee-nationale.fr/dyn/opendata/AMANR5L17PO419865B2632P0D1N000194.xml
PROTECTION ET SOUVERAINETÉ AGRICOLES,Amendement n° 195 - PROTECTION ET SOUVERAINETÉ AGRICOLES - 1ère lecture (1ère assemblée saisie) - n° 2632,CD195,,Adopté,Article 14,Première délibération,Pantel Sophie,"  Mme Rossi, Mme Allemand, Mme Thomin, M. Potier, M. Delautrette, M. Dufau, M. Eskenazi, M. Fégné, Mme Jourdan, M. Leseul, M. Barusseau et M. Roussel",Développement durable,1ère lecture (1ère assemblée saisie),https://www.assemblee-nationale.fr/dyn/17/amendements/2632/CION-DVP/CD195,https://www.assemblee-nationale.fr/dyn/opendata/AMANR5L17PO419865B2632P0D1N000195.xml
PROTECTION ET SOUVERAINETÉ AGRICOLES,Amendement n° 196 - PROTECTION ET SOUVERAINETÉ AGRICOLES - 1ère lecture (1ère assemblée saisie) - n° 2632,CD196,,Retiré,Article 14,Première délibération,Pantel Sophie,"  Mme Rossi, Mme Allemand, Mme Thomin, M. Potier, M. Delautrette, M. Dufau, M. Eskenazi, M. Fégné, Mme Jourdan, M. Leseul, M. Barusseau et M. Roussel",Développement durable,1ère lecture (1ère assemblée saisie),https://www.assemblee-nationale.fr/dyn/17/amendements/2632/CION-DVP/CD196,https://www.assemblee-nationale.fr/dyn/opendata/AMANR5L17PO419865B2632P0D1N000196.xml
PROTECTION ET SOUVERAINETÉ AGRICOLES,Amendement n° 197 - PROTECTION ET SOUVERAINETÉ AGRICOLES - 1ère lecture (1ère assemblée saisie) - n° 2632,CD197,,Tombé,Article 14,Première délibération,Rossi Valérie,"  Mme Allemand, Mme Pantel, Mme Thomin, M. Potier, M. Delautrette, M. Dufau, M. Eskenazi, M. Fégné, Mme Jourdan, M. Leseul, M. Barusseau et M. Roussel",Développement durable,1ère lecture (1ère assemblée saisie),https://www.assemblee-nationale.fr/dyn/17/amendements/2632/CION-DVP/CD197,https://www.assemblee-nationale.fr/dyn/opendata/AMANR5L17PO419865B2632P0D1N000197.xml
PROTECTION ET SOUVERAINETÉ AGRICOLES,Amendement n° 198 - PROTECTION ET SOUVERAINETÉ AGRICOLES - 1ère lecture (1ère assemblée saisie) - n° 2632,CD198,,Rejeté,Article 14,Première délibération,Rossi Valérie,"  Mme Allemand, Mme Pantel, Mme Thomin, M. Potier, M. Delautrette, M. Dufau, M. Eskenazi, M. Fégné, Mme Jourdan, M. Leseul, M. Barusseau et M. Roussel",Développement durable,1ère lecture (1ère assemblée saisie),https://www.assemblee-nationale.fr/dyn/17/amendements/2632/CION-DVP/CD198,https://www.assemblee-nationale.fr/dyn/opendata/AMANR5L17PO419865B2632P0D1N000198.xml
PROTECTION ET SOUVERAINETÉ AGRICOLES,Amendement n° 199 - PROTECTION ET SOUVERAINETÉ AGRICOLES - 1ère lecture (1ère assemblée saisie) - n° 2632,CD199,,Retiré,Article 14,Première délibération,Rossi Valérie,"  Mme Allemand, Mme Pantel, Mme Thomin, M. Potier, M. Delautrette, M. Dufau, M. Eskenazi, M. Fégné, Mme Jourdan, M. Leseul, M. Barusseau et M. Roussel",Développement durable,1ère lecture (1ère assemblée saisie),https://www.assemblee-nationale.fr/dyn/17/amendements/2632/CION-DVP/CD199,https://www.assemblee-nationale.fr/dyn/opendata/AMANR5L17PO419865B2632P0D1N000199.xml
PROTECTION ET SOUVERAINETÉ AGRICOLES,Amendement n° 2 - PROTECTION ET SOUVERAINETÉ AGRICOLES - 1ère lecture (1ère assemblée saisie) - n° 2632,CD2,,Non renseigné,Après l'article 14,Première délibération,Pantel Sophie,,Développement durable,1ère lecture (1ère assemblée saisie),https://www.assemblee-nationale.fr/dyn/17/amendements/2632/CION-DVP/CD2,https://www.assemblee-nationale.fr/dyn/opendata/AMANR5L17PO419865B2632P0D1N000002.xml
PROTECTION ET SOUVERAINETÉ AGRICOLES,Amendement n° 217 - PROTECTION ET SOUVERAINETÉ AGRICOLES - 1ère lecture (1ère assemblée saisie) - n° 2632,CD217,,Non soutenu,Article 14,Première délibération,Brulebois Danielle,,Développement durable,1ère lecture (1ère assemblée saisie),https://www.assemblee-nationale.fr/dyn/17/amendements/2632/CION-DVP/CD217,https://www.assemblee-nationale.fr/dyn/opendata/AMANR5L17PO419865B2632P0D1N000217.xml
PROTECTION ET SOUVERAINETÉ AGRICOLES,Amendement n° 218 - PROTECTION ET SOUVERAINETÉ AGRICOLES - 1ère lecture (1ère assemblée saisie) - n° 2632,CD218,,Non soutenu,Article 14,Première délibération,Brulebois Danielle,,Développement durable,1ère lecture (1ère assemblée saisie),https://www.assemblee-nationale.fr/dyn/17/amendements/2632/CION-DVP/CD218,https://www.assemblee-nationale.fr/dyn/opendata/AMANR5L17PO419865B2632P0D1N000218.xml
PROTECTION ET SOUVERAINETÉ AGRICOLES,Amendement n° 220 - PROTECTION ET SOUVERAINETÉ AGRICOLES - 1ère lecture (1ère assemblée saisie) - n° 2632,CD220,,Non soutenu,Article 14,Première délibération,Brulebois Danielle,,Développement durable,1ère lecture (1ère assemblée saisie),https://www.assemblee-nationale.fr/dyn/17/amendements/2632/CION-DVP/CD220,https://www.assemblee-nationale.fr/dyn/opendata/AMANR5L17PO419865B2632P0D1N000220.xml
PROTECTION ET SOUVERAINETÉ AGRICOLES,Amendement n° 221 - PROTECTION ET SOUVERAINETÉ AGRICOLES - 1ère lecture (1ère assemblée saisie) - n° 2632,CD221,,Non soutenu,Article 14,Première délibération,Brulebois Danielle,,Développement durable,1ère lecture (1ère assemblée saisie),https://www.assemblee-nationale.fr/dyn/17/amendements/2632/CION-DVP/CD221,https://www.assemblee-nationale.fr/dyn/opendata/AMANR5L17PO419865B2632P0D1N000221.xml
PROTECTION ET SOUVERAINETÉ AGRICOLES,Amendement n° 224 - PROTECTION ET SOUVERAINETÉ AGRICOLES - 1ère lecture (1ère assemblée saisie) - n° 2632,CD224,,Retiré,Article 14,Première délibération,Descoeur Vincent,"  M. Bony, M. Ray, Mme Sylvie Bonnet, M. Cordier, M. Boucard, Mme Corneloup et M. Portier",Développement durable,1ère lecture (1ère assemblée saisie),https://www.assemblee-nationale.fr/dyn/17/amendements/2632/CION-DVP/CD224,https://www.assemblee-nationale.fr/dyn/opendata/AMANR5L17PO419865B2632P0D1N000224.xml
PROTECTION ET SOUVERAINETÉ AGRICOLES,Amendement n° 225 - PROTECTION ET SOUVERAINETÉ AGRICOLES - 1ère lecture (1ère assemblée saisie) - n° 2632,CD225,,Retiré,Article 14,Première délibération,Descoeur Vincent,"  M. Bony, M. Ray, Mme Sylvie Bonnet, M. Cordier, M. Boucard, Mme Corneloup et M. Portier",Développement durable,1ère lecture (1ère assemblée saisie),https://www.assemblee-nationale.fr/dyn/17/amendements/2632/CION-DVP/CD225,https://www.assemblee-nationale.fr/dyn/opendata/AMANR5L17PO419865B2632P0D1N000225.xml
PROTECTION ET SOUVERAINETÉ AGRICOLES,Amendement n° 226 - PROTECTION ET SOUVERAINETÉ AGRICOLES - 1ère lecture (1ère assemblée saisie) - n° 2632,CD226,,Rejeté,Article 14,Première délibération,Descoeur Vincent,"  M. Bony, M. Ray, Mme Sylvie Bonnet, M. Cordier, M. Boucard, Mme Corneloup et M. Portier",Développement durable,1ère lecture (1ère assemblée saisie),https://www.assemblee-nationale.fr/dyn/17/amendements/2632/CION-DVP/CD226,https://www.assemblee-nationale.fr/dyn/opendata/AMANR5L17PO419865B2632P0D1N000226.xml
PROTECTION ET SOUVERAINETÉ AGRICOLES,Amendement n° 227 - PROTECTION ET SOUVERAINETÉ AGRICOLES - 1ère lecture (1ère assemblée saisie) - n° 2632,CD227,,Retiré,Article 14,Première délibération,Descoeur Vincent,"  M. Bony, M. Ray, Mme Sylvie Bonnet, M. Cordier, M. Boucard, Mme Corneloup et M. Portier",Développement durable,1ère lecture (1ère assemblée saisie),https://www.assemblee-nationale.fr/dyn/17/amendements/2632/CION-DVP/CD227,https://www.assemblee-nationale.fr/dyn/opendata/AMANR5L17PO419865B2632P0D1N000227.xml
PROTECTION ET SOUVERAINETÉ AGRICOLES,Amendement n° 232 - PROTECTION ET SOUVERAINETÉ AGRICOLES - 1ère lecture (1ère assemblée saisie) - n° 2632,CD232,,Non renseigné,Article 14,Première délibération,Descoeur Vincent,"  M. Bony, M. Fabrice Brun, M. Ceccoli, M. Liégeon, M. Vermorel-Marques, M. Jean-Pierre Vigier et Mme Minard",Développement durable,1ère lecture (1ère assemblée saisie),https://www.assemblee-nationale.fr/dyn/17/amendements/2632/CION-DVP/CD232,https://www.assemblee-nationale.fr/dyn/opendata/AMANR5L17PO419865B2632P0D1N000232.xml
PROTECTION ET SOUVERAINETÉ AGRICOLES,Amendement n° 238 - PROTECTION ET SOUVERAINETÉ AGRICOLES - 1ère lecture (1ère assemblée saisie) - n° 2632,CD238,,Retiré,Article 14,Première délibération,Warsmann Jean-Luc,,Développement durable,1ère lecture (1ère assemblée saisie),https://www.assemblee-nationale.fr/dyn/17/amendements/2632/CION-DVP/CD238,https://www.assemblee-nationale.fr/dyn/opendata/AMANR5L17PO419865B2632P0D1N000238.xml
PROTECTION ET SOUVERAINETÉ AGRICOLES,Amendement n° 240 - PROTECTION ET SOUVERAINETÉ AGRICOLES - 1ère lecture (1ère assemblée saisie) - n° 2632,CD240,,Retiré,Article 14,Première délibération,Warsmann Jean-Luc,,Développement durable,1ère lecture (1ère assemblée saisie),https://www.assemblee-nationale.fr/dyn/17/amendements/2632/CION-DVP/CD240,https://www.assemblee-nationale.fr/dyn/opendata/AMANR5L17PO419865B2632P0D1N000240.xml
PROTECTION ET SOUVERAINETÉ AGRICOLES,Amendement n° 243 - PROTECTION ET SOUVERAINETÉ AGRICOLES - 1ère lecture (1ère assemblée saisie) - n° 2632,CD243,,Non renseigné,Article 14,Première délibération,Warsmann Jean-Luc,,Développement durable,1ère lecture (1ère assemblée saisie),https://www.assemblee-nationale.fr/dyn/17/amendements/2632/CION-DVP/CD243,https://www.assemblee-nationale.fr/dyn/opendata/AMANR5L17PO419865B2632P0D1N000243.xml
PROTECTION ET SOUVERAINETÉ AGRICOLES,Amendement n° 247 - PROTECTION ET SOUVERAINETÉ AGRICOLES - 1ère lecture (1ère assemblée saisie) - n° 2632,CD247,,Retiré,Article 14,Première délibération,Warsmann Jean-Luc,,Développement durable,1ère lecture (1ère assemblée saisie),https://www.assemblee-nationale.fr/dyn/17/amendements/2632/CION-DVP/CD247,https://www.assemblee-nationale.fr/dyn/opendata/AMANR5L17PO419865B2632P0D1N000247.xml
PROTECTION ET SOUVERAINETÉ AGRICOLES,Amendement n° 251 - PROTECTION ET SOUVERAINETÉ AGRICOLES - 1ère lecture (1ère assemblée saisie) - n° 2632,CD251,,Retiré,Article 14,Première délibération,Warsmann Jean-Luc,,Développement durable,1ère lecture (1ère assemblée saisie),https://www.assemblee-nationale.fr/dyn/17/amendements/2632/CION-DVP/CD251,https://www.assemblee-nationale.fr/dyn/opendata/AMANR5L17PO419865B2632P0D1N000251.xml
PROTECTION ET SOUVERAINETÉ AGRICOLES,Amendement n° 255 - PROTECTION ET SOUVERAINETÉ AGRICOLES - 1ère lecture (1ère assemblée saisie) - n° 2632,CD255,,Rejeté,Article 14,Première délibération,Pochon Marie,"  Mme Voynet, M. Biteau, Mme Belluco, M. Nicolas Bonnet, Mme Ozenne, M. Raux, M. Thierry, M. Amirshahi, Mme Arrighi, Mme Autain, Mme Balage El Mariky, M. Ben Cheikh, M. Arnaud Bonnet, Mme Chatelain, M. Corbière, M. Davi, M. Duplessy, M. Fournier, Mme Garin, M. Damien Girard, M. Gustave, Mme Catherine Hervieu, M. Iordanoff, Mme Laernoes, M. Lahais, M. Lucas-Lundy, M. Peytavie, Mme Regol, M. Roumégas, Mme Sandrine Rousseau, M. Ruffin, Mme Sas, Mme Sebaihi, Mme Simonnet, Mme Taillé-Polian et M. Tavernier",Développement durable,1ère lecture (1ère assemblée saisie),https://www.assemblee-nationale.fr/dyn/17/amendements/2632/CION-DVP/CD255,https://www.assemblee-nationale.fr/dyn/opendata/AMANR5L17PO419865B2632P0D1N000255.xml
PROTECTION ET SOUVERAINETÉ AGRICOLES,Amendement n° 256 - PROTECTION ET SOUVERAINETÉ AGRICOLES - 1ère lecture (1ère assemblée saisie) - n° 2632,CD256,,Non renseigné,Après l'article 14,Première délibération,Le Gac Didier,"  M. Bothorel, Mme Liliana Tanguy, M. Molac, M. Ray, Mme Firmin Le Bodo et Mme Dubré-Chirat",Développement durable,1ère lecture (1ère assemblée saisie),https://www.assemblee-nationale.fr/dyn/17/amendements/2632/CION-DVP/CD256,https://www.assemblee-nationale.fr/dyn/opendata/AMANR5L17PO419865B2632P0D1N000256.xml
PROTECTION ET SOUVERAINETÉ AGRICOLES,Amendement n° 257 - PROTECTION ET SOUVERAINETÉ AGRICOLES - 1ère lecture (1ère assemblée saisie) - n° 2632,CD257,,Rejeté,Article 14,Première délibération,Pochon Marie,"  Mme Voynet, M. Biteau, Mme Belluco, M. Nicolas Bonnet, Mme Ozenne, M. Raux, M. Thierry, M. Amirshahi, Mme Arrighi, Mme Autain, Mme Balage El Mariky, M. Ben Cheikh, M. Arnaud Bonnet, Mme Chatelain, M. Corbière, M. Davi, M. Duplessy, M. Fournier, Mme Garin, M. Damien Girard, M. Gustave, Mme Catherine Hervieu, M. Iordanoff, Mme Laernoes, M. Lahais, M. Lucas-Lundy, M. Peytavie, Mme Regol, M. Roumégas, Mme Sandrine Rousseau, M. Ruffin, Mme Sas, Mme Sebaihi, Mme Simonnet, Mme Taillé-Polian et M. Tavernier",Développement durable,1ère lecture (1ère assemblée saisie),https://www.assemblee-nationale.fr/dyn/17/amendements/2632/CION-DVP/CD257,https://www.assemblee-nationale.fr/dyn/opendata/AMANR5L17PO419865B2632P0D1N000257.xml
PROTECTION ET SOUVERAINETÉ AGRICOLES,Amendement n° 258 - PROTECTION ET SOUVERAINETÉ AGRICOLES - 1ère lecture (1ère assemblée saisie) - n° 2632,CD258,,Rejeté,Article 14,Première délibération,Blairy Emmanuel,"  Mme Bouquin, M. Dutremble, M. Evrard, M. Guibert, M. Houssin, M. Humbert, Mme Lechanteux, M. David Magnier, M. Marchio, M. Markowsky, M. Meurin, Mme Roullaud, Mme Sabatini et M. Schreck",Développement durable,1ère lecture (1ère assemblée saisie),https://www.assemblee-nationale.fr/dyn/17/amendements/2632/CION-DVP/CD258,https://www.assemblee-nationale.fr/dyn/opendata/AMANR5L17PO419865B2632P0D1N000258.xml
PROTECTION ET SOUVERAINETÉ AGRICOLES,Amendement n° 259 - PROTECTION ET SOUVERAINETÉ AGRICOLES - 1ère lecture (1ère assemblée saisie) - n° 2632,CD259,,Rejeté,Après l'article 14,Première délibération,Blairy Emmanuel,"  Mme Bouquin, M. Dutremble, M. Evrard, M. Houssin, M. Humbert, Mme Lechanteux, M. David Magnier, M. Marchio, M. Markowsky, M. Meurin, Mme Roullaud, Mme Sabatini et M. Schreck",Développement durable,1ère lecture (1ère assemblée saisie),https://www.assemblee-nationale.fr/dyn/17/amendements/2632/CION-DVP/CD259,https://www.assemblee-nationale.fr/dyn/opendata/AMANR5L17PO419865B2632P0D1N000259.xml
PROTECTION ET SOUVERAINETÉ AGRICOLES,Amendement n° 260 - PROTECTION ET SOUVERAINETÉ AGRICOLES - 1ère lecture (1ère assemblée saisie) - n° 2632,CD260,,Rejeté,Après l'article 14,Première délibération,Blairy Emmanuel,"  Mme Bouquin, M. Dutremble, M. Evrard, M. Guibert, M. Houssin, M. Humbert, Mme Lechanteux, M. David Magnier, M. Marchio, M. Markowsky, M. Meurin, Mme Roullaud, Mme Sabatini et M. Schreck",Développement durable,1ère lecture (1ère assemblée saisie),https://www.assemblee-nationale.fr/dyn/17/amendements/2632/CION-DVP/CD260,https://www.assemblee-nationale.fr/dyn/opendata/AMANR5L17PO419865B2632P0D1N000260.xml
PROTECTION ET SOUVERAINETÉ AGRICOLES,Amendement n° 261 - PROTECTION ET SOUVERAINETÉ AGRICOLES - 1ère lecture (1ère assemblée saisie) - n° 2632,CD261,,Rejeté,Article 14,Première délibération,Blairy Emmanuel,"  Mme Bouquin, M. Dutremble, M. Evrard, M. Guibert, M. Houssin, M. Humbert, Mme Lechanteux, M. David Magnier, M. Marchio, M. Markowsky, M. Meurin, Mme Roullaud, Mme Sabatini et M. Schreck",Développement durable,1ère lecture (1ère assemblée saisie),https://www.assemblee-nationale.fr/dyn/17/amendements/2632/CION-DVP/CD261,https://www.assemblee-nationale.fr/dyn/opendata/AMANR5L17PO419865B2632P0D1N000261.xml
PROTECTION ET SOUVERAINETÉ AGRICOLES,Amendement n° 262 - PROTECTION ET SOUVERAINETÉ AGRICOLES - 1ère lecture (1ère assemblée saisie) - n° 2632,CD262,,Non renseigné,Après l'article 14,Première délibération,Blairy Emmanuel,"  Mme Bouquin, M. Dutremble, M. Evrard, M. Guibert, M. Houssin, M. Humbert, Mme Lechanteux, M. David Magnier, M. Marchio, M. Markowsky, M. Meurin, Mme Sabatini et M. Schreck",Développement durable,1ère lecture (1ère assemblée saisie),https://www.assemblee-nationale.fr/dyn/17/amendements/2632/CION-DVP/CD262,https://www.assemblee-nationale.fr/dyn/opendata/AMANR5L17PO419865B2632P0D1N000262.xml
PROTECTION ET SOUVERAINETÉ AGRICOLES,Amendement n° 263 - PROTECTION ET SOUVERAINETÉ AGRICOLES - 1ère lecture (1ère assemblée saisie) - n° 2632,CD263,,Non renseigné,Après l'article 14,Première délibération,Le Gac Didier,"  M. Bothorel, Mme Liliana Tanguy, M. Molac, Mme Dubré-Chirat, Mme Firmin Le Bodo et M. Ray",Développement durable,1ère lecture (1ère assemblée saisie),https://www.assemblee-nationale.fr/dyn/17/amendements/2632/CION-DVP/CD263,https://www.assemblee-nationale.fr/dyn/opendata/AMANR5L17PO419865B2632P0D1N000263.xml
PROTECTION ET SOUVERAINETÉ AGRICOLES,Amendement n° 264 - PROTECTION ET SOUVERAINETÉ AGRICOLES - 1ère lecture (1ère assemblée saisie) - n° 2632,CD264,,Rejeté,Article 14,Première délibération,Pochon Marie,"  Mme Voynet, M. Biteau, Mme Belluco, M. Nicolas Bonnet, Mme Ozenne, M. Raux, M. Thierry, M. Amirshahi, Mme Arrighi, Mme Autain, Mme Balage El Mariky, M. Ben Cheikh, M. Arnaud Bonnet, Mme Chatelain, M. Corbière, M. Davi, M. Duplessy, M. Fournier, Mme Garin, M. Damien Girard, M. Gustave, Mme Catherine Hervieu, M. Iordanoff, Mme Laernoes, M. Lahais, M. Lucas-Lundy, M. Peytavie, Mme Regol, M. Roumégas, Mme Sandrine Rousseau, M. Ruffin, Mme Sas, Mme Sebaihi, Mme Simonnet, Mme Taillé-Polian et M. Tavernier",Développement durable,1ère lecture (1ère assemblée saisie),https://www.assemblee-nationale.fr/dyn/17/amendements/2632/CION-DVP/CD264,https://www.assemblee-nationale.fr/dyn/opendata/AMANR5L17PO419865B2632P0D1N000264.xml
PROTECTION ET SOUVERAINETÉ AGRICOLES,Amendement n° 266 - PROTECTION ET SOUVERAINETÉ AGRICOLES - 1ère lecture (1ère assemblée saisie) - n° 2632,CD266,,Rejeté,Article 14,Première délibération,Pochon Marie,"  Mme Voynet, M. Biteau, Mme Belluco, M. Nicolas Bonnet, Mme Ozenne, M. Raux, M. Thierry, M. Amirshahi, Mme Arrighi, Mme Autain, Mme Balage El Mariky, M. Ben Cheikh, M. Arnaud Bonnet, Mme Chatelain, M. Corbière, M. Davi, M. Duplessy, M. Fournier, Mme Garin, M. Damien Girard, M. Gustave, Mme Catherine Hervieu, M. Iordanoff, Mme Laernoes, M. Lahais, M. Lucas-Lundy, M. Peytavie, Mme Regol, M. Roumégas, Mme Sandrine Rousseau, M. Ruffin, Mme Sas, Mme Sebaihi, Mme Simonnet, Mme Taillé-Polian et M. Tavernier",Développement durable,1ère lecture (1ère assemblée saisie),https://www.assemblee-nationale.fr/dyn/17/amendements/2632/CION-DVP/CD266,https://www.assemblee-nationale.fr/dyn/opendata/AMANR5L17PO419865B2632P0D1N000266.xml
PROTECTION ET SOUVERAINETÉ AGRICOLES,Amendement n° 268 - PROTECTION ET SOUVERAINETÉ AGRICOLES - 1ère lecture (1ère assemblée saisie) - n° 2632,CD268,,Rejeté,Article 14,Première délibération,Pochon Marie,"  Mme Voynet, M. Biteau, Mme Belluco, M. Nicolas Bonnet, Mme Ozenne, M. Raux, M. Thierry, M. Tavernier, M. Amirshahi, Mme Arrighi, Mme Autain, Mme Balage El Mariky, M. Ben Cheikh, M. Arnaud Bonnet, Mme Chatelain, M. Corbière, M. Davi, M. Duplessy, M. Fournier, Mme Garin, M. Damien Girard, M. Gustave, Mme Catherine Hervieu, M. Iordanoff, Mme Laernoes, M. Lahais, M. Lucas-Lundy, M. Peytavie, Mme Regol, M. Roumégas, Mme Sandrine Rousseau, M. Ruffin, Mme Sas, Mme Sebaihi, Mme Simonnet et Mme Taillé-Polian",Développement durable,1ère lecture (1ère assemblée saisie),https://www.assemblee-nationale.fr/dyn/17/amendements/2632/CION-DVP/CD268,https://www.assemblee-nationale.fr/dyn/opendata/AMANR5L17PO419865B2632P0D1N000268.xml
PROTECTION ET SOUVERAINETÉ AGRICOLES,Amendement n° 271 - PROTECTION ET SOUVERAINETÉ AGRICOLES - 1ère lecture (1ère assemblée saisie) - n° 2632,CD271,,Tombé,Article 14,Première délibération,Vigier Jean-Pierre,,Développement durable,1ère lecture (1ère assemblée saisie),https://www.assemblee-nationale.fr/dyn/17/amendements/2632/CION-DVP/CD271,https://www.assemblee-nationale.fr/dyn/opendata/AMANR5L17PO419865B2632P0D1N000271.xml
PROTECTION ET SOUVERAINETÉ AGRICOLES,Amendement n° 272 - PROTECTION ET SOUVERAINETÉ AGRICOLES - 1ère lecture (1ère assemblée saisie) - n° 2632,CD272,,Adopté,Article 14,Première délibération,Pochon Marie,"  Mme Voynet, M. Biteau, Mme Belluco, M. Nicolas Bonnet, Mme Ozenne, M. Raux, M. Thierry, M. Amirshahi, Mme Arrighi, Mme Autain, Mme Balage El Mariky, M. Ben Cheikh, M. Arnaud Bonnet, Mme Chatelain, M. Corbière, M. Davi, M. Duplessy, M. Fournier, Mme Garin, M. Damien Girard, M. Gustave, Mme Catherine Hervieu, M. Iordanoff, Mme Laernoes, M. Lahais, M. Lucas-Lundy, M. Peytavie, Mme Regol, M. Roumégas, Mme Sandrine Rousseau, M. Ruffin, Mme Sas, Mme Sebaihi, Mme Simonnet, Mme Taillé-Polian et M. Tavernier",Développement durable,1ère lecture (1ère assemblée saisie),https://www.assemblee-nationale.fr/dyn/17/amendements/2632/CION-DVP/CD272,https://www.assemblee-nationale.fr/dyn/opendata/AMANR5L17PO419865B2632P0D1N000272.xml
PROTECTION ET SOUVERAINETÉ AGRICOLES,Amendement n° 273 - PROTECTION ET SOUVERAINETÉ AGRICOLES - 1ère lecture (1ère assemblée saisie) - n° 2632,CD273,,Rejeté,Article 14,Première délibération,Pochon Marie,"  Mme Voynet, M. Biteau, Mme Belluco, M. Nicolas Bonnet, Mme Ozenne, M. Raux, M. Thierry, M. Amirshahi, Mme Arrighi, Mme Autain, Mme Balage El Mariky, M. Ben Cheikh, M. Arnaud Bonnet, Mme Chatelain, M. Corbière, M. Davi, M. Duplessy, M. Fournier, Mme Garin, M. Damien Girard, M. Gustave, Mme Catherine Hervieu, M. Iordanoff, Mme Laernoes, M. Lahais, M. Lucas-Lundy, M. Peytavie, Mme Regol, M. Roumégas, Mme Sandrine Rousseau, M. Ruffin, Mme Sas, Mme Sebaihi, Mme Simonnet, Mme Taillé-Polian et M. Tavernier",Développement durable,1ère lecture (1ère assemblée saisie),https://www.assemblee-nationale.fr/dyn/17/amendements/2632/CION-DVP/CD273,https://www.assemblee-nationale.fr/dyn/opendata/AMANR5L17PO419865B2632P0D1N000273.xml
PROTECTION ET SOUVERAINETÉ AGRICOLES,Amendement n° 274 - PROTECTION ET SOUVERAINETÉ AGRICOLES - 1ère lecture (1ère assemblée saisie) - n° 2632,CD274,,Rejeté,Article 14,Première délibération,Pochon Marie,"  Mme Voynet, M. Biteau, M. Nicolas Bonnet, Mme Ozenne, M. Raux, M. Thierry, M. Amirshahi, Mme Arrighi, Mme Autain, Mme Balage El Mariky, Mme Belluco, M. Ben Cheikh, M. Arnaud Bonnet, Mme Chatelain, M. Corbière, M. Davi, M. Duplessy, M. Fournier, Mme Garin, M. Damien Girard, M. Gustave, Mme Catherine Hervieu, M. Iordanoff, Mme Laernoes, M. Lahais, M. Lucas-Lundy, M. Peytavie, Mme Regol, M. Roumégas, Mme Sandrine Rousseau, M. Ruffin, Mme Sas, Mme Sebaihi, Mme Simonnet, Mme Taillé-Polian et M. Tavernier",Développement durable,1ère lecture (1ère assemblée saisie),https://www.assemblee-nationale.fr/dyn/17/amendements/2632/CION-DVP/CD274,https://www.assemblee-nationale.fr/dyn/opendata/AMANR5L17PO419865B2632P0D1N000274.xml
PROTECTION ET SOUVERAINETÉ AGRICOLES,Amendement n° 275 - PROTECTION ET SOUVERAINETÉ AGRICOLES - 1ère lecture (1ère assemblée saisie) - n° 2632,CD275,,Rejeté,Article 14,Première délibération,Pochon Marie,"  Mme Voynet, M. Biteau, Mme Belluco, M. Nicolas Bonnet, Mme Ozenne, M. Raux, M. Thierry, M. Amirshahi, Mme Arrighi, Mme Autain, Mme Balage El Mariky, M. Ben Cheikh, M. Arnaud Bonnet, Mme Chatelain, M. Corbière, M. Davi, M. Duplessy, M. Fournier, Mme Garin, M. Damien Girard, M. Gustave, Mme Catherine Hervieu, M. Iordanoff, Mme Laernoes, M. Lahais, M. Lucas-Lundy, M. Peytavie, Mme Regol, M. Roumégas, Mme Sandrine Rousseau, M. Ruffin, Mme Sas, Mme Sebaihi, Mme Simonnet, Mme Taillé-Polian et M. Tavernier",Développement durable,1ère lecture (1ère assemblée saisie),https://www.assemblee-nationale.fr/dyn/17/amendements/2632/CION-DVP/CD275,https://www.assemblee-nationale.fr/dyn/opendata/AMANR5L17PO419865B2632P0D1N000275.xml
PROTECTION ET SOUVERAINETÉ AGRICOLES,Amendement n° 278 - PROTECTION ET SOUVERAINETÉ AGRICOLES - 1ère lecture (1ère assemblée saisie) - n° 2632,CD278,,Tombé,Article 14,Première délibération,Pochon Marie,"  Mme Voynet, M. Biteau, Mme Belluco, M. Nicolas Bonnet, Mme Ozenne, M. Raux, M. Thierry, M. Amirshahi, Mme Arrighi, Mme Autain, Mme Balage El Mariky, M. Ben Cheikh, M. Arnaud Bonnet, Mme Chatelain, M. Corbière, M. Davi, M. Duplessy, M. Fournier, Mme Garin, M. Damien Girard, M. Gustave, Mme Catherine Hervieu, M. Iordanoff, Mme Laernoes, M. Lahais, M. Lucas-Lundy, M. Peytavie, Mme Regol, M. Roumégas, Mme Sandrine Rousseau, M. Ruffin, Mme Sas, Mme Sebaihi, Mme Simonnet, Mme Taillé-Polian et M. Tavernier",Développement durable,1ère lecture (1ère assemblée saisie),https://www.assemblee-nationale.fr/dyn/17/amendements/2632/CION-DVP/CD278,https://www.assemblee-nationale.fr/dyn/opendata/AMANR5L17PO419865B2632P0D1N000278.xml
PROTECTION ET SOUVERAINETÉ AGRICOLES,Amendement n° 279 - PROTECTION ET SOUVERAINETÉ AGRICOLES - 1ère lecture (1ère assemblée saisie) - n° 2632,CD279,,Rejeté,Article 14,Première délibération,Pochon Marie,"  Mme Voynet, M. Biteau, Mme Belluco, M. Nicolas Bonnet, Mme Ozenne, M. Raux, M. Thierry, M. Amirshahi, Mme Arrighi, Mme Autain, Mme Balage El Mariky, M. Ben Cheikh, M. Arnaud Bonnet, Mme Chatelain, M. Corbière, M. Davi, M. Duplessy, M. Fournier, Mme Garin, M. Damien Girard, M. Gustave, Mme Catherine Hervieu, M. Iordanoff, Mme Laernoes, M. Lahais, M. Lucas-Lundy, M. Peytavie, Mme Regol, M. Roumégas, Mme Sandrine Rousseau, M. Ruffin, Mme Sas, Mme Sebaihi, Mme Simonnet, Mme Taillé-Polian et M. Tavernier",Développement durable,1ère lecture (1ère assemblée saisie),https://www.assemblee-nationale.fr/dyn/17/amendements/2632/CION-DVP/CD279,https://www.assemblee-nationale.fr/dyn/opendata/AMANR5L17PO419865B2632P0D1N000279.xml
PROTECTION ET SOUVERAINETÉ AGRICOLES,Amendement n° 280 - PROTECTION ET SOUVERAINETÉ AGRICOLES - 1ère lecture (1ère assemblée saisie) - n° 2632,CD280,,Rejeté,Article 14,Première délibération,Pochon Marie,"  Mme Voynet, M. Biteau, Mme Belluco, M. Nicolas Bonnet, Mme Ozenne, M. Raux, M. Thierry, M. Amirshahi, Mme Arrighi, Mme Autain, Mme Balage El Mariky, M. Ben Cheikh, M. Arnaud Bonnet, Mme Chatelain, M. Corbière, M. Davi, M. Duplessy, M. Fournier, Mme Garin, M. Damien Girard, M. Gustave, Mme Catherine Hervieu, M. Iordanoff, Mme Laernoes, M. Lahais, M. Lucas-Lundy, M. Peytavie, Mme Regol, M. Roumégas, Mme Sandrine Rousseau, M. Ruffin, Mme Sas, Mme Sebaihi, Mme Simonnet, Mme Taillé-Polian et M. Tavernier",Développement durable,1ère lecture (1ère assemblée saisie),https://www.assemblee-nationale.fr/dyn/17/amendements/2632/CION-DVP/CD280,https://www.assemblee-nationale.fr/dyn/opendata/AMANR5L17PO419865B2632P0D1N000280.xml
PROTECTION ET SOUVERAINETÉ AGRICOLES,Amendement n° 281 - PROTECTION ET SOUVERAINETÉ AGRICOLES - 1ère lecture (1ère assemblée saisie) - n° 2632,CD281,,Rejeté,Article 14,Première délibération,Pochon Marie,"  Mme Voynet, M. Biteau, Mme Belluco, M. Nicolas Bonnet, Mme Ozenne, M. Raux, M. Thierry, M. Amirshahi, Mme Arrighi, Mme Autain, Mme Balage El Mariky, M. Ben Cheikh, M. Arnaud Bonnet, Mme Chatelain, M. Corbière, M. Davi, M. Duplessy, M. Fournier, Mme Garin, M. Damien Girard, M. Gustave, Mme Catherine Hervieu, M. Iordanoff, Mme Laernoes, M. Lahais, M. Lucas-Lundy, M. Peytavie, Mme Regol, M. Roumégas, Mme Sandrine Rousseau, M. Ruffin, Mme Sas, Mme Sebaihi, Mme Simonnet, Mme Taillé-Polian et M. Tavernier",Développement durable,1ère lecture (1ère assemblée saisie),https://www.assemblee-nationale.fr/dyn/17/amendements/2632/CION-DVP/CD281,https://www.assemblee-nationale.fr/dyn/opendata/AMANR5L17PO419865B2632P0D1N000281.xml
PROTECTION ET SOUVERAINETÉ AGRICOLES,Amendement n° 282 - PROTECTION ET SOUVERAINETÉ AGRICOLES - 1ère lecture (1ère assemblée saisie) - n° 2632,CD282,,Rejeté,Article 14,Première délibération,Pochon Marie,"  Mme Voynet, M. Biteau, Mme Belluco, M. Nicolas Bonnet, Mme Ozenne, M. Raux, M. Thierry, M. Amirshahi, Mme Arrighi, Mme Autain, Mme Balage El Mariky, M. Ben Cheikh, M. Arnaud Bonnet, Mme Chatelain, M. Corbière, M. Davi, M. Duplessy, M. Fournier, Mme Garin, M. Damien Girard, M. Gustave, Mme Catherine Hervieu, M. Iordanoff, Mme Laernoes, M. Lahais, M. Lucas-Lundy, M. Peytavie, Mme Regol, M. Roumégas, Mme Sandrine Rousseau, M. Ruffin, Mme Sas, Mme Sebaihi, Mme Simonnet, Mme Taillé-Polian et M. Tavernier",Développement durable,1ère lecture (1ère assemblée saisie),https://www.assemblee-nationale.fr/dyn/17/amendements/2632/CION-DVP/CD282,https://www.assemblee-nationale.fr/dyn/opendata/AMANR5L17PO419865B2632P0D1N000282.xml
PROTECTION ET SOUVERAINETÉ AGRICOLES,Amendement n° 283 - PROTECTION ET SOUVERAINETÉ AGRICOLES - 1ère lecture (1ère assemblée saisie) - n° 2632,CD283,,Non renseigné,Article 14,Première délibération,Pochon Marie,"  Mme Voynet, M. Biteau, Mme Belluco, M. Nicolas Bonnet, Mme Ozenne, M. Raux, M. Thierry, M. Amirshahi, Mme Arrighi, Mme Autain, Mme Balage El Mariky, M. Ben Cheikh, M. Arnaud Bonnet, Mme Chatelain, M. Corbière, M. Davi, M. Duplessy, M. Fournier, Mme Garin, M. Damien Girard, M. Gustave, Mme Catherine Hervieu, M. Iordanoff, Mme Laernoes, M. Lahais, M. Lucas-Lundy, M. Peytavie, Mme Regol, M. Roumégas, Mme Sandrine Rousseau, M. Ruffin, Mme Sas, Mme Sebaihi, Mme Simonnet, Mme Taillé-Polian et M. Tavernier",Développement durable,1ère lecture (1ère assemblée saisie),https://www.assemblee-nationale.fr/dyn/17/amendements/2632/CION-DVP/CD283,https://www.assemblee-nationale.fr/dyn/opendata/AMANR5L17PO419865B2632P0D1N000283.xml
PROTECTION ET SOUVERAINETÉ AGRICOLES,Amendement n° 290 - PROTECTION ET SOUVERAINETÉ AGRICOLES - 1ère lecture (1ère assemblée saisie) - n° 2632,CD290,,Non renseigné,Article 14,Première délibération,Pochon Marie,"  Mme Voynet, M. Biteau, Mme Belluco, M. Nicolas Bonnet, Mme Ozenne, M. Raux, M. Thierry, M. Amirshahi, Mme Arrighi, Mme Autain, Mme Balage El Mariky, M. Ben Cheikh, M. Arnaud Bonnet, Mme Chatelain, M. Corbière, M. Davi, M. Duplessy, M. Fournier, Mme Garin, M. Damien Girard, M. Gustave, Mme Catherine Hervieu, M. Iordanoff, Mme Laernoes, M. Lahais, M. Lucas-Lundy, M. Peytavie, Mme Regol, M. Roumégas, Mme Sandrine Rousseau, M. Ruffin, Mme Sas, Mme Sebaihi, Mme Simonnet, Mme Taillé-Polian et M. Tavernier",Développement durable,1ère lecture (1ère assemblée saisie),https://www.assemblee-nationale.fr/dyn/17/amendements/2632/CION-DVP/CD290,https://www.assemblee-nationale.fr/dyn/opendata/AMANR5L17PO419865B2632P0D1N000290.xml
PROTECTION ET SOUVERAINETÉ AGRICOLES,Amendement n° 292 - PROTECTION ET SOUVERAINETÉ AGRICOLES - 1ère lecture (1ère assemblée saisie) - n° 2632,CD292,,Non renseigné,Article 14,Première délibération,Dutremble Aurélien,,Développement durable,1ère lecture (1ère assemblée saisie),https://www.assemblee-nationale.fr/dyn/17/amendements/2632/CION-DVP/CD292,https://www.assemblee-nationale.fr/dyn/opendata/AMANR5L17PO419865B2632P0D1N000292.xml
PROTECTION ET SOUVERAINETÉ AGRICOLES,Amendement n° 293 - PROTECTION ET SOUVERAINETÉ AGRICOLES - 1ère lecture (1ère assemblée saisie) - n° 2632,CD293,,Rejeté,Article 14,Première délibération,Dutremble Aurélien,"  M. Blairy, Mme Bouquin, M. Evrard, M. Guibert, M. Houssin, M. Humbert, Mme Lechanteux, M. David Magnier, M. Marchio, M. Markowsky, M. Meurin, Mme Roullaud, Mme Sabatini, M. Schreck et M. Tivoli",Développement durable,1ère lecture (1ère assemblée saisie),https://www.assemblee-nationale.fr/dyn/17/amendements/2632/CION-DVP/CD293,https://www.assemblee-nationale.fr/dyn/opendata/AMANR5L17PO419865B2632P0D1N000293.xml
PROTECTION ET SOUVERAINETÉ AGRICOLES,Amendement n° 294 - PROTECTION ET SOUVERAINETÉ AGRICOLES - 1ère lecture (1ère assemblée saisie) - n° 2632,CD294,,Non soutenu,Article 14,Première délibération,Dutremble Aurélien,,Développement durable,1ère lecture (1ère assemblée saisie),https://www.assemblee-nationale.fr/dyn/17/amendements/2632/CION-DVP/CD294,https://www.assemblee-nationale.fr/dyn/opendata/AMANR5L17PO419865B2632P0D1N000294.xml
PROTECTION ET SOUVERAINETÉ AGRICOLES,Amendement n° 295 - PROTECTION ET SOUVERAINETÉ AGRICOLES - 1ère lecture (1ère assemblée saisie) - n° 2632,CD295,,Rejeté,Article 14,Première délibération,Dutremble Aurélien,"  M. Blairy, Mme Bouquin, M. Evrard, M. Guibert, M. Houssin, M. Humbert, Mme Lechanteux, M. David Magnier, M. Marchio, M. Markowsky, M. Meurin, Mme Roullaud, Mme Sabatini, M. Schreck et M. Tivoli",Développement durable,1ère lecture (1ère assemblée saisie),https://www.assemblee-nationale.fr/dyn/17/amendements/2632/CION-DVP/CD295,https://www.assemblee-nationale.fr/dyn/opendata/AMANR5L17PO419865B2632P0D1N000295.xml
PROTECTION ET SOUVERAINETÉ AGRICOLES,Amendement n° 296 - PROTECTION ET SOUVERAINETÉ AGRICOLES - 1ère lecture (1ère assemblée saisie) - n° 2632,CD296,,Rejeté,Article 14,Première délibération,Dutremble Aurélien,"  M. Blairy, Mme Bouquin, M. Evrard, M. Guibert, M. Houssin, M. Humbert, Mme Lechanteux, M. David Magnier, M. Marchio, M. Markowsky, M. Meurin, Mme Roullaud, Mme Sabatini, M. Schreck et M. Tivoli",Développement durable,1ère lecture (1ère assemblée saisie),https://www.assemblee-nationale.fr/dyn/17/amendements/2632/CION-DVP/CD296,https://www.assemblee-nationale.fr/dyn/opendata/AMANR5L17PO419865B2632P0D1N000296.xml
PROTECTION ET SOUVERAINETÉ AGRICOLES,Amendement n° 3 - PROTECTION ET SOUVERAINETÉ AGRICOLES - 1ère lecture (1ère assemblée saisie) - n° 2632,CD3,,Adopté,Article 14,Première délibération,Pantel Sophie,"  M. Rousset, Mme Froger, M. Vallaud, M. Fesneau, M. Peu, Mme Le Feur, M. Hollande, M. Potier, M. Bony, M. Philippe Brun, Mme Rossi, Mme Allemand, M. Aviragnet, Mme Battistel, M. Bazin, M. Benoit, Mme Bergantz, M. Bonnecarrère, Mme Sylvie Bonnet, Mme Bonnivard, M. Bothorel, M. Bouyx, M. Brard, M. Brugerolles, Mme Brulebois, M. Fabrice Brun, M. Buchou, Mme Buffet, M. Jean-René Cazeneuve, M. Ceccoli, M. Cormier-Bouligeon, M. Criaud, M. Croizier, Mme Corneloup, M. Daubié, M. David, M. Delautrette, Mme Delpech, Mme Dombre Coste, Mme Dubré-Chirat, M. Echaniz, M. Fait, M. Fégné, M. Fugit, Mme Got, Mme Perrine Goulet, M. Guedj, Mme Herouin-Léautey, M. Houlié, M. Jacques, Mme Klinkert, M. Lauzzana, M. Lecamp, Mme Létard, Mme Le Peih, M. Liégeon, Mme Lingemann, Mme Marsaud, M. Maurel, M. Marion, M. Masséglia, M. Mattei, M. Molac, M. Mongardien, M. Naegelen, M. Oberti, M. Ott, M. Padey, Mme Pirès Beaune, M. Proença, M. Ramos, M. Ray, Mme Riotton, Mme Ronceret, M. Roseren, Mme Rouaux, Mme Santiago, M. Saulignac, M. Sorre, M. Taite, M. Taupiac, M. Terlier, Mme Thiébault-Martinez, Mme Thomin, M. Travert, M. Vermorel-Marques, Mme Vidal, M. Jean-Pierre Vigier, M. Philippe Vigier, M. Viry et M. Vuibert",Développement durable,1ère lecture (1ère assemblée saisie),https://www.assemblee-nationale.fr/dyn/17/amendements/2632/CION-DVP/CD3,https://www.assemblee-nationale.fr/dyn/opendata/AMANR5L17PO419865B2632P0D1N000003.xml
PROTECTION ET SOUVERAINETÉ AGRICOLES,Amendement n° 32 - PROTECTION ET SOUVERAINETÉ AGRICOLES - 1ère lecture (1ère assemblée saisie) - n° 2632,CD32,,Tombé,Article 14,Première délibération,Descoeur Vincent,"  M. Bony, M. Ray, M. Cordier, M. Brigand, M. Rolland, M. Fabrice Brun et M. Jean-Pierre Vigier",Développement durable,1ère lecture (1ère assemblée saisie),https://www.assemblee-nationale.fr/dyn/17/amendements/2632/CION-DVP/CD32,https://www.assemblee-nationale.fr/dyn/opendata/AMANR5L17PO419865B2632P0D1N000032.xml
PROTECTION ET SOUVERAINETÉ AGRICOLES,Amendement n° 323 - PROTECTION ET SOUVERAINETÉ AGRICOLES - 1ère lecture (1ère assemblée saisie) - n° 2632,CD323,,Non renseigné,Article 14,Première délibération,Voynet Dominique,"  Mme Pochon, Mme Belluco, M. Thierry et Mme Ozenne",Développement durable,1ère lecture (1ère assemblée saisie),https://www.assemblee-nationale.fr/dyn/17/amendements/2632/CION-DVP/CD323,https://www.assemblee-nationale.fr/dyn/opendata/AMANR5L17PO419865B2632P0D1N000323.xml
PROTECTION ET SOUVERAINETÉ AGRICOLES,Amendement n° 354 - PROTECTION ET SOUVERAINETÉ AGRICOLES - 1ère lecture (1ère assemblée saisie) - n° 2632,CD354,,Rejeté,Article 14,Première délibération,Voynet Dominique,"  Mme Pochon, Mme Belluco, M. Nicolas Bonnet, M. Thierry, Mme Ozenne, M. Biteau, M. Raux, M. Amirshahi, Mme Arrighi, Mme Autain, Mme Balage El Mariky, M. Ben Cheikh, M. Arnaud Bonnet, Mme Chatelain, M. Corbière, M. Davi, M. Duplessy, M. Fournier, Mme Garin, M. Damien Girard, M. Gustave, Mme Catherine Hervieu, M. Iordanoff, Mme Laernoes, M. Lahais, M. Lucas-Lundy, M. Peytavie, Mme Regol, M. Roumégas, Mme Sandrine Rousseau, M. Ruffin, Mme Sas, Mme Sebaihi, Mme Simonnet, Mme Taillé-Polian et M. Tavernier",Développement durable,1ère lecture (1ère assemblée saisie),https://www.assemblee-nationale.fr/dyn/17/amendements/2632/CION-DVP/CD354,https://www.assemblee-nationale.fr/dyn/opendata/AMANR5L17PO419865B2632P0D1N000354.xml
PROTECTION ET SOUVERAINETÉ AGRICOLES,Amendement n° 357 - PROTECTION ET SOUVERAINETÉ AGRICOLES - 1ère lecture (1ère assemblée saisie) - n° 2632,CD357,,Rejeté,Article 14,Première délibération,Voynet Dominique,"  Mme Pochon, Mme Belluco, M. Nicolas Bonnet, M. Thierry, Mme Ozenne, M. Biteau, M. Raux, M. Amirshahi, Mme Arrighi, Mme Autain, Mme Balage El Mariky, M. Ben Cheikh, M. Arnaud Bonnet, Mme Chatelain, M. Corbière, M. Davi, M. Duplessy, M. Fournier, Mme Garin, M. Damien Girard, M. Gustave, Mme Catherine Hervieu, M. Iordanoff, Mme Laernoes, M. Lahais, M. Lucas-Lundy, M. Peytavie, Mme Regol, M. Roumégas, Mme Sandrine Rousseau, M. Ruffin, Mme Sas, Mme Sebaihi, Mme Simonnet, Mme Taillé-Polian et M. Tavernier",Développement durable,1ère lecture (1ère assemblée saisie),https://www.assemblee-nationale.fr/dyn/17/amendements/2632/CION-DVP/CD357,https://www.assemblee-nationale.fr/dyn/opendata/AMANR5L17PO419865B2632P0D1N000357.xml
PROTECTION ET SOUVERAINETÉ AGRICOLES,Amendement n° 358 - PROTECTION ET SOUVERAINETÉ AGRICOLES - 1ère lecture (1ère assemblée saisie) - n° 2632,CD358,,Adopté,Avant l'article 14,Première délibération,Voynet Dominique,"  Mme Pochon, Mme Belluco, M. Nicolas Bonnet, M. Thierry, Mme Ozenne, M. Biteau, M. Raux, M. Amirshahi, Mme Arrighi, Mme Autain, Mme Balage El Mariky, M. Ben Cheikh, M. Arnaud Bonnet, Mme Chatelain, M. Corbière, M. Davi, M. Duplessy, M. Fournier, Mme Garin, M. Damien Girard, M. Gustave, Mme Catherine Hervieu, M. Iordanoff, Mme Laernoes, M. Lahais, M. Lucas-Lundy, M. Peytavie, Mme Regol, M. Roumégas, Mme Sandrine Rousseau, M. Ruffin, Mme Sas, Mme Sebaihi, Mme Simonnet, Mme Taillé-Polian et M. Tavernier",Développement durable,1ère lecture (1ère assemblée saisie),https://www.assemblee-nationale.fr/dyn/17/amendements/2632/CION-DVP/CD358,https://www.assemblee-nationale.fr/dyn/opendata/AMANR5L17PO419865B2632P0D1N000358.xml
PROTECTION ET SOUVERAINETÉ AGRICOLES,Amendement n° 367 - PROTECTION ET SOUVERAINETÉ AGRICOLES - 1ère lecture (1ère assemblée saisie) - n° 2632,CD367,,Rejeté,Article 14,Première délibération,Schreck Philippe,"  M. Allisio, M. Amblard, Mme Auzanot, M. Ballard, Mme Bamana, M. Baubry, M. Beaurain, M. Bentz, M. Bernhardt, M. Bigot, M. Bilde, M. Blairy, Mme Blanc, M. Boccaletti, M. Boulogne, Mme Bouquin, M. Bovet, M. Buisson, M. Casterman, M. Chenu, M. Chudeau, M. Clavet, Mme Colombier, Mme Da Conceicao Carvalho, M. de Fleurian, M. de Lépinau, Mme Dellong Meng, M. Dessigny, Mme Diaz, Mme Dogor-Such, M. Dragon, M. Dufosset, M. Dussausaye, M. Dutremble, M. Evrard, M. Falcon, M. Florquin, M. Fouquart, M. Frappé, M. Gabarron, Mme Galzy, M. Gery, M. Giletti, M. Gillet, M. Christian Girard, M. Golliot, M. Gonzalez, Mme Florence Goulet, Mme Grangier, Mme Griseti, M. Guibert, M. Guiniot, M. Guitton, Mme Hamelet, M. Houssin, M. Humbert, M. Jacobelli, M. Jenft, M. Jolly, Mme Joncour, M. Jordan, Mme Josserand, Mme Joubert, Mme Laporte, Mme Lavalette, M. Le Bourgeois, Mme Le Pen, Mme Lechanteux, Mme Lechon, Mme Lelouis, Mme Levavasseur, M. Limongi, M. Lioret, Mme Loir, M. Lopez-Liguori, Mme Lorho, M. Lottiaux, M. Loubet, M. David Magnier, Mme Marais-Beuil, M. Marchio, M. Markowsky, M. Patrice Martin, Mme Martinez, M. Mauvieux, M. Meizonnet, M. Meurin, M. Monnier, M. Muller, Mme Mélin, Mme Ménaché, M. Ménagé, M. Odoul, Mme Parmentier, M. Perez, M. Pfeffer, Mme Pollet, M. Rambaud, Mme Ranc, M. Rancoule, M. Renault, Mme Rimbert, M. Rivière, Mme Robert-Dehault, Mme Roullaud, Mme Roy, Mme Sabatini, M. Sabatou, M. Salmon, M. Emmanuel Taché, M. Jean-Philippe Tanguy, M. Taverne, M. Tesson, M. Tivoli, M. Tomatis, M. Tonussi, M. Tribuiani, M. Villedieu, M. Vos et M. Weber",Développement durable,1ère lecture (1ère assemblée saisie),https://www.assemblee-nationale.fr/dyn/17/amendements/2632/CION-DVP/CD367,https://www.assemblee-nationale.fr/dyn/opendata/AMANR5L17PO419865B2632P0D1N000367.xml
PROTECTION ET SOUVERAINETÉ AGRICOLES,Amendement n° 371 - PROTECTION ET SOUVERAINETÉ AGRICOLES - 1ère lecture (1ère assemblée saisie) - n° 2632,CD371,,Non renseigné,Après l'article 14,Première délibération,Le Feur Sandrine,,Développement durable,1ère lecture (1ère assemblée saisie),https://www.assemblee-nationale.fr/dyn/17/amendements/2632/CION-DVP/CD371,https://www.assemblee-nationale.fr/dyn/opendata/AMANR5L17PO419865B2632P0D1N000371.xml
PROTECTION ET SOUVERAINETÉ AGRICOLES,Amendement n° 398 - PROTECTION ET SOUVERAINETÉ AGRICOLES - 1ère lecture (1ère assemblée saisie) - n° 2632,CD398,,Non renseigné,Après l'article 14,Première délibération,Thomin Mélanie,"  M. Potier, M. Barusseau, Mme Jourdan, M. Delautrette, M. Leseul, M. Roussel, M. Dufau, M. Fégné, M. Eskenazi, Mme Allemand, Mme Rossi et Mme Pantel",Développement durable,1ère lecture (1ère assemblée saisie),https://www.assemblee-nationale.fr/dyn/17/amendements/2632/CION-DVP/CD398,https://www.assemblee-nationale.fr/dyn/opendata/AMANR5L17PO419865B2632P0D1N000398.xml
PROTECTION ET SOUVERAINETÉ AGRICOLES,Amendement n° 4 - PROTECTION ET SOUVERAINETÉ AGRICOLES - 1ère lecture (1ère assemblée saisie) - n° 2632,CD4,,Non renseigné,Article 14,Première délibération,Pantel Sophie,,Développement durable,1ère lecture (1ère assemblée saisie),https://www.assemblee-nationale.fr/dyn/17/amendements/2632/CION-DVP/CD4,https://www.assemblee-nationale.fr/dyn/opendata/AMANR5L17PO419865B2632P0D1N000004.xml
PROTECTION ET SOUVERAINETÉ AGRICOLES,Amendement n° 454 - PROTECTION ET SOUVERAINETÉ AGRICOLES - 1ère lecture (1ère assemblée saisie) - n° 2632,CD454,,Rejeté,Article 14,Première délibération,Warsmann Jean-Luc,,Développement durable,1ère lecture (1ère assemblée saisie),https://www.assemblee-nationale.fr/dyn/17/amendements/2632/CION-DVP/CD454,https://www.assemblee-nationale.fr/dyn/opendata/AMANR5L17PO419865B2632P0D1N000454.xml
PROTECTION ET SOUVERAINETÉ AGRICOLES,Amendement n° 458 - PROTECTION ET SOUVERAINETÉ AGRICOLES - 1ère lecture (1ère assemblée saisie) - n° 2632,CD458,,Non renseigné,Article 14,Première délibération,Cosson Mickaël,"  Mme Josso, M. Ott, M. Pahun, M. Martineau, M. Balanant, Mme Bannier, Mme Bergantz, M. Blanchet, Mme Brocard, M. Croizier, Mme Darrieussecq, M. Daubié, M. Fesneau, M. Fuchs, Mme Perrine Goulet, M. Grelier, Mme Guillerm, M. Gumbs, M. Isaac-Sibille, M. Latombe, M. Lecamp, Mme Lingemann, M. Mandon, M. Mattei, Mme Mette, Mme Morel, M. Padey, M. Frédéric Petit, Mme Maud Petit, Mme Poueyto, M. Ramos, Mme Thillaye, M. Turquois et M. Philippe Vigier",Développement durable,1ère lecture (1ère assemblée saisie),https://www.assemblee-nationale.fr/dyn/17/amendements/2632/CION-DVP/CD458,https://www.assemblee-nationale.fr/dyn/opendata/AMANR5L17PO419865B2632P0D1N000458.xml
PROTECTION ET SOUVERAINETÉ AGRICOLES,Amendement n° 478 - PROTECTION ET SOUVERAINETÉ AGRICOLES - 1ère lecture (1ère assemblée saisie) - n° 2632,CD478,,Retiré,Article 14,Première délibération,Warsmann Jean-Luc,,Développement durable,1ère lecture (1ère assemblée saisie),https://www.assemblee-nationale.fr/dyn/17/amendements/2632/CION-DVP/CD478,https://www.assemblee-nationale.fr/dyn/opendata/AMANR5L17PO419865B2632P0D1N000478.xml
PROTECTION ET SOUVERAINETÉ AGRICOLES,Amendement n° 482 - PROTECTION ET SOUVERAINETÉ AGRICOLES - 1ère lecture (1ère assemblée saisie) - n° 2632,CD482,,Non renseigné,Article 14,Première délibération,Warsmann Jean-Luc,,Développement durable,1ère lecture (1ère assemblée saisie),https://www.assemblee-nationale.fr/dyn/17/amendements/2632/CION-DVP/CD482,https://www.assemblee-nationale.fr/dyn/opendata/AMANR5L17PO419865B2632P0D1N000482.xml
PROTECTION ET SOUVERAINETÉ AGRICOLES,Amendement n° 5 - PROTECTION ET SOUVERAINETÉ AGRICOLES - 1ère lecture (1ère assemblée saisie) - n° 2632,CD5,,Non renseigné,Article 14,Première délibération,Pantel Sophie,,Développement durable,1ère lecture (1ère assemblée saisie),https://www.assemblee-nationale.fr/dyn/17/amendements/2632/CION-DVP/CD5,https://www.assemblee-nationale.fr/dyn/opendata/AMANR5L17PO419865B2632P0D1N000005.xml
PROTECTION ET SOUVERAINETÉ AGRICOLES,Amendement n° 50 - PROTECTION ET SOUVERAINETÉ AGRICOLES - 1ère lecture (1ère assemblée saisie) - n° 2632,CD50,,Adopté,Article 14,Première délibération,Rousset Jean-François,"  Mme Pantel, Mme Froger, M. Vallaud, M. Fesneau, M. Peu, Mme Le Feur, M. Hollande, M. Roseren, M. Potier, M. Bony, M. Philippe Brun, Mme Rossi, Mme Allemand, M. Aviragnet, Mme Battistel, M. Bazin, M. Benoit, Mme Bergantz, M. Bonnecarrère, Mme Sylvie Bonnet, Mme Bonnivard, M. Bothorel, M. Bouyx, M. Brard, M. Brigand, M. Brugerolles, Mme Brulebois, M. Fabrice Brun, M. Buchou, Mme Buffet, M. Jean-René Cazeneuve, M. Ceccoli, M. Cormier-Bouligeon, M. Criaud, M. Croizier, Mme Corneloup, M. Daubié, M. David, M. Delautrette, Mme Delpech, Mme Dombre Coste, Mme Dubré-Chirat, M. Dufau, M. Echaniz, M. Fait, M. Fégné, M. Fugit, Mme Got, Mme Perrine Goulet, M. Guedj, Mme Herouin-Léautey, M. Houlié, M. Huyghe, M. Jacques, Mme Klinkert, M. Lauzzana, M. Lecamp, Mme Létard, Mme Le Peih, M. Liégeon, Mme Lingemann, Mme Marsaud, M. Maurel, M. Marion, M. Masséglia, M. Mattei, M. Molac, M. Mongardien, M. Naegelen, M. Oberti, M. Ott, M. Padey, Mme Pirès Beaune, M. Proença, M. Ramos, M. Ray, Mme Riotton, Mme Ronceret, Mme Rouaux, Mme Santiago, M. Saulignac, M. Sorre, M. Taite, M. Taupiac, M. Terlier, Mme Thiébault-Martinez, Mme Thomin, M. Travert, M. Vermorel-Marques, Mme Vidal, M. Jean-Pierre Vigier, M. Philippe Vigier, M. Viry, M. Vuibert et Mme Pochon",Développement durable,1ère lecture (1ère assemblée saisie),https://www.assemblee-nationale.fr/dyn/17/amendements/2632/CION-DVP/CD50,https://www.assemblee-nationale.fr/dyn/opendata/AMANR5L17PO419865B2632P0D1N000050.xml
PROTECTION ET SOUVERAINETÉ AGRICOLES,Amendement n° 501 - PROTECTION ET SOUVERAINETÉ AGRICOLES - 1ère lecture (1ère assemblée saisie) - n° 2632,CD501,,Rejeté,Article 14,Première délibération,Meunier Manon,"  Mme Abomangoli, M. Alexandre, M. Amard, Mme Amiot, Mme Amrani, M. Arenas, M. Arnault, Mme Belouassa-Cherifi, Mme Bentorki, M. Bernalicis, M. Bex, M. Bilongo, M. Bompard, M. Boumertit, M. Boyard, M. Cadalen, M. Caron, M. Carrière, Mme Cathala, M. Cernon, Mme Chikirou, M. Clouet, M. Coquerel, M. Coulomme, M. Delogu, M. Diouara, Mme Dufour, Mme Erodi, Mme Feld, M. Fernandes, Mme Ferrer, M. Gaillard, Mme Guetté, Mme Hamdane, Mme Hignet, M. Kerbrat, M. Lachaud, M. Lahmar, M. Laisney, M. Le Coq, M. Le Gall, Mme Leboucher, M. Legavre, Mme Legrain, Mme Lejeune, Mme Lepvraud, M. Léaument, Mme Élisa Martin, M. Maudet, Mme Maximi, Mme Mesmeur, M. Nilor, Mme Nosbé, Mme Obono, Mme Oziol, Mme Panot, M. Pilato, M. Piquemal, M. Portes, M. Prud'homme, M. Ratenon, M. Saint-Martin, M. Saintoul, Mme Soudais, Mme Stambach-Terrenoir, M. Aurélien Taché, Mme Taurinya, M. Tavel, Mme Trouvé et M. Vannier",Développement durable,1ère lecture (1ère assemblée saisie),https://www.assemblee-nationale.fr/dyn/17/amendements/2632/CION-DVP/CD501,https://www.assemblee-nationale.fr/dyn/opendata/AMANR5L17PO419865B2632P0D1N000501.xml
PROTECTION ET SOUVERAINETÉ AGRICOLES,Amendement n° 503 - PROTECTION ET SOUVERAINETÉ AGRICOLES - 1ère lecture (1ère assemblée saisie) - n° 2632,CD503,,Rejeté,Article 14,Première délibération,Meunier Manon,"  Mme Abomangoli, M. Alexandre, M. Amard, Mme Amiot, Mme Amrani, M. Arenas, M. Arnault, Mme Belouassa-Cherifi, Mme Bentorki, M. Bernalicis, M. Bex, M. Bilongo, M. Bompard, M. Boumertit, M. Boyard, M. Cadalen, M. Caron, M. Carrière, Mme Cathala, M. Cernon, Mme Chikirou, M. Clouet, M. Coquerel, M. Coulomme, M. Delogu, M. Diouara, Mme Dufour, Mme Erodi, Mme Feld, M. Fernandes, Mme Ferrer, M. Gaillard, Mme Guetté, Mme Hamdane, Mme Hignet, M. Kerbrat, M. Lachaud, M. Lahmar, M. Laisney, M. Le Coq, M. Le Gall, Mme Leboucher, M. Legavre, Mme Legrain, Mme Lejeune, Mme Lepvraud, M. Léaument, Mme Élisa Martin, M. Maudet, Mme Maximi, Mme Mesmeur, M. Nilor, Mme Nosbé, Mme Obono, Mme Oziol, Mme Panot, M. Pilato, M. Piquemal, M. Portes, M. Prud'homme, M. Ratenon, M. Saint-Martin, M. Saintoul, Mme Soudais, Mme Stambach-Terrenoir, M. Aurélien Taché, Mme Taurinya, M. Tavel, Mme Trouvé et M. Vannier",Développement durable,1ère lecture (1ère assemblée saisie),https://www.assemblee-nationale.fr/dyn/17/amendements/2632/CION-DVP/CD503,https://www.assemblee-nationale.fr/dyn/opendata/AMANR5L17PO419865B2632P0D1N000503.xml
PROTECTION ET SOUVERAINETÉ AGRICOLES,Amendement n° 504 - PROTECTION ET SOUVERAINETÉ AGRICOLES - 1ère lecture (1ère assemblée saisie) - n° 2632,CD504,,Rejeté,Article 14,Première délibération,Meunier Manon,"  Mme Abomangoli, M. Alexandre, M. Amard, Mme Amiot, Mme Amrani, M. Arenas, M. Arnault, Mme Belouassa-Cherifi, Mme Bentorki, M. Bernalicis, M. Bex, M. Bilongo, M. Bompard, M. Boumertit, M. Boyard, M. Cadalen, M. Caron, M. Carrière, Mme Cathala, M. Cernon, Mme Chikirou, M. Clouet, M. Coquerel, M. Coulomme, M. Delogu, M. Diouara, Mme Dufour, Mme Erodi, Mme Feld, M. Fernandes, Mme Ferrer, M. Gaillard, Mme Guetté, Mme Hamdane, Mme Hignet, M. Kerbrat, M. Lachaud, M. Lahmar, M. Laisney, M. Le Coq, M. Le Gall, Mme Leboucher, M. Legavre, Mme Legrain, Mme Lejeune, Mme Lepvraud, M. Léaument, Mme Élisa Martin, M. Maudet, Mme Maximi, Mme Mesmeur, M. Nilor, Mme Nosbé, Mme Obono, Mme Oziol, Mme Panot, M. Pilato, M. Piquemal, M. Portes, M. Prud'homme, M. Ratenon, M. Saint-Martin, M. Saintoul, Mme Soudais, Mme Stambach-Terrenoir, M. Aurélien Taché, Mme Taurinya, M. Tavel, Mme Trouvé et M. Vannier",Développement durable,1ère lecture (1ère assemblée saisie),https://www.assemblee-nationale.fr/dyn/17/amendements/2632/CION-DVP/CD504,https://www.assemblee-nationale.fr/dyn/opendata/AMANR5L17PO419865B2632P0D1N000504.xml
PROTECTION ET SOUVERAINETÉ AGRICOLES,Amendement n° 507 - PROTECTION ET SOUVERAINETÉ AGRICOLES - 1ère lecture (1ère assemblée saisie) - n° 2632,CD507,,Non renseigné,Article 14,Première délibération,Meunier Manon,"  Mme Abomangoli, M. Alexandre, M. Amard, Mme Amiot, Mme Amrani, M. Arenas, M. Arnault, Mme Belouassa-Cherifi, Mme Bentorki, M. Bernalicis, M. Bex, M. Bilongo, M. Bompard, M. Boumertit, M. Boyard, M. Cadalen, M. Caron, M. Carrière, Mme Cathala, M. Cernon, Mme Chikirou, M. Clouet, M. Coquerel, M. Coulomme, M. Delogu, M. Diouara, Mme Dufour, Mme Erodi, Mme Feld, M. Fernandes, Mme Ferrer, M. Gaillard, Mme Guetté, Mme Hamdane, Mme Hignet, M. Kerbrat, M. Lachaud, M. Lahmar, M. Laisney, M. Le Coq, M. Le Gall, Mme Leboucher, M. Legavre, Mme Legrain, Mme Lejeune, Mme Lepvraud, M. Léaument, Mme Élisa Martin, M. Maudet, Mme Maximi, Mme Mesmeur, M. Nilor, Mme Nosbé, Mme Obono, Mme Oziol, Mme Panot, M. Pilato, M. Piquemal, M. Portes, M. Prud'homme, M. Ratenon, M. Saint-Martin, M. Saintoul, Mme Soudais, Mme Stambach-Terrenoir, M. Aurélien Taché, Mme Taurinya, M. Tavel, Mme Trouvé et M. Vannier",Développement durable,1ère lecture (1ère assemblée saisie),https://www.assemblee-nationale.fr/dyn/17/amendements/2632/CION-DVP/CD507,https://www.assemblee-nationale.fr/dyn/opendata/AMANR5L17PO419865B2632P0D1N000507.xml
PROTECTION ET SOUVERAINETÉ AGRICOLES,Amendement n° 51 - PROTECTION ET SOUVERAINETÉ AGRICOLES - 1ère lecture (1ère assemblée saisie) - n° 2632,CD51,,Non renseigné,Article 14,Première délibération,Rousset Jean-François,"  Mme Pantel, Mme Froger, M. Vallaud, M. Fesneau, M. Peu, Mme Le Feur, M. Armand, M. Hollande, M. Roseren, M. Potier, M. Bony, M. Philippe Brun, Mme Rossi, Mme Allemand, M. Aviragnet, Mme Battistel, M. Bazin, M. Benoit, Mme Bergantz, M. Bonnecarrère, Mme Sylvie Bonnet, Mme Bonnivard, M. Bothorel, M. Bouyx, M. Brard, M. Brigand, M. Brugerolles, Mme Brulebois, M. Fabrice Brun, M. Buchou, Mme Buffet, M. Jean-René Cazeneuve, M. Ceccoli, M. Cordier, M. Cormier-Bouligeon, M. Criaud, M. Croizier, Mme Corneloup, M. Daubié, M. David, M. Delautrette, Mme Delpech, Mme Dombre Coste, Mme Dubré-Chirat, M. Dufau, M. Echaniz, M. Fait, M. Fégné, M. Fugit, Mme Got, Mme Perrine Goulet, M. Guedj, Mme Herouin-Léautey, M. Houlié, M. Huyghe, M. Jacques, Mme Klinkert, M. Lauzzana, M. Lecamp, Mme Létard, Mme Le Peih, M. Liégeon, Mme Lingemann, Mme Marsaud, M. Maurel, M. Marion, M. Masséglia, M. Mattei, M. Molac, M. Mongardien, M. Naegelen, M. Oberti, M. Ott, M. Padey, Mme Pirès Beaune, M. Proença, M. Ramos, M. Ray, Mme Riotton, Mme Ronceret, Mme Rouaux, Mme Santiago, M. Saulignac, M. Sorre, M. Taite, M. Taupiac, M. Terlier, Mme Thiébault-Martinez, Mme Thomin, M. Travert, M. Vermorel-Marques, Mme Vidal, M. Jean-Pierre Vigier, M. Philippe Vigier, M. Viry, M. Vuibert et Mme Pochon",Développement durable,1ère lecture (1ère assemblée saisie),https://www.assemblee-nationale.fr/dyn/17/amendements/2632/CION-DVP/CD51,https://www.assemblee-nationale.fr/dyn/opendata/AMANR5L17PO419865B2632P0D1N000051.xml
PROTECTION ET SOUVERAINETÉ AGRICOLES,Amendement n° 52 - PROTECTION ET SOUVERAINETÉ AGRICOLES - 1ère lecture (1ère assemblée saisie) - n° 2632,CD52,,Adopté,Article 14,Première délibération,Rousset Jean-François,"  Mme Pantel, Mme Froger, M. Vallaud, M. Fesneau, M. Peu, Mme Le Feur, M. Hollande, M. Roseren, M. Potier, M. Bony, M. Philippe Brun, Mme Rossi, Mme Allemand, M. Aviragnet, Mme Battistel, M. Bazin, M. Benoit, Mme Bergantz, M. Bonnecarrère, Mme Sylvie Bonnet, Mme Bonnivard, M. Bothorel, M. Bouyx, M. Brard, M. Brigand, M. Brugerolles, Mme Brulebois, M. Fabrice Brun, M. Buchou, Mme Buffet, M. Jean-René Cazeneuve, M. Ceccoli, M. Cormier-Bouligeon, M. Criaud, M. Croizier, Mme Corneloup, M. Daubié, M. David, M. Delautrette, Mme Delpech, Mme Dombre Coste, Mme Dubré-Chirat, M. Dufau, M. Echaniz, M. Fait, M. Fégné, M. Fugit, Mme Got, Mme Perrine Goulet, M. Guedj, Mme Herouin-Léautey, M. Houlié, M. Huyghe, M. Jacques, Mme Klinkert, M. Lauzzana, M. Lecamp, Mme Létard, Mme Le Peih, M. Liégeon, Mme Lingemann, Mme Marsaud, M. Maurel, M. Marion, M. Masséglia, M. Mattei, M. Molac, M. Mongardien, M. Naegelen, M. Oberti, M. Ott, M. Padey, Mme Pirès Beaune, M. Proença, M. Ramos, M. Ray, Mme Riotton, Mme Ronceret, Mme Rouaux, Mme Santiago, M. Saulignac, M. Sorre, M. Taite, M. Taupiac, M. Terlier, Mme Thiébault-Martinez, Mme Thomin, M. Travert, M. Vermorel-Marques, Mme Vidal, M. Jean-Pierre Vigier, M. Philippe Vigier, M. Viry, M. Vuibert et Mme Pochon",Développement durable,1ère lecture (1ère assemblée saisie),https://www.assemblee-nationale.fr/dyn/17/amendements/2632/CION-DVP/CD52,https://www.assemblee-nationale.fr/dyn/opendata/AMANR5L17PO419865B2632P0D1N000052.xml
PROTECTION ET SOUVERAINETÉ AGRICOLES,Amendement n° 522 - PROTECTION ET SOUVERAINETÉ AGRICOLES - 1ère lecture (1ère assemblée saisie) - n° 2632,CD522,,Retiré,Article 14,Première délibération,Riotton Véronique,"  Mme Piron, Mme Violland, Mme Vignon, M. Cormier-Bouligeon, M. Becht, M. Causse, Mme Givernet, Mme Lalanne, M. Larrouquis, Mme Lubet, Mme Panonacle et M. Rousset",Développement durable,1ère lecture (1ère assemblée saisie),https://www.assemblee-nationale.fr/dyn/17/amendements/2632/CION-DVP/CD522,https://www.assemblee-nationale.fr/dyn/opendata/AMANR5L17PO419865B2632P0D1N000522.xml
PROTECTION ET SOUVERAINETÉ AGRICOLES,Amendement n° 523 - PROTECTION ET SOUVERAINETÉ AGRICOLES - 1ère lecture (1ère assemblée saisie) - n° 2632,CD523,,Tombé,Article 14,Première délibération,Riotton Véronique,"  Mme Piron, Mme Violland, Mme Vignon, M. Cormier-Bouligeon, M. Becht, M. Causse, Mme Givernet, M. Larrouquis, Mme Lubet, Mme Panonacle et M. Rousset",Développement durable,1ère lecture (1ère assemblée saisie),https://www.assemblee-nationale.fr/dyn/17/amendements/2632/CION-DVP/CD523,https://www.assemblee-nationale.fr/dyn/opendata/AMANR5L17PO419865B2632P0D1N000523.xml
PROTECTION ET SOUVERAINETÉ AGRICOLES,Amendement n° 53 - PROTECTION ET SOUVERAINETÉ AGRICOLES - 1ère lecture (1ère assemblée saisie) - n° 2632,CD53,,Retiré,Article 14,Première délibération,Rousset Jean-François,"  Mme Pantel, Mme Froger, M. Vallaud, M. Fesneau, M. Peu, Mme Le Feur, M. Hollande, M. Roseren, M. Potier, M. Bony, M. Philippe Brun, Mme Rossi, Mme Allemand, M. Aviragnet, Mme Battistel, M. Bazin, M. Benoit, Mme Bergantz, M. Bonnecarrère, Mme Sylvie Bonnet, Mme Bonnivard, M. Bothorel, M. Bouyx, M. Brard, M. Brigand, M. Brugerolles, Mme Brulebois, M. Fabrice Brun, M. Buchou, Mme Buffet, M. Jean-René Cazeneuve, M. Ceccoli, M. Cormier-Bouligeon, M. Criaud, M. Croizier, Mme Corneloup, M. Daubié, M. David, M. Delautrette, Mme Delpech, Mme Dombre Coste, Mme Dubré-Chirat, M. Dufau, M. Echaniz, M. Fait, M. Fégné, M. Fugit, Mme Got, Mme Perrine Goulet, M. Guedj, Mme Herouin-Léautey, M. Houlié, M. Huyghe, M. Jacques, Mme Klinkert, M. Lauzzana, M. Lecamp, Mme Létard, Mme Le Peih, M. Liégeon, Mme Lingemann, Mme Marsaud, M. Maurel, M. Marion, M. Masséglia, M. Mattei, M. Molac, M. Mongardien, M. Naegelen, M. Oberti, M. Ott, M. Padey, Mme Pirès Beaune, M. Proença, M. Ramos, M. Ray, Mme Riotton, Mme Ronceret, Mme Rouaux, Mme Santiago, M. Saulignac, M. Sorre, M. Taite, M. Taupiac, M. Terlier, Mme Thiébault-Martinez, Mme Thomin, M. Travert, M. Vermorel-Marques, Mme Vidal, M. Jean-Pierre Vigier, M. Philippe Vigier, M. Viry, M. Vuibert et Mme Pochon",Développement durable,1ère lecture (1ère assemblée saisie),https://www.assemblee-nationale.fr/dyn/17/amendements/2632/CION-DVP/CD53,https://www.assemblee-nationale.fr/dyn/opendata/AMANR5L17PO419865B2632P0D1N000053.xml
PROTECTION ET SOUVERAINETÉ AGRICOLES,Amendement n° 54 - PROTECTION ET SOUVERAINETÉ AGRICOLES - 1ère lecture (1ère assemblée saisie) - n° 2632,CD54,,Adopté,Article 14,Première délibération,Rousset Jean-François,"  Mme Pantel, Mme Froger, M. Vallaud, M. Fesneau, M. Peu, Mme Le Feur, M. Hollande, M. Roseren, M. Potier, M. Bony, M. Philippe Brun, Mme Rossi, Mme Allemand, M. Aviragnet, Mme Battistel, M. Bazin, M. Benoit, Mme Bergantz, M. Bonnecarrère, Mme Sylvie Bonnet, Mme Bonnivard, M. Bothorel, M. Bouyx, M. Brard, M. Brigand, M. Brugerolles, Mme Brulebois, M. Fabrice Brun, M. Buchou, Mme Buffet, M. Jean-René Cazeneuve, M. Ceccoli, M. Cormier-Bouligeon, M. Criaud, M. Croizier, Mme Corneloup, M. Daubié, M. David, M. Delautrette, Mme Delpech, Mme Dombre Coste, Mme Dubré-Chirat, M. Dufau, M. Echaniz, M. Fait, M. Fégné, M. Fugit, Mme Got, Mme Perrine Goulet, M. Guedj, Mme Herouin-Léautey, M. Houlié, M. Huyghe, M. Jacques, Mme Klinkert, M. Lauzzana, M. Lecamp, Mme Létard, Mme Le Peih, M. Liégeon, Mme Lingemann, Mme Marsaud, M. Maurel, M. Marion, M. Masséglia, M. Mattei, M. Molac, M. Mongardien, M. Naegelen, M. Oberti, M. Ott, M. Padey, Mme Pirès Beaune, M. Proença, M. Ramos, M. Ray, Mme Riotton, Mme Ronceret, Mme Rouaux, Mme Santiago, M. Saulignac, M. Sorre, M. Taite, M. Taupiac, M. Terlier, Mme Thiébault-Martinez, Mme Thomin, M. Travert, M. Vermorel-Marques, Mme Vidal, M. Jean-Pierre Vigier, M. Philippe Vigier, M. Viry, M. Vuibert et Mme Pochon",Développement durable,1ère lecture (1ère assemblée saisie),https://www.assemblee-nationale.fr/dyn/17/amendements/2632/CION-DVP/CD54,https://www.assemblee-nationale.fr/dyn/opendata/AMANR5L17PO419865B2632P0D1N000054.xml
PROTECTION ET SOUVERAINETÉ AGRICOLES,Amendement n° 555 - PROTECTION ET SOUVERAINETÉ AGRICOLES - 1ère lecture (1ère assemblée saisie) - n° 2632,CD555,,Adopté,Article 14,Première délibération,Roseren Xavier rapporteur,,Développement durable,1ère lecture (1ère assemblée saisie),https://www.assemblee-nationale.fr/dyn/17/amendements/2632/CION-DVP/CD555,https://www.assemblee-nationale.fr/dyn/opendata/AMANR5L17PO419865B2632P0D1N000555.xml
PROTECTION ET SOUVERAINETÉ AGRICOLES,Amendement n° 556 - PROTECTION ET SOUVERAINETÉ AGRICOLES - 1ère lecture (1ère assemblée saisie) - n° 2632,CD556,,Adopté,Article 14,Première délibération,Roseren Xavier rapporteur,,Développement durable,1ère lecture (1ère assemblée saisie),https://www.assemblee-nationale.fr/dyn/17/amendements/2632/CION-DVP/CD556,https://www.assemblee-nationale.fr/dyn/opendata/AMANR5L17PO419865B2632P0D1N000556.xml
PROTECTION ET SOUVERAINETÉ AGRICOLES,Amendement n° 557 - PROTECTION ET SOUVERAINETÉ AGRICOLES - 1ère lecture (1ère assemblée saisie) - n° 2632,CD557,,Retiré,Article 14,Première délibération,Roseren Xavier rapporteur,,Développement durable,1ère lecture (1ère assemblée saisie),https://www.assemblee-nationale.fr/dyn/17/amendements/2632/CION-DVP/CD557,https://www.assemblee-nationale.fr/dyn/opendata/AMANR5L17PO419865B2632P0D1N000557.xml
PROTECTION ET SOUVERAINETÉ AGRICOLES,Amendement n° 558 - PROTECTION ET SOUVERAINETÉ AGRICOLES - 1ère lecture (1ère assemblée saisie) - n° 2632,CD558,,Tombé,Article 14,Première délibération,Roseren Xavier rapporteur,,Développement durable,1ère lecture (1ère assemblée saisie),https://www.assemblee-nationale.fr/dyn/17/amendements/2632/CION-DVP/CD558,https://www.assemblee-nationale.fr/dyn/opendata/AMANR5L17PO419865B2632P0D1N000558.xml
PROTECTION ET SOUVERAINETÉ AGRICOLES,Amendement n° 559 - PROTECTION ET SOUVERAINETÉ AGRICOLES - 1ère lecture (1ère assemblée saisie) - n° 2632,CD559,,Adopté,Article 14,Première délibération,Roseren Xavier rapporteur,,Développement durable,1ère lecture (1ère assemblée saisie),https://www.assemblee-nationale.fr/dyn/17/amendements/2632/CION-DVP/CD559,https://www.assemblee-nationale.fr/dyn/opendata/AMANR5L17PO419865B2632P0D1N000559.xml
PROTECTION ET SOUVERAINETÉ AGRICOLES,Amendement n° 560 - PROTECTION ET SOUVERAINETÉ AGRICOLES - 1ère lecture (1ère assemblée saisie) - n° 2632,CD560,,Rejeté,Article 14,Première délibération,Roseren Xavier rapporteur,,Développement durable,1ère lecture (1ère assemblée saisie),https://www.assemblee-nationale.fr/dyn/17/amendements/2632/CION-DVP/CD560,https://www.assemblee-nationale.fr/dyn/opendata/AMANR5L17PO419865B2632P0D1N000560.xml
PROTECTION ET SOUVERAINETÉ AGRICOLES,Amendement n° 561 - PROTECTION ET SOUVERAINETÉ AGRICOLES - 1ère lecture (1ère assemblée saisie) - n° 2632,CD561,,Rejeté,Article 14,Première délibération,Roseren Xavier rapporteur,,Développement durable,1ère lecture (1ère assemblée saisie),https://www.assemblee-nationale.fr/dyn/17/amendements/2632/CION-DVP/CD561,https://www.assemblee-nationale.fr/dyn/opendata/AMANR5L17PO419865B2632P0D1N000561.xml
PROTECTION ET SOUVERAINETÉ AGRICOLES,Amendement n° 562 - PROTECTION ET SOUVERAINETÉ AGRICOLES - 1ère lecture (1ère assemblée saisie) - n° 2632,CD562,,Retiré,Article 14,Première délibération,Roseren Xavier rapporteur,,Développement durable,1ère lecture (1ère assemblée saisie),https://www.assemblee-nationale.fr/dyn/17/amendements/2632/CION-DVP/CD562,https://www.assemblee-nationale.fr/dyn/opendata/AMANR5L17PO419865B2632P0D1N000562.xml
PROTECTION ET SOUVERAINETÉ AGRICOLES,Amendement n° 563 - PROTECTION ET SOUVERAINETÉ AGRICOLES - 1ère lecture (1ère assemblée saisie) - n° 2632,CD563,,Adopté,Article 14,Première délibération,Roseren Xavier rapporteur,,Développement durable,1ère lecture (1ère assemblée saisie),https://www.assemblee-nationale.fr/dyn/17/amendements/2632/CION-DVP/CD563,https://www.assemblee-nationale.fr/dyn/opendata/AMANR5L17PO419865B2632P0D1N000563.xml
PROTECTION ET SOUVERAINETÉ AGRICOLES,Amendement n° 571 - PROTECTION ET SOUVERAINETÉ AGRICOLES - 1ère lecture (1ère assemblée saisie) - n° 2632,CD571,,Adopté,Article 14,Première délibération,Roseren Xavier rapporteur,,Développement durable,1ère lecture (1ère assemblée saisie),https://www.assemblee-nationale.fr/dyn/17/amendements/2632/CION-DVP/CD571,https://www.assemblee-nationale.fr/dyn/opendata/AMANR5L17PO419865B2632P0D1N000571.xml
PROTECTION ET SOUVERAINETÉ AGRICOLES,Amendement n° 572 - PROTECTION ET SOUVERAINETÉ AGRICOLES - 1ère lecture (1ère assemblée saisie) - n° 2632,CD572,,Rejeté,Article 14,Première délibération,Roseren Xavier rapporteur,,Développement durable,1ère lecture (1ère assemblée saisie),https://www.assemblee-nationale.fr/dyn/17/amendements/2632/CION-DVP/CD572,https://www.assemblee-nationale.fr/dyn/opendata/AMANR5L17PO419865B2632P0D1N000572.xml
PROTECTION ET SOUVERAINETÉ AGRICOLES,Amendement n° 573 - PROTECTION ET SOUVERAINETÉ AGRICOLES - 1ère lecture (1ère assemblée saisie) - n° 2632,CD573,,Adopté,Article 14,Première délibération,Roseren Xavier rapporteur,,Développement durable,1ère lecture (1ère assemblée saisie),https://www.assemblee-nationale.fr/dyn/17/amendements/2632/CION-DVP/CD573,https://www.assemblee-nationale.fr/dyn/opendata/AMANR5L17PO419865B2632P0D1N000573.xml
PROTECTION ET SOUVERAINETÉ AGRICOLES,Amendement n° 574 - PROTECTION ET SOUVERAINETÉ AGRICOLES - 1ère lecture (1ère assemblée saisie) - n° 2632,CD574,,Non renseigné,Article 14,Première délibération,Falcon Frédéric,"  M. Vos, M. Blairy, Mme Bouquin, M. Dutremble, M. Evrard, M. Guibert, M. Houssin, M. Humbert, Mme Lechanteux, M. David Magnier, M. Marchio, M. Markowsky, M. Meurin, Mme Roullaud, Mme Sabatini et M. Schreck",Développement durable,1ère lecture (1ère assemblée saisie),https://www.assemblee-nationale.fr/dyn/17/amendements/2632/CION-DVP/CD574,https://www.assemblee-nationale.fr/dyn/opendata/AMANR5L17PO419865B2632P0D1N000574.xml
PROTECTION ET SOUVERAINETÉ AGRICOLES,Amendement n° 6 - PROTECTION ET SOUVERAINETÉ AGRICOLES - 1ère lecture (1ère assemblée saisie) - n° 2632,CD6,,Non renseigné,Article 14,Première délibération,Pantel Sophie,,Développement durable,1ère lecture (1ère assemblée saisie),https://www.assemblee-nationale.fr/dyn/17/amendements/2632/CION-DVP/CD6,https://www.assemblee-nationale.fr/dyn/opendata/AMANR5L17PO419865B2632P0D1N000006.xml
PROTECTION ET SOUVERAINETÉ AGRICOLES,Amendement n° 7 - PROTECTION ET SOUVERAINETÉ AGRICOLES - 1ère lecture (1ère assemblée saisie) - n° 2632,CD7,,Non renseigné,Article 14,Première délibération,Pantel Sophie,,Développement durable,1ère lecture (1ère assemblée saisie),https://www.assemblee-nationale.fr/dyn/17/amendements/2632/CION-DVP/CD7,https://www.assemblee-nationale.fr/dyn/opendata/AMANR5L17PO419865B2632P0D1N000007.xml
PROTECTION ET SOUVERAINETÉ AGRICOLES,Amendement n° 70 - PROTECTION ET SOUVERAINETÉ AGRICOLES - 1ère lecture (1ère assemblée saisie) - n° 2632,CD70,,Non renseigné,Article 14,Première délibération,Voynet Dominique,"  Mme Pochon, Mme Belluco, M. Nicolas Bonnet, M. Thierry, Mme Ozenne, M. Biteau, M. Raux, M. Amirshahi, Mme Arrighi, Mme Autain, Mme Balage El Mariky, M. Ben Cheikh, M. Arnaud Bonnet, Mme Chatelain, M. Corbière, M. Davi, M. Duplessy, M. Fournier, Mme Garin, M. Damien Girard, M. Gustave, Mme Catherine Hervieu, M. Iordanoff, Mme Laernoes, M. Lahais, M. Lucas-Lundy, M. Peytavie, Mme Regol, M. Roumégas, Mme Sandrine Rousseau, M. Ruffin, Mme Sas, Mme Sebaihi, Mme Simonnet, Mme Taillé-Polian et M. Tavernier",Développement durable,1ère lecture (1ère assemblée saisie),https://www.assemblee-nationale.fr/dyn/17/amendements/2632/CION-DVP/CD70,https://www.assemblee-nationale.fr/dyn/opendata/AMANR5L17PO419865B2632P0D1N000070.xml
PROTECTION ET SOUVERAINETÉ AGRICOLES,Amendement n° 71 - PROTECTION ET SOUVERAINETÉ AGRICOLES - 1ère lecture (1ère assemblée saisie) - n° 2632,CD71,,Non renseigné,Article 14,Première délibération,Voynet Dominique,"  Mme Pochon, Mme Belluco, M. Nicolas Bonnet, M. Thierry, Mme Ozenne, M. Biteau, M. Raux, M. Amirshahi, Mme Arrighi, Mme Autain, Mme Balage El Mariky, M. Ben Cheikh, M. Arnaud Bonnet, Mme Chatelain, M. Corbière, M. Davi, M. Duplessy, M. Fournier, Mme Garin, M. Damien Girard, M. Gustave, Mme Catherine Hervieu, M. Iordanoff, Mme Laernoes, M. Lahais, M. Lucas-Lundy, M. Peytavie, Mme Regol, M. Roumégas, Mme Sandrine Rousseau, M. Ruffin, Mme Sas, Mme Sebaihi, Mme Simonnet, Mme Taillé-Polian et M. Tavernier",Développement durable,1ère lecture (1ère assemblée saisie),https://www.assemblee-nationale.fr/dyn/17/amendements/2632/CION-DVP/CD71,https://www.assemblee-nationale.fr/dyn/opendata/AMANR5L17PO419865B2632P0D1N000071.xml
PROTECTION ET SOUVERAINETÉ AGRICOLES,Amendement n° 75 - PROTECTION ET SOUVERAINETÉ AGRICOLES - 1ère lecture (1ère assemblée saisie) - n° 2632,CD75,,Tombé,Article 14,Première délibération,Bonnivard Émilie,,Développement durable,1ère lecture (1ère assemblée saisie),https://www.assemblee-nationale.fr/dyn/17/amendements/2632/CION-DVP/CD75,https://www.assemblee-nationale.fr/dyn/opendata/AMANR5L17PO419865B2632P0D1N000075.xml
PROTECTION ET SOUVERAINETÉ AGRICOLES,Amendement n° 77 - PROTECTION ET SOUVERAINETÉ AGRICOLES - 1ère lecture (1ère assemblée saisie) - n° 2632,CD77,,Non soutenu,Article 14,Première délibération,Tivoli Lionel,,Développement durable,1ère lecture (1ère assemblée saisie),https://www.assemblee-nationale.fr/dyn/17/amendements/2632/CION-DVP/CD77,https://www.assemblee-nationale.fr/dyn/opendata/AMANR5L17PO419865B2632P0D1N000077.xml
PROTECTION ET SOUVERAINETÉ AGRICOLES,Amendement n° 8 - PROTECTION ET SOUVERAINETÉ AGRICOLES - 1ère lecture (1ère assemblée saisie) - n° 2632,CD8,,Non renseigné,Article 14,Première délibération,Pantel Sophie,,Développement durable,1ère lecture (1ère assemblée saisie),https://www.assemblee-nationale.fr/dyn/17/amendements/2632/CION-DVP/CD8,https://www.assemblee-nationale.fr/dyn/opendata/AMANR5L17PO419865B2632P0D1N000008.xml
PROTECTION ET SOUVERAINETÉ AGRICOLES,Amendement n° 82 - PROTECTION ET SOUVERAINETÉ AGRICOLES - 1ère lecture (1ère assemblée saisie) - n° 2632,CD82,,Rejeté,Article 14,Première délibération,Tivoli Lionel,"  M. Schreck, Mme Sabatini, M. Blairy, Mme Bouquin, M. Dutremble, M. Evrard, M. Guibert, M. Humbert, Mme Lechanteux, M. Marchio, M. Markowsky et Mme Roullaud",Développement durable,1ère lecture (1ère assemblée saisie),https://www.assemblee-nationale.fr/dyn/17/amendements/2632/CION-DVP/CD82,https://www.assemblee-nationale.fr/dyn/opendata/AMANR5L17PO419865B2632P0D1N000082.xml
PROTECTION ET SOUVERAINETÉ AGRICOLES,Amendement n° 83 - PROTECTION ET SOUVERAINETÉ AGRICOLES - 1ère lecture (1ère assemblée saisie) - n° 2632,CD83,,Rejeté,Article 14,Première délibération,Tivoli Lionel,"  Mme Sabatini, M. Schreck, Mme Roullaud, M. Meurin, M. Blairy, M. Markowsky, M. Evrard, M. Marchio, Mme Lechanteux, M. Houssin, M. Guibert et Mme Bouquin",Développement durable,1ère lecture (1ère assemblée saisie),https://www.assemblee-nationale.fr/dyn/17/amendements/2632/CION-DVP/CD83,https://www.assemblee-nationale.fr/dyn/opendata/AMANR5L17PO419865B2632P0D1N000083.xml
PROTECTION ET SOUVERAINETÉ AGRICOLES,Amendement n° 85 - PROTECTION ET SOUVERAINETÉ AGRICOLES - 1ère lecture (1ère assemblée saisie) - n° 2632,CD85,,Tombé,Article 14,Première délibération,Tivoli Lionel,"  M. Blairy, Mme Bouquin, M. Dutremble, M. Evrard, M. Guibert, M. Houssin, M. Humbert, Mme Lechanteux, M. Marchio, M. Markowsky, M. Meurin, Mme Roullaud, Mme Sabatini et M. Schreck",Développement durable,1ère lecture (1ère assemblée saisie),https://www.assemblee-nationale.fr/dyn/17/amendements/2632/CION-DVP/CD85,https://www.assemblee-nationale.fr/dyn/opendata/AMANR5L17PO419865B2632P0D1N000085.xml
PROTECTION ET SOUVERAINETÉ AGRICOLES,Amendement n° 87 - PROTECTION ET SOUVERAINETÉ AGRICOLES - 1ère lecture (1ère assemblée saisie) - n° 2632,CD87,,Rejeté,Article 14,Première délibération,Tivoli Lionel,"  M. Blairy, Mme Bouquin, M. Dutremble, M. Evrard, M. Guibert, M. Houssin, Mme Lechanteux, M. Marchio, M. Markowsky, M. Meurin, Mme Roullaud et M. Schreck",Développement durable,1ère lecture (1ère assemblée saisie),https://www.assemblee-nationale.fr/dyn/17/amendements/2632/CION-DVP/CD87,https://www.assemblee-nationale.fr/dyn/opendata/AMANR5L17PO419865B2632P0D1N000087.xml
PROTECTION ET SOUVERAINETÉ AGRICOLES,Amendement n° 9 - PROTECTION ET SOUVERAINETÉ AGRICOLES - 1ère lecture (1ère assemblée saisie) - n° 2632,CD9,,Non renseigné,Article 14,Première délibération,Pantel Sophie,,Développement durable,1ère lecture (1ère assemblée saisie),https://www.assemblee-nationale.fr/dyn/17/amendements/2632/CION-DVP/CD9,https://www.assemblee-nationale.fr/dyn/opendata/AMANR5L17PO419865B2632P0D1N000009.xml
PROTECTION ET SOUVERAINETÉ AGRICOLES,Amendement n° 91 - PROTECTION ET SOUVERAINETÉ AGRICOLES - 1ère lecture (1ère assemblée saisie) - n° 2632,CD91,,Non renseigné,Article 14,Première délibération,Bony Jean-Yves,,Développement durable,1ère lecture (1ère assemblée saisie),https://www.assemblee-nationale.fr/dyn/17/amendements/2632/CION-DVP/CD91,https://www.assemblee-nationale.fr/dyn/opendata/AMANR5L17PO419865B2632P0D1N000091.xml
PROTECTION ET SOUVERAINETÉ AGRICOLES,Amendement n° 92 - PROTECTION ET SOUVERAINETÉ AGRICOLES - 1ère lecture (1ère assemblée saisie) - n° 2632,CD92,,Tombé,Article 14,Première délibération,Bony Jean-Yves,,Développement durable,1ère lecture (1ère assemblée saisie),https://www.assemblee-nationale.fr/dyn/17/amendements/2632/CION-DVP/CD92,https://www.assemblee-nationale.fr/dyn/opendata/AMANR5L17PO419865B2632P0D1N000092.xml
PROTECTION ET SOUVERAINETÉ AGRICOLES,Amendement n° 1076 - PROTECTION ET SOUVERAINETÉ AGRICOLES - 1ère lecture (1ère assemblée saisie) - n° 2765,1076,,Non renseigné,Après l'article 14,Première délibération,Schreck Philippe,"  M. Allisio, M. Amblard, Mme Auzanot, M. Ballard, Mme Bamana, M. Baubry, M. Beaurain, M. Bentz, M. Bernhardt, M. Bigot, M. Bilde, M. Blairy, Mme Blanc, M. Boccaletti, M. Boulogne, Mme Bouquin, M. Bovet, M. Buisson, M. Casterman, M. Chaumeil, M. Chenu, M. Chudeau, M. Clavet, Mme Colombier, Mme Da Conceicao Carvalho, M. de Fleurian, M. de Lépinau, Mme Dellong Meng, M. Dessigny, Mme Diaz, Mme Dogor-Such, M. Dragon, M. Dufosset, M. Dussausaye, M. Dutremble, M. Evrard, M. Falcon, M. Florquin, M. Fouquart, M. Frappé, M. Gabarron, Mme Galzy, M. Gery, M. Giletti, M. Gillet, M. Christian Girard, M. Golliot, M. Gonzalez, Mme Florence Goulet, Mme Grangier, Mme Griseti, M. Guibert, M. Guiniot, M. Guitton, Mme Hamelet, M. Houssin, M. Humbert, M. Jacobelli, M. Jenft, M. Jolly, Mme Joncour, M. Jordan, Mme Josserand, Mme Joubert, Mme Laporte, Mme Lavalette, M. Le Bourgeois, Mme Le Pen, Mme Lechanteux, Mme Lechon, Mme Lelouis, Mme Levavasseur, M. Limongi, M. Lioret, Mme Loir, Mme Lorho, M. Lottiaux, M. Loubet, M. David Magnier, Mme Marais-Beuil, M. Marchio, M. Markowsky, M. Patrice Martin, Mme Martinez, M. Mauvieux, M. Meizonnet, M. Meurin, M. Monnier, M. Muller, Mme Mélin, Mme Ménaché, M. Ménagé, M. Odoul, Mme Parmentier, M. Perez, M. Pfeffer, Mme Pollet, M. Rambaud, Mme Ranc, M. Rancoule, M. Renault, Mme Rimbert, M. Rivière, Mme Robert-Dehault, Mme Roullaud, Mme Roy, Mme Sabatini, M. Sabatou, M. Salmon, Mme Sicard, M. Emmanuel Taché, M. Jean-Philippe Tanguy, M. Taverne, M. Tesson, M. Tivoli, M. Tomatis, M. Tonussi, M. Tribuiani, M. Villedieu, M. Vos et M. Weber",Séance publique,1ère lecture (1ère assemblée saisie),https://www.assemblee-nationale.fr/dyn/17/amendements/2765/AN/1076,https://www.assemblee-nationale.fr/dyn/opendata/AMANR5L17PO838901BTC2765P0D1N001076.xml
PROTECTION ET SOUVERAINETÉ AGRICOLES,Amendement n° 1081 - PROTECTION ET SOUVERAINETÉ AGRICOLES - 1ère lecture (1ère assemblée saisie) - n° 2765,1081,,Non renseigné,Article 14,Première délibération,Dirx Benjamin,,Séance publique,1ère lecture (1ère assemblée saisie),https://www.assemblee-nationale.fr/dyn/17/amendements/2765/AN/1081,https://www.assemblee-nationale.fr/dyn/opendata/AMANR5L17PO838901BTC2765P0D1N001081.xml
PROTECTION ET SOUVERAINETÉ AGRICOLES,Amendement n° 1087 - PROTECTION ET SOUVERAINETÉ AGRICOLES - 1ère lecture (1ère assemblée saisie) - n° 2765,1087,,Non renseigné,Article 14,Première délibération,Brulebois Danielle,,Séance publique,1ère lecture (1ère assemblée saisie),https://www.assemblee-nationale.fr/dyn/17/amendements/2765/AN/1087,https://www.assemblee-nationale.fr/dyn/opendata/AMANR5L17PO838901BTC2765P0D1N001087.xml
PROTECTION ET SOUVERAINETÉ AGRICOLES,Amendement n° 1099 - PROTECTION ET SOUVERAINETÉ AGRICOLES - 1ère lecture (1ère assemblée saisie) - n° 2765,1099,,Non renseigné,Article 14,Première délibération,Brulebois Danielle,,Séance publique,1ère lecture (1ère assemblée saisie),https://www.assemblee-nationale.fr/dyn/17/amendements/2765/AN/1099,https://www.assemblee-nationale.fr/dyn/opendata/AMANR5L17PO838901BTC2765P0D1N001099.xml
PROTECTION ET SOUVERAINETÉ AGRICOLES,Amendement n° 1103 - PROTECTION ET SOUVERAINETÉ AGRICOLES - 1ère lecture (1ère assemblée saisie) - n° 2765,1103,,Non renseigné,Article 14,Première délibération,Brulebois Danielle,,Séance publique,1ère lecture (1ère assemblée saisie),https://www.assemblee-nationale.fr/dyn/17/amendements/2765/AN/1103,https://www.assemblee-nationale.fr/dyn/opendata/AMANR5L17PO838901BTC2765P0D1N001103.xml
PROTECTION ET SOUVERAINETÉ AGRICOLES,Amendement n° 1107 - PROTECTION ET SOUVERAINETÉ AGRICOLES - 1ère lecture (1ère assemblée saisie) - n° 2765,1107,,Non renseigné,Article 14,Première délibération,Brulebois Danielle,,Séance publique,1ère lecture (1ère assemblée saisie),https://www.assemblee-nationale.fr/dyn/17/amendements/2765/AN/1107,https://www.assemblee-nationale.fr/dyn/opendata/AMANR5L17PO838901BTC2765P0D1N001107.xml
PROTECTION ET SOUVERAINETÉ AGRICOLES,Amendement n° 1118 - PROTECTION ET SOUVERAINETÉ AGRICOLES - 1ère lecture (1ère assemblée saisie) - n° 2765,1118,,Non renseigné,Article 14,Première délibération,Dirx Benjamin,,Séance publique,1ère lecture (1ère assemblée saisie),https://www.assemblee-nationale.fr/dyn/17/amendements/2765/AN/1118,https://www.assemblee-nationale.fr/dyn/opendata/AMANR5L17PO838901BTC2765P0D1N001118.xml
PROTECTION ET SOUVERAINETÉ AGRICOLES,Amendement n° 1167 - PROTECTION ET SOUVERAINETÉ AGRICOLES - 1ère lecture (1ère assemblée saisie) - n° 2765,1167,,Non renseigné,Article 14,Première délibération,Casterman Eddy,"  M. Allisio, M. Amblard, Mme Auzanot, M. Ballard, Mme Bamana, M. Baubry, M. Beaurain, M. Bentz, M. Bernhardt, M. Bigot, M. Bilde, M. Blairy, Mme Blanc, M. Boccaletti, M. Boulogne, Mme Bouquin, M. Bovet, M. Buisson, M. Chaumeil, M. Chenu, M. Chudeau, M. Clavet, Mme Colombier, Mme Da Conceicao Carvalho, M. de Fleurian, M. de Lépinau, Mme Dellong Meng, M. Dessigny, Mme Diaz, Mme Dogor-Such, M. Dragon, M. Dufosset, M. Dussausaye, M. Dutremble, M. Evrard, M. Falcon, M. Florquin, M. Fouquart, M. Frappé, M. Gabarron, Mme Galzy, M. Gery, M. Giletti, M. Gillet, M. Christian Girard, M. Golliot, M. Gonzalez, Mme Florence Goulet, Mme Grangier, Mme Griseti, M. Guibert, M. Guiniot, M. Guitton, Mme Hamelet, M. Houssin, M. Humbert, M. Jacobelli, M. Jenft, M. Jolly, Mme Joncour, M. Jordan, Mme Josserand, Mme Joubert, Mme Laporte, Mme Lavalette, M. Le Bourgeois, Mme Le Pen, Mme Lechanteux, Mme Lechon, Mme Lelouis, Mme Levavasseur, M. Limongi, M. Lioret, Mme Loir, Mme Lorho, M. Lottiaux, M. Loubet, M. David Magnier, Mme Marais-Beuil, M. Marchio, M. Markowsky, M. Patrice Martin, Mme Martinez, M. Mauvieux, M. Meizonnet, M. Meurin, M. Monnier, M. Muller, Mme Mélin, Mme Ménaché, M. Ménagé, M. Odoul, Mme Parmentier, M. Perez, M. Pfeffer, Mme Pollet, M. Rambaud, Mme Ranc, M. Rancoule, M. Renault, Mme Rimbert, M. Rivière, Mme Robert-Dehault, Mme Roullaud, Mme Roy, Mme Sabatini, M. Sabatou, M. Salmon, M. Schreck, Mme Sicard, M. Emmanuel Taché, M. Jean-Philippe Tanguy, M. Taverne, M. Tesson, M. Tivoli, M. Tomatis, M. Tonussi, M. Tribuiani, M. Villedieu, M. Vos et M. Weber",Séance publique,1ère lecture (1ère assemblée saisie),https://www.assemblee-nationale.fr/dyn/17/amendements/2765/AN/1167,https://www.assemblee-nationale.fr/dyn/opendata/AMANR5L17PO838901BTC2765P0D1N001167.xml
PROTECTION ET SOUVERAINETÉ AGRICOLES,Amendement n° 1217 - PROTECTION ET SOUVERAINETÉ AGRICOLES - 1ère lecture (1ère assemblée saisie) - n° 2765,1217,,Non renseigné,Après l'article 14,Première délibération,Dutremble Aurélien,"  M. Allisio, M. Amblard, Mme Auzanot, M. Ballard, Mme Bamana, M. Baubry, M. Beaurain, M. Bentz, M. Bernhardt, M. Bigot, M. Bilde, M. Blairy, Mme Blanc, M. Boccaletti, M. Boulogne, Mme Bouquin, M. Bovet, M. Buisson, M. Casterman, M. Chaumeil, M. Chenu, M. Chudeau, M. Clavet, Mme Colombier, Mme Da Conceicao Carvalho, M. de Fleurian, M. de Lépinau, Mme Dellong Meng, M. Dessigny, Mme Diaz, Mme Dogor-Such, M. Dragon, M. Dufosset, M. Dussausaye, M. Evrard, M. Falcon, M. Florquin, M. Fouquart, M. Frappé, M. Gabarron, Mme Galzy, M. Gery, M. Giletti, M. Gillet, M. Christian Girard, M. Golliot, M. Gonzalez, Mme Florence Goulet, Mme Grangier, Mme Griseti, M. Guibert, M. Guiniot, M. Guitton, Mme Hamelet, M. Houssin, M. Humbert, M. Jacobelli, M. Jenft, M. Jolly, Mme Joncour, M. Jordan, Mme Josserand, Mme Joubert, Mme Laporte, Mme Lavalette, M. Le Bourgeois, Mme Le Pen, Mme Lechanteux, Mme Lechon, Mme Lelouis, Mme Levavasseur, M. Limongi, M. Lioret, Mme Loir, Mme Lorho, M. Lottiaux, M. Loubet, M. David Magnier, Mme Marais-Beuil, M. Marchio, M. Markowsky, M. Patrice Martin, Mme Martinez, M. Mauvieux, M. Meizonnet, M. Meurin, M. Monnier, M. Muller, Mme Mélin, Mme Ménaché, M. Ménagé, M. Odoul, Mme Parmentier, M. Perez, M. Pfeffer, Mme Pollet, M. Rambaud, Mme Ranc, M. Rancoule, M. Renault, Mme Rimbert, M. Rivière, Mme Robert-Dehault, Mme Roullaud, Mme Roy, Mme Sabatini, M. Sabatou, M. Salmon, M. Schreck, Mme Sicard, M. Emmanuel Taché, M. Jean-Philippe Tanguy, M. Taverne, M. Tesson, M. Tivoli, M. Tomatis, M. Tonussi, M. Tribuiani, M. Villedieu, M. Vos et M. Weber",Séance publique,1ère lecture (1ère assemblée saisie),https://www.assemblee-nationale.fr/dyn/17/amendements/2765/AN/1217,https://www.assemblee-nationale.fr/dyn/opendata/AMANR5L17PO838901BTC2765P0D1N001217.xml
PROTECTION ET SOUVERAINETÉ AGRICOLES,Amendement n° 1226 - PROTECTION ET SOUVERAINETÉ AGRICOLES - 1ère lecture (1ère assemblée saisie) - n° 2765,1226,,Non renseigné,Article 14,Première délibération,Casterman Eddy,"  M. Allisio, M. Amblard, Mme Auzanot, M. Ballard, Mme Bamana, M. Baubry, M. Beaurain, M. Bentz, M. Bernhardt, M. Bigot, M. Bilde, M. Blairy, Mme Blanc, M. Boccaletti, M. Boulogne, Mme Bouquin, M. Bovet, M. Buisson, M. Chaumeil, M. Chenu, M. Chudeau, M. Clavet, Mme Colombier, Mme Da Conceicao Carvalho, M. de Fleurian, M. de Lépinau, Mme Dellong Meng, M. Dessigny, Mme Diaz, Mme Dogor-Such, M. Dragon, M. Dufosset, M. Dussausaye, M. Dutremble, M. Evrard, M. Falcon, M. Florquin, M. Fouquart, M. Frappé, M. Gabarron, Mme Galzy, M. Gery, M. Giletti, M. Gillet, M. Christian Girard, M. Golliot, M. Gonzalez, Mme Florence Goulet, Mme Grangier, Mme Griseti, M. Guibert, M. Guiniot, M. Guitton, Mme Hamelet, M. Houssin, M. Humbert, M. Jacobelli, M. Jenft, M. Jolly, Mme Joncour, M. Jordan, Mme Josserand, Mme Joubert, Mme Laporte, Mme Lavalette, M. Le Bourgeois, Mme Le Pen, Mme Lechanteux, Mme Lechon, Mme Lelouis, Mme Levavasseur, M. Limongi, M. Lioret, Mme Loir, Mme Lorho, M. Lottiaux, M. Loubet, M. David Magnier, Mme Marais-Beuil, M. Marchio, M. Markowsky, M. Patrice Martin, Mme Martinez, M. Mauvieux, M. Meizonnet, M. Meurin, M. Monnier, M. Muller, Mme Mélin, Mme Ménaché, M. Ménagé, M. Odoul, Mme Parmentier, M. Perez, M. Pfeffer, Mme Pollet, M. Rambaud, Mme Ranc, M. Rancoule, M. Renault, Mme Rimbert, M. Rivière, Mme Robert-Dehault, Mme Roullaud, Mme Roy, Mme Sabatini, M. Sabatou, M. Salmon, M. Schreck, Mme Sicard, M. Emmanuel Taché, M. Jean-Philippe Tanguy, M. Taverne, M. Tesson, M. Tivoli, M. Tomatis, M. Tonussi, M. Tribuiani, M. Villedieu, M. Vos et M. Weber",Séance publique,1ère lecture (1ère assemblée saisie),https://www.assemblee-nationale.fr/dyn/17/amendements/2765/AN/1226,https://www.assemblee-nationale.fr/dyn/opendata/AMANR5L17PO838901BTC2765P0D1N001226.xml
PROTECTION ET SOUVERAINETÉ AGRICOLES,Amendement n° 1238 - PROTECTION ET SOUVERAINETÉ AGRICOLES - 1ère lecture (1ère assemblée saisie) - n° 2765,1238,,Non renseigné,Après l'article 14,Première délibération,Dutremble Aurélien,"  M. Allisio, M. Amblard, Mme Auzanot, M. Ballard, Mme Bamana, M. Baubry, M. Beaurain, M. Bentz, M. Bernhardt, M. Bigot, M. Bilde, M. Blairy, Mme Blanc, M. Boccaletti, M. Boulogne, Mme Bouquin, M. Bovet, M. Buisson, M. Casterman, M. Chaumeil, M. Chenu, M. Chudeau, M. Clavet, Mme Colombier, Mme Da Conceicao Carvalho, M. de Fleurian, M. de Lépinau, Mme Dellong Meng, M. Dessigny, Mme Diaz, Mme Dogor-Such, M. Dragon, M. Dufosset, M. Dussausaye, M. Evrard, M. Falcon, M. Florquin, M. Fouquart, M. Frappé, M. Gabarron, Mme Galzy, M. Gery, M. Giletti, M. Gillet, M. Christian Girard, M. Golliot, M. Gonzalez, Mme Florence Goulet, Mme Grangier, Mme Griseti, M. Guibert, M. Guiniot, M. Guitton, Mme Hamelet, M. Houssin, M. Humbert, M. Jacobelli, M. Jenft, M. Jolly, Mme Joncour, M. Jordan, Mme Josserand, Mme Joubert, Mme Laporte, Mme Lavalette, M. Le Bourgeois, Mme Le Pen, Mme Lechanteux, Mme Lechon, Mme Lelouis, Mme Levavasseur, M. Limongi, M. Lioret, Mme Loir, Mme Lorho, M. Lottiaux, M. Loubet, M. David Magnier, Mme Marais-Beuil, M. Marchio, M. Markowsky, M. Patrice Martin, Mme Martinez, M. Mauvieux, M. Meizonnet, M. Meurin, M. Monnier, M. Muller, Mme Mélin, Mme Ménaché, M. Ménagé, M. Odoul, Mme Parmentier, M. Perez, M. Pfeffer, Mme Pollet, M. Rambaud, Mme Ranc, M. Rancoule, M. Renault, Mme Rimbert, M. Rivière, Mme Robert-Dehault, Mme Roullaud, Mme Roy, Mme Sabatini, M. Sabatou, M. Salmon, M. Schreck, Mme Sicard, M. Emmanuel Taché, M. Jean-Philippe Tanguy, M. Taverne, M. Tesson, M. Tivoli, M. Tomatis, M. Tonussi, M. Tribuiani, M. Villedieu, M. Vos et M. Weber",Séance publique,1ère lecture (1ère assemblée saisie),https://www.assemblee-nationale.fr/dyn/17/amendements/2765/AN/1238,https://www.assemblee-nationale.fr/dyn/opendata/AMANR5L17PO838901BTC2765P0D1N001238.xml
PROTECTION ET SOUVERAINETÉ AGRICOLES,Amendement n° 1249 - PROTECTION ET SOUVERAINETÉ AGRICOLES - 1ère lecture (1ère assemblée saisie) - n° 2765,1249,,Non renseigné,Après l'article 14,Première délibération,Dutremble Aurélien,"  M. Allisio, M. Amblard, Mme Auzanot, M. Ballard, Mme Bamana, M. Baubry, M. Beaurain, M. Bentz, M. Bernhardt, M. Bigot, M. Bilde, M. Blairy, Mme Blanc, M. Boccaletti, M. Boulogne, Mme Bouquin, M. Bovet, M. Buisson, M. Casterman, M. Chaumeil, M. Chenu, M. Chudeau, M. Clavet, Mme Colombier, Mme Da Conceicao Carvalho, M. de Fleurian, M. de Lépinau, Mme Dellong Meng, M. Dessigny, Mme Diaz, Mme Dogor-Such, M. Dragon, M. Dufosset, M. Dussausaye, M. Evrard, M. Falcon, M. Florquin, M. Fouquart, M. Frappé, M. Gabarron, Mme Galzy, M. Gery, M. Giletti, M. Gillet, M. Christian Girard, M. Golliot, M. Gonzalez, Mme Florence Goulet, Mme Grangier, Mme Griseti, M. Guibert, M. Guiniot, M. Guitton, Mme Hamelet, M. Houssin, M. Humbert, M. Jacobelli, M. Jenft, M. Jolly, Mme Joncour, M. Jordan, Mme Josserand, Mme Joubert, Mme Laporte, Mme Lavalette, M. Le Bourgeois, Mme Le Pen, Mme Lechanteux, Mme Lechon, Mme Lelouis, Mme Levavasseur, M. Limongi, M. Lioret, Mme Loir, Mme Lorho, M. Lottiaux, M. Loubet, M. David Magnier, Mme Marais-Beuil, M. Marchio, M. Markowsky, M. Patrice Martin, Mme Martinez, M. Mauvieux, M. Meizonnet, M. Meurin, M. Monnier, M. Muller, Mme Mélin, Mme Ménaché, M. Ménagé, M. Odoul, Mme Parmentier, M. Perez, M. Pfeffer, Mme Pollet, M. Rambaud, Mme Ranc, M. Rancoule, M. Renault, Mme Rimbert, M. Rivière, Mme Robert-Dehault, Mme Roullaud, Mme Roy, Mme Sabatini, M. Sabatou, M. Salmon, M. Schreck, Mme Sicard, M. Emmanuel Taché, M. Jean-Philippe Tanguy, M. Taverne, M. Tesson, M. Tivoli, M. Tomatis, M. Tonussi, M. Tribuiani, M. Villedieu, M. Vos et M. Weber",Séance publique,1ère lecture (1ère assemblée saisie),https://www.assemblee-nationale.fr/dyn/17/amendements/2765/AN/1249,https://www.assemblee-nationale.fr/dyn/opendata/AMANR5L17PO838901BTC2765P0D1N001249.xml
PROTECTION ET SOUVERAINETÉ AGRICOLES,Amendement n° 1252 - PROTECTION ET SOUVERAINETÉ AGRICOLES - 1ère lecture (1ère assemblée saisie) - n° 2765,1252,,Non renseigné,Article 14,Première délibération,Cordier Pierre,"  Mme Sylvie Bonnet, Mme Bazin-Malgras, M. Ray, Mme Corneloup, M. Taite, M. Fabrice Brun et M. Descoeur",Séance publique,1ère lecture (1ère assemblée saisie),https://www.assemblee-nationale.fr/dyn/17/amendements/2765/AN/1252,https://www.assemblee-nationale.fr/dyn/opendata/AMANR5L17PO838901BTC2765P0D1N001252.xml
PROTECTION ET SOUVERAINETÉ AGRICOLES,Amendement n° 1290 - PROTECTION ET SOUVERAINETÉ AGRICOLES - 1ère lecture (1ère assemblée saisie) - n° 2765,1290,,Non renseigné,Article 14,Première délibération,Labaronne Daniel,"  M. Blanchet, Mme Brulebois et M. Fait",Séance publique,1ère lecture (1ère assemblée saisie),https://www.assemblee-nationale.fr/dyn/17/amendements/2765/AN/1290,https://www.assemblee-nationale.fr/dyn/opendata/AMANR5L17PO838901BTC2765P0D1N001290.xml
PROTECTION ET SOUVERAINETÉ AGRICOLES,Amendement n° 1291 - PROTECTION ET SOUVERAINETÉ AGRICOLES - 1ère lecture (1ère assemblée saisie) - n° 2765,1291,,Non renseigné,Article 14,Première délibération,Labaronne Daniel,"  M. Blanchet, Mme Brulebois et M. Fait",Séance publique,1ère lecture (1ère assemblée saisie),https://www.assemblee-nationale.fr/dyn/17/amendements/2765/AN/1291,https://www.assemblee-nationale.fr/dyn/opendata/AMANR5L17PO838901BTC2765P0D1N001291.xml
PROTECTION ET SOUVERAINETÉ AGRICOLES,Amendement n° 1292 - PROTECTION ET SOUVERAINETÉ AGRICOLES - 1ère lecture (1ère assemblée saisie) - n° 2765,1292,,Non renseigné,Article 14,Première délibération,Labaronne Daniel,"  M. Blanchet, Mme Brulebois et M. Fait",Séance publique,1ère lecture (1ère assemblée saisie),https://www.assemblee-nationale.fr/dyn/17/amendements/2765/AN/1292,https://www.assemblee-nationale.fr/dyn/opendata/AMANR5L17PO838901BTC2765P0D1N001292.xml
PROTECTION ET SOUVERAINETÉ AGRICOLES,Amendement n° 1306 - PROTECTION ET SOUVERAINETÉ AGRICOLES - 1ère lecture (1ère assemblée saisie) - n° 2765,1306,,Non renseigné,Après l'article 14,Première délibération,Pantel Sophie,"  M. Rousset, Mme Froger, M. Fesneau, M. Peu, M. Vallaud, Mme Le Feur, M. Hollande, M. Potier, M. Bony, M. Philippe Brun, Mme Rossi, Mme Allemand, M. Aviragnet, Mme Battistel, M. Bazin, M. Benoit, Mme Bergantz, M. Bonnecarrère, Mme Sylvie Bonnet, Mme Bonnivard, M. Bothorel, M. Bouyx, M. Brard, M. Brugerolles, Mme Brulebois, M. Fabrice Brun, M. Buchou, Mme Buffet, M. Jean-René Cazeneuve, M. Ceccoli, M. Cormier-Bouligeon, M. Criaud, M. Croizier, Mme Corneloup, M. Daubié, Mme Delpech, Mme Dombre Coste, Mme Dubré-Chirat, M. Dufau, M. Echaniz, M. Fait, M. Fégné, M. Fugit, Mme Got, Mme Perrine Goulet, M. Guedj, Mme Herouin-Léautey, M. Houlié, M. Huyghe, M. Jacques, Mme Klinkert, M. Lauzzana, M. Lecamp, Mme Létard, Mme Le Peih, M. Liégeon, Mme Lingemann, Mme Marsaud, M. Maurel, M. Marion, M. Masséglia, M. Mattei, M. Molac, M. Mongardien, M. Naegelen, M. Oberti, M. Ott, M. Padey, Mme Pirès Beaune, M. Proença, M. Ramos, M. Ray, Mme Riotton, Mme Ronceret, Mme Rouaux, Mme Santiago, M. Saulignac, M. Sorre, M. Taite, M. Taupiac, M. Terlier, Mme Thiébault-Martinez, Mme Thomin, M. Travert, M. Vermorel-Marques, Mme Vidal, M. Jean-Pierre Vigier, M. Philippe Vigier, M. Viry et M. Vuibert",Séance publique,1ère lecture (1ère assemblée saisie),https://www.assemblee-nationale.fr/dyn/17/amendements/2765/AN/1306,https://www.assemblee-nationale.fr/dyn/opendata/AMANR5L17PO838901BTC2765P0D1N001306.xml
PROTECTION ET SOUVERAINETÉ AGRICOLES,Amendement n° 1315 - PROTECTION ET SOUVERAINETÉ AGRICOLES - 1ère lecture (1ère assemblée saisie) - n° 2765,1315,,Non renseigné,Article 14,Première délibération,Corneloup Josiane,"  M. Tryzna, Mme Sylvie Bonnet, M. Cordier, M. Ray, M. Hetzel et M. Duparay",Séance publique,1ère lecture (1ère assemblée saisie),https://www.assemblee-nationale.fr/dyn/17/amendements/2765/AN/1315,https://www.assemblee-nationale.fr/dyn/opendata/AMANR5L17PO838901BTC2765P0D1N001315.xml
PROTECTION ET SOUVERAINETÉ AGRICOLES,Amendement n° 1316 - PROTECTION ET SOUVERAINETÉ AGRICOLES - 1ère lecture (1ère assemblée saisie) - n° 2765,1316,,Non renseigné,Article 14,Première délibération,Corneloup Josiane,"  M. Tryzna, Mme Sylvie Bonnet, M. Cordier, M. Ray, M. Hetzel et M. Duparay",Séance publique,1ère lecture (1ère assemblée saisie),https://www.assemblee-nationale.fr/dyn/17/amendements/2765/AN/1316,https://www.assemblee-nationale.fr/dyn/opendata/AMANR5L17PO838901BTC2765P0D1N001316.xml
PROTECTION ET SOUVERAINETÉ AGRICOLES,Amendement n° 1319 - PROTECTION ET SOUVERAINETÉ AGRICOLES - 1ère lecture (1ère assemblée saisie) - n° 2765,1319,,Non renseigné,Article 14,Première délibération,Corneloup Josiane,"  M. Tryzna, Mme Sylvie Bonnet, M. Cordier, M. Ray, M. Hetzel et M. Duparay",Séance publique,1ère lecture (1ère assemblée saisie),https://www.assemblee-nationale.fr/dyn/17/amendements/2765/AN/1319,https://www.assemblee-nationale.fr/dyn/opendata/AMANR5L17PO838901BTC2765P0D1N001319.xml
PROTECTION ET SOUVERAINETÉ AGRICOLES,Amendement n° 1320 - PROTECTION ET SOUVERAINETÉ AGRICOLES - 1ère lecture (1ère assemblée saisie) - n° 2765,1320,,Non renseigné,Article 14,Première délibération,Corneloup Josiane,"  M. Tryzna, Mme Sylvie Bonnet, M. Cordier, M. Ray, M. Hetzel et M. Duparay",Séance publique,1ère lecture (1ère assemblée saisie),https://www.assemblee-nationale.fr/dyn/17/amendements/2765/AN/1320,https://www.assemblee-nationale.fr/dyn/opendata/AMANR5L17PO838901BTC2765P0D1N001320.xml
PROTECTION ET SOUVERAINETÉ AGRICOLES,Amendement n° 1321 - PROTECTION ET SOUVERAINETÉ AGRICOLES - 1ère lecture (1ère assemblée saisie) - n° 2765,1321,,Non renseigné,Article 14,Première délibération,Corneloup Josiane,"  M. Tryzna, Mme Sylvie Bonnet, M. Cordier, M. Ray, M. Hetzel et M. Duparay",Séance publique,1ère lecture (1ère assemblée saisie),https://www.assemblee-nationale.fr/dyn/17/amendements/2765/AN/1321,https://www.assemblee-nationale.fr/dyn/opendata/AMANR5L17PO838901BTC2765P0D1N001321.xml
PROTECTION ET SOUVERAINETÉ AGRICOLES,Amendement n° 1349 - PROTECTION ET SOUVERAINETÉ AGRICOLES - 1ère lecture (1ère assemblée saisie) - n° 2765,1349,,Non renseigné,Après l'article 14,Première délibération,Sitzenstuhl Charles,,Séance publique,1ère lecture (1ère assemblée saisie),https://www.assemblee-nationale.fr/dyn/17/amendements/2765/AN/1349,https://www.assemblee-nationale.fr/dyn/opendata/AMANR5L17PO838901BTC2765P0D1N001349.xml
PROTECTION ET SOUVERAINETÉ AGRICOLES,Amendement n° 135 - PROTECTION ET SOUVERAINETÉ AGRICOLES - 1ère lecture (1ère assemblée saisie) - n° 2765,135,,Non renseigné,Article 14,Première délibération,Descoeur Vincent,"  Mme Sylvie Bonnet, M. Bony, Mme Bonnivard, M. Boucard, M. Brigand, M. Fabrice Brun, M. Cordier, Mme Corneloup, M. Liger, M. Liégeon, Mme Minard, M. Ray et M. Taite",Séance publique,1ère lecture (1ère assemblée saisie),https://www.assemblee-nationale.fr/dyn/17/amendements/2765/AN/135,https://www.assemblee-nationale.fr/dyn/opendata/AMANR5L17PO838901BTC2765P0D1N000135.xml
PROTECTION ET SOUVERAINETÉ AGRICOLES,Amendement n° 1375 - PROTECTION ET SOUVERAINETÉ AGRICOLES - 1ère lecture (1ère assemblée saisie) - n° 2765,1375,,Non renseigné,Article 14,Première délibération,de Courson Charles,"  Mme Abadie-Amiel, M. Bataille, M. Bodart, M. Bruneau, M. Castellani, M. Colombani, Mme de Pélichy, M. Favennec-Bécot, M. Habib, M. Huwart, M. Lenormand, Mme Létard, M. Mathiasin, M. Mazaury, M. Molac, M. Naegelen, Mme Sanquer, M. Serva, M. Taupiac, M. Viry, M. Warsmann et Mme Youssouffa",Séance publique,1ère lecture (1ère assemblée saisie),https://www.assemblee-nationale.fr/dyn/17/amendements/2765/AN/1375,https://www.assemblee-nationale.fr/dyn/opendata/AMANR5L17PO838901BTC2765P0D1N001375.xml
PROTECTION ET SOUVERAINETÉ AGRICOLES,Amendement n° 1376 - PROTECTION ET SOUVERAINETÉ AGRICOLES - 1ère lecture (1ère assemblée saisie) - n° 2765,1376,,Non renseigné,Article 14,Première délibération,de Courson Charles,"  Mme Abadie-Amiel, M. Bataille, M. Bodart, M. Bruneau, M. Castellani, M. Colombani, Mme de Pélichy, M. Favennec-Bécot, M. Habib, M. Huwart, M. Lenormand, Mme Létard, M. Mathiasin, M. Mazaury, M. Molac, M. Naegelen, Mme Sanquer, M. Serva, M. Taupiac, M. Viry, M. Warsmann et Mme Youssouffa",Séance publique,1ère lecture (1ère assemblée saisie),https://www.assemblee-nationale.fr/dyn/17/amendements/2765/AN/1376,https://www.assemblee-nationale.fr/dyn/opendata/AMANR5L17PO838901BTC2765P0D1N001376.xml
PROTECTION ET SOUVERAINETÉ AGRICOLES,Amendement n° 1422 - PROTECTION ET SOUVERAINETÉ AGRICOLES - 1ère lecture (1ère assemblée saisie) - n° 2765,1422,,Non renseigné,Article 14,Première délibération,Magnier David,"  M. Amblard, M. Allisio, Mme Auzanot, M. Ballard, Mme Bamana, M. Baubry, M. Beaurain, M. Bentz, M. Bernhardt, M. Bigot, M. Bilde, M. Blairy, Mme Blanc, M. Boccaletti, M. Boulogne, Mme Bouquin, M. Bovet, M. Buisson, M. Casterman, M. Chaumeil, M. Chenu, M. Chudeau, M. Clavet, Mme Colombier, Mme Da Conceicao Carvalho, M. de Fleurian, M. de Lépinau, Mme Dellong Meng, M. Dessigny, Mme Diaz, Mme Dogor-Such, M. Dragon, M. Dufosset, M. Dussausaye, M. Dutremble, M. Evrard, M. Falcon, M. Florquin, M. Fouquart, M. Frappé, M. Gabarron, Mme Galzy, M. Gery, M. Giletti, M. Gillet, M. Christian Girard, M. Golliot, M. Gonzalez, Mme Florence Goulet, Mme Grangier, Mme Griseti, M. Guibert, M. Guiniot, M. Guitton, Mme Hamelet, M. Houssin, M. Humbert, M. Jacobelli, M. Jenft, M. Jolly, Mme Joncour, M. Jordan, Mme Josserand, Mme Joubert, Mme Laporte, Mme Lavalette, M. Le Bourgeois, Mme Le Pen, Mme Lechanteux, Mme Lechon, Mme Lelouis, Mme Levavasseur, M. Limongi, M. Lioret, Mme Loir, Mme Lorho, M. Lottiaux, M. Loubet, Mme Marais-Beuil, M. Marchio, M. Markowsky, M. Patrice Martin, Mme Martinez, M. Mauvieux, M. Meizonnet, M. Meurin, M. Monnier, M. Muller, Mme Mélin, Mme Ménaché, M. Ménagé, M. Odoul, Mme Parmentier, M. Perez, M. Pfeffer, Mme Pollet, M. Rambaud, Mme Ranc, M. Rancoule, M. Renault, Mme Rimbert, M. Rivière, Mme Robert-Dehault, Mme Roullaud, Mme Roy, Mme Sabatini, M. Sabatou, M. Salmon, M. Schreck, Mme Sicard, M. Emmanuel Taché, M. Jean-Philippe Tanguy, M. Taverne, M. Tesson, M. Tivoli, M. Tomatis, M. Tonussi, M. Tribuiani, M. Villedieu, M. Vos et M. Weber",Séance publique,1ère lecture (1ère assemblée saisie),https://www.assemblee-nationale.fr/dyn/17/amendements/2765/AN/1422,https://www.assemblee-nationale.fr/dyn/opendata/AMANR5L17PO838901BTC2765P0D1N001422.xml
PROTECTION ET SOUVERAINETÉ AGRICOLES,Amendement n° 1444 - PROTECTION ET SOUVERAINETÉ AGRICOLES - 1ère lecture (1ère assemblée saisie) - n° 2765,1444,,Non renseigné,Article 14,Première délibération,Dirx Benjamin,,Séance publique,1ère lecture (1ère assemblée saisie),https://www.assemblee-nationale.fr/dyn/17/amendements/2765/AN/1444,https://www.assemblee-nationale.fr/dyn/opendata/AMANR5L17PO838901BTC2765P0D1N001444.xml
PROTECTION ET SOUVERAINETÉ AGRICOLES,Amendement n° 1450 - PROTECTION ET SOUVERAINETÉ AGRICOLES - 1ère lecture (1ère assemblée saisie) - n° 2765,1450,,Non renseigné,Article 14,Première délibération,Dirx Benjamin,,Séance publique,1ère lecture (1ère assemblée saisie),https://www.assemblee-nationale.fr/dyn/17/amendements/2765/AN/1450,https://www.assemblee-nationale.fr/dyn/opendata/AMANR5L17PO838901BTC2765P0D1N001450.xml
PROTECTION ET SOUVERAINETÉ AGRICOLES,Amendement n° 1481 - PROTECTION ET SOUVERAINETÉ AGRICOLES - 1ère lecture (1ère assemblée saisie) - n° 2765,1481,,Non renseigné,Après l'article 14,Première délibération,Froger Martine,"  M. Aviragnet, Mme Allemand, Mme Thomin, Mme Battistel, M. Potier, M. Delautrette, M. Dufau, M. Echaniz, M. Benbrahim, M. Eskenazi, Mme Jourdan, M. Leseul, M. Barusseau, M. Lhardit, M. Naillet, M. Delaporte, M. Garot, Mme Got, Mme Rossi, M. Roussel, M. Baptiste, M. Baumel, M. Belhaddad, Mme Bellay, M. Bouloux, Mme Bregman, M. Philippe Brun, M. Califer, Mme Capdevielle, M. Christophle, M. Courbon, M. David, Mme Diop, Mme Dombre Coste, M. Faure, Mme Godard, M. Guedj, M. Hablot, Mme Hadizadeh, Mme Herouin-Léautey, Mme Céline Hervieu, M. Hollande, M. Houlié, Mme Karamanli, Mme Keloua Hachi, Mme Mercier, M. Oberti, M. Pena, Mme Pic, Mme Pirès Beaune, M. Pribetich, M. Proença, Mme Récalde, Mme Rouaux, M. Aurélien Rousseau, Mme Runel, M. Saint-Pasteur, Mme Santiago, M. Saulignac, M. Simion, M. Sother, Mme Thiébault-Martinez, M. Vallaud, M. Vicot, M. William, Mme Pantel et les membres du groupe Socialistes et apparentés",Séance publique,1ère lecture (1ère assemblée saisie),https://www.assemblee-nationale.fr/dyn/17/amendements/2765/AN/1481,https://www.assemblee-nationale.fr/dyn/opendata/AMANR5L17PO838901BTC2765P0D1N001481.xml
PROTECTION ET SOUVERAINETÉ AGRICOLES,Amendement n° 151 - PROTECTION ET SOUVERAINETÉ AGRICOLES - 1ère lecture (1ère assemblée saisie) - n° 2765,151,,Non renseigné,Article 14,Première délibération,Brulebois Danielle,,Séance publique,1ère lecture (1ère assemblée saisie),https://www.assemblee-nationale.fr/dyn/17/amendements/2765/AN/151,https://www.assemblee-nationale.fr/dyn/opendata/AMANR5L17PO838901BTC2765P0D1N000151.xml
PROTECTION ET SOUVERAINETÉ AGRICOLES,Amendement n° 1541 - PROTECTION ET SOUVERAINETÉ AGRICOLES - 1ère lecture (1ère assemblée saisie) - n° 2765,1541,,Non renseigné,Après l'article 14,Première délibération,Abadie-Amiel Audrey,"  M. Bodart, M. Bataille, M. Bruneau, M. Castellani, M. Colombani, M. de Courson, Mme de Pélichy, M. Favennec-Bécot, M. Habib, M. Huwart, M. Lenormand, Mme Létard, M. Mathiasin, M. Mazaury, M. Molac, M. Naegelen, Mme Sanquer, M. Serva, M. Taupiac, M. Viry, M. Warsmann et Mme Youssouffa",Séance publique,1ère lecture (1ère assemblée saisie),https://www.assemblee-nationale.fr/dyn/17/amendements/2765/AN/1541,https://www.assemblee-nationale.fr/dyn/opendata/AMANR5L17PO838901BTC2765P0D1N001541.xml
PROTECTION ET SOUVERAINETÉ AGRICOLES,Amendement n° 1542 - PROTECTION ET SOUVERAINETÉ AGRICOLES - 1ère lecture (1ère assemblée saisie) - n° 2765,1542,,Non renseigné,Après l'article 14,Première délibération,Abadie-Amiel Audrey,"  M. Bruneau, M. Bataille, M. Bodart, M. Castellani, M. Colombani, M. de Courson, Mme de Pélichy, M. Favennec-Bécot, M. Habib, M. Huwart, M. Lenormand, Mme Létard, M. Mathiasin, M. Mazaury, M. Molac, M. Naegelen, Mme Sanquer, M. Serva, M. Taupiac, M. Viry, M. Warsmann et Mme Youssouffa",Séance publique,1ère lecture (1ère assemblée saisie),https://www.assemblee-nationale.fr/dyn/17/amendements/2765/AN/1542,https://www.assemblee-nationale.fr/dyn/opendata/AMANR5L17PO838901BTC2765P0D1N001542.xml
PROTECTION ET SOUVERAINETÉ AGRICOLES,Amendement n° 1543 - PROTECTION ET SOUVERAINETÉ AGRICOLES - 1ère lecture (1ère assemblée saisie) - n° 2765,1543,,Non renseigné,Après l'article 14,Première délibération,Abadie-Amiel Audrey,"  M. Bodart, M. Bataille, M. Bruneau, M. Castellani, M. Colombani, M. de Courson, Mme de Pélichy, M. Favennec-Bécot, M. Habib, M. Huwart, M. Lenormand, Mme Létard, M. Mathiasin, M. Mazaury, M. Molac, M. Naegelen, Mme Sanquer, M. Serva, M. Taupiac, M. Viry, M. Warsmann et Mme Youssouffa",Séance publique,1ère lecture (1ère assemblée saisie),https://www.assemblee-nationale.fr/dyn/17/amendements/2765/AN/1543,https://www.assemblee-nationale.fr/dyn/opendata/AMANR5L17PO838901BTC2765P0D1N001543.xml
PROTECTION ET SOUVERAINETÉ AGRICOLES,Amendement n° 1573 - PROTECTION ET SOUVERAINETÉ AGRICOLES - 1ère lecture (1ère assemblée saisie) - n° 2765,1573,,Non renseigné,Article 14,Première délibération,Roseren Xavier,,Séance publique,1ère lecture (1ère assemblée saisie),https://www.assemblee-nationale.fr/dyn/17/amendements/2765/AN/1573,https://www.assemblee-nationale.fr/dyn/opendata/AMANR5L17PO838901BTC2765P0D1N001573.xml
PROTECTION ET SOUVERAINETÉ AGRICOLES,Amendement n° 1578 - PROTECTION ET SOUVERAINETÉ AGRICOLES - 1ère lecture (1ère assemblée saisie) - n° 2765,1578,,Non renseigné,Article 14,Première délibération,Rousseau Sandrine,"  Mme Pochon, Mme Voynet, M. Biteau, M. Amirshahi, Mme Arrighi, Mme Autain, Mme Balage El Mariky, Mme Belluco, M. Ben Cheikh, M. Arnaud Bonnet, M. Nicolas Bonnet, Mme Chatelain, M. Corbière, M. Davi, M. Duplessy, M. Fournier, Mme Garin, M. Damien Girard, M. Gustave, Mme Catherine Hervieu, M. Iordanoff, Mme Laernoes, M. Lahais, M. Lucas-Lundy, Mme Ozenne, M. Peytavie, M. Raux, Mme Regol, M. Roumégas, M. Ruffin, Mme Sas, Mme Sebaihi, Mme Simonnet, Mme Taillé-Polian, M. Tavernier et M. Thierry",Séance publique,1ère lecture (1ère assemblée saisie),https://www.assemblee-nationale.fr/dyn/17/amendements/2765/AN/1578,https://www.assemblee-nationale.fr/dyn/opendata/AMANR5L17PO838901BTC2765P0D1N001578.xml
PROTECTION ET SOUVERAINETÉ AGRICOLES,Amendement n° 1599 - PROTECTION ET SOUVERAINETÉ AGRICOLES - 1ère lecture (1ère assemblée saisie) - n° 2765,1599,,Non renseigné,Après l'article 14,Première délibération,Froger Martine,"  M. Aviragnet, M. Fégné, Mme Allemand, Mme Thomin, Mme Battistel, M. Potier, M. Delautrette, M. Dufau, M. Echaniz, M. Benbrahim, M. Eskenazi, Mme Jourdan, M. Leseul, M. Barusseau, M. Lhardit, M. Naillet, M. Delaporte, M. Garot, Mme Got, Mme Rossi, M. Roussel, M. Baptiste, M. Baumel, M. Belhaddad, Mme Bellay, M. Bouloux, Mme Bregman, M. Philippe Brun, M. Califer, Mme Capdevielle, M. Christophle, M. Courbon, M. David, Mme Diop, Mme Dombre Coste, M. Faure, Mme Godard, M. Guedj, M. Hablot, Mme Hadizadeh, Mme Herouin-Léautey, Mme Céline Hervieu, M. Hollande, M. Houlié, Mme Karamanli, Mme Keloua Hachi, Mme Mercier, M. Oberti, M. Pena, Mme Pic, Mme Pirès Beaune, M. Pribetich, M. Proença, Mme Récalde, Mme Rouaux, M. Aurélien Rousseau, Mme Runel, M. Saint-Pasteur, Mme Santiago, M. Saulignac, M. Simion, M. Sother, Mme Thiébault-Martinez, M. Vallaud, M. Vicot, M. William, Mme Pantel et les membres du groupe Socialistes et apparentés",Séance publique,1ère lecture (1ère assemblée saisie),https://www.assemblee-nationale.fr/dyn/17/amendements/2765/AN/1599,https://www.assemblee-nationale.fr/dyn/opendata/AMANR5L17PO838901BTC2765P0D1N001599.xml
PROTECTION ET SOUVERAINETÉ AGRICOLES,Amendement n° 1664 - PROTECTION ET SOUVERAINETÉ AGRICOLES - 1ère lecture (1ère assemblée saisie) - n° 2765,1664,,Non renseigné,Article 14,Première délibération,Pochon Marie,"  Mme Voynet, M. Biteau, Mme Belluco, M. Nicolas Bonnet, Mme Ozenne, M. Peytavie, M. Raux, M. Tavernier, M. Thierry, M. Amirshahi, Mme Arrighi, Mme Autain, Mme Balage El Mariky, M. Ben Cheikh, M. Arnaud Bonnet, Mme Chatelain, M. Corbière, M. Davi, M. Duplessy, M. Fournier, Mme Garin, M. Damien Girard, M. Gustave, Mme Catherine Hervieu, M. Iordanoff, Mme Laernoes, M. Lahais, M. Lucas-Lundy, Mme Regol, M. Roumégas, Mme Sandrine Rousseau, M. Ruffin, Mme Sas, Mme Sebaihi, Mme Simonnet et Mme Taillé-Polian",Séance publique,1ère lecture (1ère assemblée saisie),https://www.assemblee-nationale.fr/dyn/17/amendements/2765/AN/1664,https://www.assemblee-nationale.fr/dyn/opendata/AMANR5L17PO838901BTC2765P0D1N001664.xml
PROTECTION ET SOUVERAINETÉ AGRICOLES,Amendement n° 1667 - PROTECTION ET SOUVERAINETÉ AGRICOLES - 1ère lecture (1ère assemblée saisie) - n° 2765,1667,,Non renseigné,Article 14,Première délibération,Pochon Marie,"  Mme Voynet, M. Biteau, Mme Belluco, M. Nicolas Bonnet, Mme Ozenne, M. Peytavie, M. Raux, M. Tavernier, M. Thierry, M. Amirshahi, Mme Arrighi, Mme Autain, Mme Balage El Mariky, M. Ben Cheikh, M. Arnaud Bonnet, Mme Chatelain, M. Corbière, M. Davi, M. Duplessy, M. Fournier, Mme Garin, M. Damien Girard, M. Gustave, Mme Catherine Hervieu, M. Iordanoff, Mme Laernoes, M. Lahais, M. Lucas-Lundy, Mme Regol, M. Roumégas, Mme Sandrine Rousseau, M. Ruffin, Mme Sas, Mme Sebaihi, Mme Simonnet et Mme Taillé-Polian",Séance publique,1ère lecture (1ère assemblée saisie),https://www.assemblee-nationale.fr/dyn/17/amendements/2765/AN/1667,https://www.assemblee-nationale.fr/dyn/opendata/AMANR5L17PO838901BTC2765P0D1N001667.xml
PROTECTION ET SOUVERAINETÉ AGRICOLES,Amendement n° 1673 - PROTECTION ET SOUVERAINETÉ AGRICOLES - 1ère lecture (1ère assemblée saisie) - n° 2765,1673,,Non renseigné,Article 14,Première délibération,Pochon Marie,,Séance publique,1ère lecture (1ère assemblée saisie),https://www.assemblee-nationale.fr/dyn/17/amendements/2765/AN/1673,https://www.assemblee-nationale.fr/dyn/opendata/AMANR5L17PO838901BTC2765P0D1N001673.xml
PROTECTION ET SOUVERAINETÉ AGRICOLES,Amendement n° 1678 - PROTECTION ET SOUVERAINETÉ AGRICOLES - 1ère lecture (1ère assemblée saisie) - n° 2765,1678,,Non renseigné,Article 14,Première délibération,Pochon Marie,"  Mme Voynet, M. Biteau, Mme Belluco, M. Nicolas Bonnet, Mme Ozenne, M. Peytavie, M. Raux, M. Tavernier, M. Thierry, M. Amirshahi, Mme Arrighi, Mme Autain, Mme Balage El Mariky, M. Ben Cheikh, M. Arnaud Bonnet, Mme Chatelain, M. Corbière, M. Davi, M. Duplessy, M. Fournier, Mme Garin, M. Damien Girard, M. Gustave, Mme Catherine Hervieu, M. Iordanoff, Mme Laernoes, M. Lahais, M. Lucas-Lundy, Mme Regol, M. Roumégas, Mme Sandrine Rousseau, M. Ruffin, Mme Sas, Mme Sebaihi, Mme Simonnet et Mme Taillé-Polian",Séance publique,1ère lecture (1ère assemblée saisie),https://www.assemblee-nationale.fr/dyn/17/amendements/2765/AN/1678,https://www.assemblee-nationale.fr/dyn/opendata/AMANR5L17PO838901BTC2765P0D1N001678.xml
PROTECTION ET SOUVERAINETÉ AGRICOLES,Amendement n° 1679 - PROTECTION ET SOUVERAINETÉ AGRICOLES - 1ère lecture (1ère assemblée saisie) - n° 2765,1679,,Non renseigné,Article 14,Première délibération,Pochon Marie,"  Mme Voynet, M. Biteau, Mme Belluco, M. Nicolas Bonnet, Mme Ozenne, M. Peytavie, M. Raux, M. Tavernier, M. Thierry, M. Amirshahi, Mme Arrighi, Mme Autain, Mme Balage El Mariky, M. Ben Cheikh, M. Arnaud Bonnet, Mme Chatelain, M. Corbière, M. Davi, M. Duplessy, M. Fournier, Mme Garin, M. Damien Girard, M. Gustave, Mme Catherine Hervieu, M. Iordanoff, Mme Laernoes, M. Lahais, M. Lucas-Lundy, Mme Regol, M. Roumégas, Mme Sandrine Rousseau, M. Ruffin, Mme Sas, Mme Sebaihi, Mme Simonnet et Mme Taillé-Polian",Séance publique,1ère lecture (1ère assemblée saisie),https://www.assemblee-nationale.fr/dyn/17/amendements/2765/AN/1679,https://www.assemblee-nationale.fr/dyn/opendata/AMANR5L17PO838901BTC2765P0D1N001679.xml
PROTECTION ET SOUVERAINETÉ AGRICOLES,Amendement n° 1681 - PROTECTION ET SOUVERAINETÉ AGRICOLES - 1ère lecture (1ère assemblée saisie) - n° 2765,1681,,Non renseigné,Article 14,Première délibération,Pochon Marie,"  Mme Voynet, M. Biteau, Mme Belluco, M. Nicolas Bonnet, Mme Ozenne, M. Peytavie, M. Raux, M. Tavernier et M. Thierry",Séance publique,1ère lecture (1ère assemblée saisie),https://www.assemblee-nationale.fr/dyn/17/amendements/2765/AN/1681,https://www.assemblee-nationale.fr/dyn/opendata/AMANR5L17PO838901BTC2765P0D1N001681.xml
PROTECTION ET SOUVERAINETÉ AGRICOLES,Amendement n° 1684 - PROTECTION ET SOUVERAINETÉ AGRICOLES - 1ère lecture (1ère assemblée saisie) - n° 2765,1684,,Non renseigné,Après l'article 14,Première délibération,Pochon Marie,"  Mme Voynet, M. Biteau, Mme Belluco, M. Nicolas Bonnet, Mme Ozenne, M. Peytavie, M. Raux, M. Tavernier et M. Thierry",Séance publique,1ère lecture (1ère assemblée saisie),https://www.assemblee-nationale.fr/dyn/17/amendements/2765/AN/1684,https://www.assemblee-nationale.fr/dyn/opendata/AMANR5L17PO838901BTC2765P0D1N001684.xml
PROTECTION ET SOUVERAINETÉ AGRICOLES,Amendement n° 1686 - PROTECTION ET SOUVERAINETÉ AGRICOLES - 1ère lecture (1ère assemblée saisie) - n° 2765,1686,,Non renseigné,Après l'article 14,Première délibération,Valentin Antoine,,Séance publique,1ère lecture (1ère assemblée saisie),https://www.assemblee-nationale.fr/dyn/17/amendements/2765/AN/1686,https://www.assemblee-nationale.fr/dyn/opendata/AMANR5L17PO838901BTC2765P0D1N001686.xml
PROTECTION ET SOUVERAINETÉ AGRICOLES,Amendement n° 1690 - PROTECTION ET SOUVERAINETÉ AGRICOLES - 1ère lecture (1ère assemblée saisie) - n° 2765,1690,,Non renseigné,Article 14,Première délibération,Valentin Antoine,,Séance publique,1ère lecture (1ère assemblée saisie),https://www.assemblee-nationale.fr/dyn/17/amendements/2765/AN/1690,https://www.assemblee-nationale.fr/dyn/opendata/AMANR5L17PO838901BTC2765P0D1N001690.xml
PROTECTION ET SOUVERAINETÉ AGRICOLES,Amendement n° 1726 - PROTECTION ET SOUVERAINETÉ AGRICOLES - 1ère lecture (1ère assemblée saisie) - n° 2765,1726,,Non renseigné,Article 14,Première délibération,Vuibert Lionel,,Séance publique,1ère lecture (1ère assemblée saisie),https://www.assemblee-nationale.fr/dyn/17/amendements/2765/AN/1726,https://www.assemblee-nationale.fr/dyn/opendata/AMANR5L17PO838901BTC2765P0D1N001726.xml
PROTECTION ET SOUVERAINETÉ AGRICOLES,Amendement n° 1743 - PROTECTION ET SOUVERAINETÉ AGRICOLES - 1ère lecture (1ère assemblée saisie) - n° 2765,1743,,Non renseigné,Article 14,Première délibération,Warsmann Jean-Luc,,Séance publique,1ère lecture (1ère assemblée saisie),https://www.assemblee-nationale.fr/dyn/17/amendements/2765/AN/1743,https://www.assemblee-nationale.fr/dyn/opendata/AMANR5L17PO838901BTC2765P0D1N001743.xml
PROTECTION ET SOUVERAINETÉ AGRICOLES,Amendement n° 1750 - PROTECTION ET SOUVERAINETÉ AGRICOLES - 1ère lecture (1ère assemblée saisie) - n° 2765,1750,,Non renseigné,Article 14,Première délibération,Warsmann Jean-Luc,,Séance publique,1ère lecture (1ère assemblée saisie),https://www.assemblee-nationale.fr/dyn/17/amendements/2765/AN/1750,https://www.assemblee-nationale.fr/dyn/opendata/AMANR5L17PO838901BTC2765P0D1N001750.xml
PROTECTION ET SOUVERAINETÉ AGRICOLES,Amendement n° 1759 - PROTECTION ET SOUVERAINETÉ AGRICOLES - 1ère lecture (1ère assemblée saisie) - n° 2765,1759,,Non renseigné,Après l'article 14,Première délibération,Warsmann Jean-Luc,,Séance publique,1ère lecture (1ère assemblée saisie),https://www.assemblee-nationale.fr/dyn/17/amendements/2765/AN/1759,https://www.assemblee-nationale.fr/dyn/opendata/AMANR5L17PO838901BTC2765P0D1N001759.xml
PROTECTION ET SOUVERAINETÉ AGRICOLES,Amendement n° 1760 - PROTECTION ET SOUVERAINETÉ AGRICOLES - 1ère lecture (1ère assemblée saisie) - n° 2765,1760,,Non renseigné,Article 14,Première délibération,Marion Christophe,,Séance publique,1ère lecture (1ère assemblée saisie),https://www.assemblee-nationale.fr/dyn/17/amendements/2765/AN/1760,https://www.assemblee-nationale.fr/dyn/opendata/AMANR5L17PO838901BTC2765P0D1N001760.xml
PROTECTION ET SOUVERAINETÉ AGRICOLES,Amendement n° 1770 - PROTECTION ET SOUVERAINETÉ AGRICOLES - 1ère lecture (1ère assemblée saisie) - n° 2765,1770,,Non renseigné,Article 14,Première délibération,Warsmann Jean-Luc,,Séance publique,1ère lecture (1ère assemblée saisie),https://www.assemblee-nationale.fr/dyn/17/amendements/2765/AN/1770,https://www.assemblee-nationale.fr/dyn/opendata/AMANR5L17PO838901BTC2765P0D1N001770.xml
PROTECTION ET SOUVERAINETÉ AGRICOLES,Amendement n° 179 - PROTECTION ET SOUVERAINETÉ AGRICOLES - 1ère lecture (1ère assemblée saisie) - n° 2765,179,,Non renseigné,Article 14,Première délibération,Warsmann Jean-Luc,,Séance publique,1ère lecture (1ère assemblée saisie),https://www.assemblee-nationale.fr/dyn/17/amendements/2765/AN/179,https://www.assemblee-nationale.fr/dyn/opendata/AMANR5L17PO838901BTC2765P0D1N000179.xml
PROTECTION ET SOUVERAINETÉ AGRICOLES,Amendement n° 181 - PROTECTION ET SOUVERAINETÉ AGRICOLES - 1ère lecture (1ère assemblée saisie) - n° 2765,181,,Non renseigné,Article 14,Première délibération,Warsmann Jean-Luc,,Séance publique,1ère lecture (1ère assemblée saisie),https://www.assemblee-nationale.fr/dyn/17/amendements/2765/AN/181,https://www.assemblee-nationale.fr/dyn/opendata/AMANR5L17PO838901BTC2765P0D1N000181.xml
PROTECTION ET SOUVERAINETÉ AGRICOLES,Amendement n° 182 - PROTECTION ET SOUVERAINETÉ AGRICOLES - 1ère lecture (1ère assemblée saisie) - n° 2765,182,,Non renseigné,Article 14,Première délibération,Warsmann Jean-Luc,,Séance publique,1ère lecture (1ère assemblée saisie),https://www.assemblee-nationale.fr/dyn/17/amendements/2765/AN/182,https://www.assemblee-nationale.fr/dyn/opendata/AMANR5L17PO838901BTC2765P0D1N000182.xml
PROTECTION ET SOUVERAINETÉ AGRICOLES,Amendement n° 1823 - PROTECTION ET SOUVERAINETÉ AGRICOLES - 1ère lecture (1ère assemblée saisie) - n° 2765,1823,,Non renseigné,Article 14,Première délibération,Bentz Christophe,"  M. Meurin, M. Blairy et M. Golliot",Séance publique,1ère lecture (1ère assemblée saisie),https://www.assemblee-nationale.fr/dyn/17/amendements/2765/AN/1823,https://www.assemblee-nationale.fr/dyn/opendata/AMANR5L17PO838901BTC2765P0D1N001823.xml
PROTECTION ET SOUVERAINETÉ AGRICOLES,Amendement n° 1824 - PROTECTION ET SOUVERAINETÉ AGRICOLES - 1ère lecture (1ère assemblée saisie) - n° 2765,1824,,Non renseigné,Article 14,Première délibération,Bentz Christophe,"  M. Meurin, M. Blairy, M. Golliot, M. Allisio, M. Amblard, Mme Auzanot, M. Ballard, Mme Bamana, M. Baubry, M. Beaurain, M. Bernhardt, M. Bigot, M. Bilde, Mme Blanc, M. Boccaletti, M. Boulogne, Mme Bouquin, M. Bovet, M. Buisson, M. Casterman, M. Chaumeil, M. Chenu, M. Chudeau, M. Clavet, Mme Colombier, Mme Da Conceicao Carvalho, M. de Fleurian, M. de Lépinau, Mme Dellong Meng, M. Dessigny, Mme Diaz, Mme Dogor-Such, M. Dragon, M. Dufosset, M. Dussausaye, M. Dutremble, M. Evrard, M. Falcon, M. Florquin, M. Fouquart, M. Frappé, M. Gabarron, Mme Galzy, M. Gery, M. Giletti, M. Gillet, M. Christian Girard, M. Gonzalez, Mme Florence Goulet, Mme Grangier, Mme Griseti, M. Guibert, M. Guiniot, M. Guitton, Mme Hamelet, M. Houssin, M. Humbert, M. Jacobelli, M. Jenft, M. Jolly, Mme Joncour, M. Jordan, Mme Josserand, Mme Joubert, Mme Laporte, Mme Lavalette, M. Le Bourgeois, Mme Le Pen, Mme Lechanteux, Mme Lechon, Mme Lelouis, Mme Levavasseur, M. Limongi, M. Lioret, Mme Loir, Mme Lorho, M. Lottiaux, M. Loubet, M. David Magnier, Mme Marais-Beuil, M. Marchio, M. Markowsky, M. Patrice Martin, Mme Martinez, M. Mauvieux, M. Meizonnet, Mme Mélin, Mme Ménaché, M. Ménagé, M. Monnier, M. Muller, M. Odoul, Mme Parmentier, M. Perez, M. Pfeffer, Mme Pollet, M. Rambaud, Mme Ranc, M. Rancoule, M. Renault, Mme Rimbert, M. Rivière, Mme Robert-Dehault, Mme Roullaud, Mme Roy, Mme Sabatini, M. Sabatou, M. Salmon, M. Schreck, Mme Sicard, M. Emmanuel Taché, M. Jean-Philippe Tanguy, M. Taverne, M. Tesson, M. Tivoli, M. Tomatis, M. Tonussi, M. Tribuiani, M. Villedieu, M. Vos et M. Weber",Séance publique,1ère lecture (1ère assemblée saisie),https://www.assemblee-nationale.fr/dyn/17/amendements/2765/AN/1824,https://www.assemblee-nationale.fr/dyn/opendata/AMANR5L17PO838901BTC2765P0D1N001824.xml
PROTECTION ET SOUVERAINETÉ AGRICOLES,Amendement n° 1825 - PROTECTION ET SOUVERAINETÉ AGRICOLES - 1ère lecture (1ère assemblée saisie) - n° 2765,1825,,Non renseigné,Article 14,Première délibération,Bentz Christophe,"  M. Meurin, M. Blairy et M. Golliot",Séance publique,1ère lecture (1ère assemblée saisie),https://www.assemblee-nationale.fr/dyn/17/amendements/2765/AN/1825,https://www.assemblee-nationale.fr/dyn/opendata/AMANR5L17PO838901BTC2765P0D1N001825.xml
PROTECTION ET SOUVERAINETÉ AGRICOLES,Amendement n° 1826 - PROTECTION ET SOUVERAINETÉ AGRICOLES - 1ère lecture (1ère assemblée saisie) - n° 2765,1826,,Non renseigné,Article 14,Première délibération,Bentz Christophe,,Séance publique,1ère lecture (1ère assemblée saisie),https://www.assemblee-nationale.fr/dyn/17/amendements/2765/AN/1826,https://www.assemblee-nationale.fr/dyn/opendata/AMANR5L17PO838901BTC2765P0D1N001826.xml
PROTECTION ET SOUVERAINETÉ AGRICOLES,Amendement n° 1827 - PROTECTION ET SOUVERAINETÉ AGRICOLES - 1ère lecture (1ère assemblée saisie) - n° 2765,1827,,Non renseigné,Article 14,Première délibération,Bentz Christophe,,Séance publique,1ère lecture (1ère assemblée saisie),https://www.assemblee-nationale.fr/dyn/17/amendements/2765/AN/1827,https://www.assemblee-nationale.fr/dyn/opendata/AMANR5L17PO838901BTC2765P0D1N001827.xml
PROTECTION ET SOUVERAINETÉ AGRICOLES,Amendement n° 1851 - PROTECTION ET SOUVERAINETÉ AGRICOLES - 1ère lecture (1ère assemblée saisie) - n° 2765,1851,,Non renseigné,Après l'article 14,Première délibération,Froger Martine,,Séance publique,1ère lecture (1ère assemblée saisie),https://www.assemblee-nationale.fr/dyn/17/amendements/2765/AN/1851,https://www.assemblee-nationale.fr/dyn/opendata/AMANR5L17PO838901BTC2765P0D1N001851.xml
PROTECTION ET SOUVERAINETÉ AGRICOLES,Amendement n° 1906 - PROTECTION ET SOUVERAINETÉ AGRICOLES - 1ère lecture (1ère assemblée saisie) - n° 2765,1906,,Non renseigné,Article 14,Première délibération,Meurin Pierre,"  Mme Bamana, M. Allisio, M. Amblard, Mme Auzanot, M. Ballard, M. Baubry, M. Beaurain, M. Bentz, M. Bernhardt, M. Bigot, M. Bilde, M. Blairy, Mme Blanc, M. Boccaletti, M. Boulogne, Mme Bouquin, M. Bovet, M. Buisson, M. Casterman, M. Chaumeil, M. Chenu, M. Chudeau, M. Clavet, Mme Colombier, Mme Da Conceicao Carvalho, M. de Fleurian, M. de Lépinau, Mme Dellong Meng, M. Dessigny, Mme Diaz, Mme Dogor-Such, M. Dragon, M. Dufosset, M. Dussausaye, M. Dutremble, M. Evrard, M. Falcon, M. Florquin, M. Fouquart, M. Frappé, M. Gabarron, Mme Galzy, M. Gery, M. Giletti, M. Gillet, M. Christian Girard, M. Golliot, M. Gonzalez, Mme Florence Goulet, Mme Grangier, Mme Griseti, M. Guibert, M. Guiniot, M. Guitton, Mme Hamelet, M. Houssin, M. Humbert, M. Jacobelli, M. Jenft, M. Jolly, Mme Joncour, M. Jordan, Mme Josserand, Mme Joubert, Mme Laporte, Mme Lavalette, M. Le Bourgeois, Mme Le Pen, Mme Lechanteux, Mme Lechon, Mme Lelouis, Mme Levavasseur, M. Limongi, M. Lioret, Mme Loir, Mme Lorho, M. Lottiaux, M. Loubet, M. David Magnier, Mme Marais-Beuil, M. Marchio, M. Markowsky, M. Patrice Martin, Mme Martinez, M. Mauvieux, M. Meizonnet, M. Monnier, M. Muller, Mme Mélin, Mme Ménaché, M. Ménagé, M. Odoul, Mme Parmentier, M. Perez, M. Pfeffer, Mme Pollet, M. Rambaud, Mme Ranc, M. Rancoule, M. Renault, Mme Rimbert, M. Rivière, Mme Robert-Dehault, Mme Roullaud, Mme Roy, Mme Sabatini, M. Sabatou, M. Salmon, M. Schreck, Mme Sicard, M. Emmanuel Taché, M. Jean-Philippe Tanguy, M. Taverne, M. Tesson, M. Tivoli, M. Tomatis, M. Tonussi, M. Tribuiani, M. Villedieu, M. Vos et M. Weber",Séance publique,1ère lecture (1ère assemblée saisie),https://www.assemblee-nationale.fr/dyn/17/amendements/2765/AN/1906,https://www.assemblee-nationale.fr/dyn/opendata/AMANR5L17PO838901BTC2765P0D1N001906.xml
PROTECTION ET SOUVERAINETÉ AGRICOLES,Amendement n° 1931 - PROTECTION ET SOUVERAINETÉ AGRICOLES - 1ère lecture (1ère assemblée saisie) - n° 2765,1931,,Non renseigné,Après l'article 14,Première délibération,Taupiac David,"  Mme Abadie-Amiel, M. Bataille, M. Bodart, M. Bruneau, M. Castellani, M. Colombani, M. de Courson, Mme de Pélichy, M. Favennec-Bécot, M. Habib, M. Huwart, M. Lenormand, Mme Létard, M. Mathiasin, M. Mazaury, M. Molac, M. Naegelen, Mme Sanquer, M. Serva, M. Viry, M. Warsmann et Mme Youssouffa",Séance publique,1ère lecture (1ère assemblée saisie),https://www.assemblee-nationale.fr/dyn/17/amendements/2765/AN/1931,https://www.assemblee-nationale.fr/dyn/opendata/AMANR5L17PO838901BTC2765P0D1N001931.xml
PROTECTION ET SOUVERAINETÉ AGRICOLES,Amendement n° 1958 - PROTECTION ET SOUVERAINETÉ AGRICOLES - 1ère lecture (1ère assemblée saisie) - n° 2765,1958,,Non renseigné,Article 14,Première délibération,Meurin Pierre,"  M. Ballard, M. Allisio, M. Amblard, Mme Auzanot, Mme Bamana, M. Baubry, M. Beaurain, M. Bentz, M. Bernhardt, M. Bigot, M. Bilde, M. Blairy, Mme Blanc, M. Boccaletti, M. Boulogne, Mme Bouquin, M. Bovet, M. Buisson, M. Casterman, M. Chaumeil, M. Chenu, M. Chudeau, M. Clavet, Mme Colombier, Mme Da Conceicao Carvalho, M. de Fleurian, M. de Lépinau, Mme Dellong Meng, M. Dessigny, Mme Diaz, Mme Dogor-Such, M. Dragon, M. Dufosset, M. Dussausaye, M. Dutremble, M. Evrard, M. Falcon, M. Florquin, M. Fouquart, M. Frappé, M. Gabarron, Mme Galzy, M. Gery, M. Giletti, M. Gillet, M. Christian Girard, M. Golliot, M. Gonzalez, Mme Florence Goulet, Mme Grangier, Mme Griseti, M. Guibert, M. Guiniot, M. Guitton, Mme Hamelet, M. Houssin, M. Humbert, M. Jacobelli, M. Jenft, M. Jolly, Mme Joncour, M. Jordan, Mme Josserand, Mme Joubert, Mme Laporte, Mme Lavalette, M. Le Bourgeois, Mme Le Pen, Mme Lechanteux, Mme Lechon, Mme Lelouis, Mme Levavasseur, M. Limongi, M. Lioret, Mme Loir, Mme Lorho, M. Lottiaux, M. Loubet, M. David Magnier, Mme Marais-Beuil, M. Marchio, M. Markowsky, M. Patrice Martin, Mme Martinez, M. Mauvieux, M. Meizonnet, M. Monnier, M. Muller, Mme Mélin, Mme Ménaché, M. Ménagé, M. Odoul, Mme Parmentier, M. Perez, M. Pfeffer, Mme Pollet, M. Rambaud, Mme Ranc, M. Rancoule, M. Renault, Mme Rimbert, M. Rivière, Mme Robert-Dehault, Mme Roullaud, Mme Roy, Mme Sabatini, M. Sabatou, M. Salmon, M. Schreck, Mme Sicard, M. Emmanuel Taché, M. Jean-Philippe Tanguy, M. Taverne, M. Tesson, M. Tivoli, M. Tomatis, M. Tonussi, M. Tribuiani, M. Villedieu, M. Vos et M. Weber",Séance publique,1ère lecture (1ère assemblée saisie),https://www.assemblee-nationale.fr/dyn/17/amendements/2765/AN/1958,https://www.assemblee-nationale.fr/dyn/opendata/AMANR5L17PO838901BTC2765P0D1N001958.xml
PROTECTION ET SOUVERAINETÉ AGRICOLES,Amendement n° 2006 - PROTECTION ET SOUVERAINETÉ AGRICOLES - 1ère lecture (1ère assemblée saisie) - n° 2765,2006,,Non renseigné,Article 14,Première délibération,Cazeneuve Jean-René,,Séance publique,1ère lecture (1ère assemblée saisie),https://www.assemblee-nationale.fr/dyn/17/amendements/2765/AN/2006,https://www.assemblee-nationale.fr/dyn/opendata/AMANR5L17PO838901BTC2765P0D1N002006.xml
PROTECTION ET SOUVERAINETÉ AGRICOLES,Amendement n° 2014 - PROTECTION ET SOUVERAINETÉ AGRICOLES - 1ère lecture (1ère assemblée saisie) - n° 2765,2014,,Non renseigné,Article 14,Première délibération,Meunier Manon,"  Mme Abomangoli, M. Alexandre, M. Amard, Mme Amiot, Mme Amrani, M. Arenas, M. Arnault, Mme Belouassa-Cherifi, Mme Bentorki, M. Bernalicis, M. Bex, M. Bilongo, M. Bompard, M. Boumertit, M. Boyard, M. Cadalen, M. Caron, M. Carrière, Mme Cathala, M. Cernon, Mme Chikirou, M. Clouet, M. Coquerel, M. Coulomme, M. Delogu, M. Diouara, Mme Dufour, Mme Erodi, Mme Feld, M. Fernandes, Mme Ferrer, M. Gaillard, Mme Guetté, Mme Hamdane, Mme Hignet, M. Kerbrat, M. Lachaud, M. Lahmar, M. Laisney, M. Le Coq, M. Le Gall, Mme Leboucher, M. Legavre, Mme Legrain, Mme Lejeune, Mme Lepvraud, M. Léaument, Mme Élisa Martin, M. Maudet, Mme Maximi, Mme Mesmeur, M. Nilor, Mme Nosbé, Mme Obono, Mme Oziol, Mme Panot, M. Pilato, M. Piquemal, M. Portes, M. Prud'homme, M. Ratenon, M. Saint-Martin, M. Saintoul, Mme Soudais, Mme Stambach-Terrenoir, M. Aurélien Taché, Mme Taurinya, M. Tavel, Mme Trouvé et M. Vannier",Séance publique,1ère lecture (1ère assemblée saisie),https://www.assemblee-nationale.fr/dyn/17/amendements/2765/AN/2014,https://www.assemblee-nationale.fr/dyn/opendata/AMANR5L17PO838901BTC2765P0D1N002014.xml
PROTECTION ET SOUVERAINETÉ AGRICOLES,Amendement n° 2023 - PROTECTION ET SOUVERAINETÉ AGRICOLES - 1ère lecture (1ère assemblée saisie) - n° 2765,2023,,Non renseigné,Article 14,Première délibération,Descoeur Vincent,"  M. Wauquiez, M. Barnier, M. Bazin, Mme Bazin-Malgras, Mme Blin, Mme Sylvie Bonnet, M. Bony, Mme Bonnivard, M. Boucard, M. Bourgeaux, M. Breton, M. Brigand, M. Fabrice Brun, M. Ceccoli, Mme Chazé, M. Cordier, Mme Corneloup, Mme Dalloz, Mme de Maistre, M. Dive, Mme Duby-Muller, M. Duparay, M. End, Mme Fruchon, M. Gosselin, Mme Gruet, M. Herbillon, M. Hetzel, M. Juvin, M. Le Fur, M. Liger, M. Liégeon, Mme Martin (Alpes-Maritimes), Mme Frédérique Meunier, Mme Minard, M. Neuder, M. Pauget, M. Portier, M. Ray, Mme Rey-Rinchet, M. Rolland, Mme Tabarot, M. Taite, M. Thiériot, M. Tryzna et M. Vermorel-Marques",Séance publique,1ère lecture (1ère assemblée saisie),https://www.assemblee-nationale.fr/dyn/17/amendements/2765/AN/2023,https://www.assemblee-nationale.fr/dyn/opendata/AMANR5L17PO838901BTC2765P0D1N002023.xml
PROTECTION ET SOUVERAINETÉ AGRICOLES,Amendement n° 2032 - PROTECTION ET SOUVERAINETÉ AGRICOLES - 1ère lecture (1ère assemblée saisie) - n° 2765,2032,,Non renseigné,Article 14,Première délibération,Gouvernement,,Séance publique,1ère lecture (1ère assemblée saisie),https://www.assemblee-nationale.fr/dyn/17/amendements/2765/AN/2032,https://www.assemblee-nationale.fr/dyn/opendata/AMANR5L17PO838901BTC2765P0D1N002032.xml
PROTECTION ET SOUVERAINETÉ AGRICOLES,Amendement n° 2045 - PROTECTION ET SOUVERAINETÉ AGRICOLES - 1ère lecture (1ère assemblée saisie) - n° 2765,2045,,Non renseigné,Après l'article 14,Première délibération,Pic Anna,,Séance publique,1ère lecture (1ère assemblée saisie),https://www.assemblee-nationale.fr/dyn/17/amendements/2765/AN/2045,https://www.assemblee-nationale.fr/dyn/opendata/AMANR5L17PO838901BTC2765P0D1N002045.xml
PROTECTION ET SOUVERAINETÉ AGRICOLES,Amendement n° 2087 - PROTECTION ET SOUVERAINETÉ AGRICOLES - 1ère lecture (1ère assemblée saisie) - n° 2765,2087,,Non renseigné,Article 14,Première délibération,Bonnivard Émilie,"  M. Wauquiez, M. Barnier, M. Bazin, Mme Bazin-Malgras, Mme Blin, Mme Sylvie Bonnet, M. Bony, M. Boucard, M. Bourgeaux, M. Breton, M. Brigand, M. Fabrice Brun, M. Ceccoli, Mme Chazé, M. Cordier, Mme Corneloup, Mme Dalloz, Mme de Maistre, M. Descoeur, M. Dive, Mme Duby-Muller, M. Duparay, M. End, Mme Fruchon, M. Gosselin, Mme Gruet, M. Herbillon, M. Hetzel, M. Juvin, M. Le Fur, M. Liger, M. Liégeon, Mme Martin (Alpes-Maritimes), Mme Frédérique Meunier, Mme Minard, M. Neuder, M. Pauget, M. Portier, M. Ray, Mme Rey-Rinchet, M. Rolland, Mme Tabarot, M. Taite, M. Thiériot, M. Tryzna, M. Vermorel-Marques et M. Jean-Pierre Vigier",Séance publique,1ère lecture (1ère assemblée saisie),https://www.assemblee-nationale.fr/dyn/17/amendements/2765/AN/2087,https://www.assemblee-nationale.fr/dyn/opendata/AMANR5L17PO838901BTC2765P0D1N002087.xml
PROTECTION ET SOUVERAINETÉ AGRICOLES,Amendement n° 2089 - PROTECTION ET SOUVERAINETÉ AGRICOLES - 1ère lecture (1ère assemblée saisie) - n° 2765,2089,,Non renseigné,Article 14,Première délibération,Descoeur Vincent,"  M. Wauquiez, M. Barnier, M. Bazin, Mme Bazin-Malgras, Mme Blin, Mme Sylvie Bonnet, Mme Bonnivard, M. Bony, M. Boucard, M. Bourgeaux, M. Breton, M. Brigand, M. Fabrice Brun, M. Ceccoli, Mme Chazé, M. Cordier, Mme Corneloup, Mme Dalloz, Mme de Maistre, M. Dive, Mme Duby-Muller, M. Duparay, M. End, Mme Fruchon, M. Gosselin, Mme Gruet, M. Herbillon, M. Hetzel, M. Juvin, M. Le Fur, M. Liger, M. Liégeon, Mme Martin (Alpes-Maritimes), Mme Frédérique Meunier, Mme Minard, M. Neuder, M. Pauget, M. Portier, M. Ray, Mme Rey-Rinchet, M. Rolland, Mme Tabarot, M. Taite, M. Thiériot, M. Tryzna, M. Vermorel-Marques et M. Jean-Pierre Vigier",Séance publique,1ère lecture (1ère assemblée saisie),https://www.assemblee-nationale.fr/dyn/17/amendements/2765/AN/2089,https://www.assemblee-nationale.fr/dyn/opendata/AMANR5L17PO838901BTC2765P0D1N002089.xml
PROTECTION ET SOUVERAINETÉ AGRICOLES,Amendement n° 2091 - PROTECTION ET SOUVERAINETÉ AGRICOLES - 1ère lecture (1ère assemblée saisie) - n° 2765,2091,,Non renseigné,Article 14,Première délibération,Violland Anne-Cécile,"  M. Alfandari, M. Albertini, Mme Bellamy, M. Berrios, M. Blanchard, M. Bouyx, M. Brard, Mme Colin-Oesterlé, M. Criaud, M. Fait, Mme Firmin Le Bodo, M. Gernigon, Mme Gérard, M. Henriet, M. Jolivet, M. Kervran, M. Lam, M. Lemaire, Mme Ludmann, Mme Lise Magnier, M. Marle, Mme Parmentier-Lecocq, M. Patrier-Leitus, Mme Piron, M. Plassard, M. Portarrieu, Mme Poussier-Winsback, Mme Rauch, M. Roseren, Mme Saint-Paul, M. Thiébaut, M. Valletoux, M. Marcangeli et M. Benoit",Séance publique,1ère lecture (1ère assemblée saisie),https://www.assemblee-nationale.fr/dyn/17/amendements/2765/AN/2091,https://www.assemblee-nationale.fr/dyn/opendata/AMANR5L17PO838901BTC2765P0D1N002091.xml
PROTECTION ET SOUVERAINETÉ AGRICOLES,Amendement n° 2092 - PROTECTION ET SOUVERAINETÉ AGRICOLES - 1ère lecture (1ère assemblée saisie) - n° 2765,2092,,Non renseigné,Article 14,Première délibération,Violland Anne-Cécile,"  M. Albertini, M. Alfandari, Mme Bellamy, M. Benoit, M. Berrios, M. Blanchard, M. Bouyx, M. Brard, Mme Colin-Oesterlé, M. Criaud, M. Fait, Mme Firmin Le Bodo, M. Gernigon, Mme Gérard, M. Henriet, M. Jolivet, M. Kervran, M. Lam, M. Lemaire, Mme Ludmann, Mme Lise Magnier, M. Marle, Mme Parmentier-Lecocq, M. Patrier-Leitus, Mme Piron, M. Plassard, M. Portarrieu, Mme Poussier-Winsback, Mme Rauch, M. Roseren, Mme Saint-Paul, M. Thiébaut, M. Valletoux et M. Marcangeli",Séance publique,1ère lecture (1ère assemblée saisie),https://www.assemblee-nationale.fr/dyn/17/amendements/2765/AN/2092,https://www.assemblee-nationale.fr/dyn/opendata/AMANR5L17PO838901BTC2765P0D1N002092.xml
PROTECTION ET SOUVERAINETÉ AGRICOLES,Amendement n° 2093 - PROTECTION ET SOUVERAINETÉ AGRICOLES - 1ère lecture (1ère assemblée saisie) - n° 2765,2093,,Non renseigné,Article 14,Première délibération,Descoeur Vincent,"  M. Wauquiez, M. Barnier, M. Bazin, Mme Bazin-Malgras, Mme Blin, Mme Sylvie Bonnet, Mme Bonnivard, M. Bony, M. Boucard, M. Bourgeaux, M. Breton, M. Brigand, M. Fabrice Brun, M. Ceccoli, Mme Chazé, M. Cordier, Mme Corneloup, Mme Dalloz, Mme de Maistre, M. Dive, Mme Duby-Muller, M. Duparay, M. End, Mme Fruchon, M. Gosselin, Mme Gruet, M. Herbillon, M. Hetzel, M. Juvin, M. Le Fur, M. Liger, M. Liégeon, Mme Martin (Alpes-Maritimes), Mme Frédérique Meunier, Mme Minard, M. Neuder, M. Pauget, M. Portier, M. Ray, Mme Rey-Rinchet, M. Rolland, Mme Tabarot, M. Taite, M. Thiériot, M. Tryzna, M. Vermorel-Marques et M. Jean-Pierre Vigier",Séance publique,1ère lecture (1ère assemblée saisie),https://www.assemblee-nationale.fr/dyn/17/amendements/2765/AN/2093,https://www.assemblee-nationale.fr/dyn/opendata/AMANR5L17PO838901BTC2765P0D1N002093.xml
PROTECTION ET SOUVERAINETÉ AGRICOLES,Amendement n° 2102 - PROTECTION ET SOUVERAINETÉ AGRICOLES - 1ère lecture (1ère assemblée saisie) - n° 2765,2102,,Non renseigné,Article 14,Première délibération,Descoeur Vincent,"  M. Wauquiez, M. Barnier, M. Bazin, Mme Bazin-Malgras, Mme Blin, Mme Sylvie Bonnet, Mme Bonnivard, M. Bony, M. Boucard, M. Bourgeaux, M. Breton, M. Brigand, M. Fabrice Brun, M. Ceccoli, Mme Chazé, M. Cordier, Mme Corneloup, Mme Dalloz, Mme de Maistre, M. Dive, Mme Duby-Muller, M. Duparay, M. End, Mme Fruchon, M. Gosselin, Mme Gruet, M. Herbillon, M. Hetzel, M. Juvin, M. Le Fur, M. Liger, M. Liégeon, Mme Martin (Alpes-Maritimes), Mme Frédérique Meunier, Mme Minard, M. Neuder, M. Pauget, M. Portier, M. Ray, Mme Rey-Rinchet, M. Rolland, Mme Tabarot, M. Taite, M. Thiériot, M. Tryzna, M. Vermorel-Marques et M. Jean-Pierre Vigier",Séance publique,1ère lecture (1ère assemblée saisie),https://www.assemblee-nationale.fr/dyn/17/amendements/2765/AN/2102,https://www.assemblee-nationale.fr/dyn/opendata/AMANR5L17PO838901BTC2765P0D1N002102.xml
PROTECTION ET SOUVERAINETÉ AGRICOLES,Amendement n° 2116 - PROTECTION ET SOUVERAINETÉ AGRICOLES - 1ère lecture (1ère assemblée saisie) - n° 2765,2116,,Non renseigné,Article 14,Première délibération,Pantel Sophie,,Séance publique,1ère lecture (1ère assemblée saisie),https://www.assemblee-nationale.fr/dyn/17/amendements/2765/AN/2116,https://www.assemblee-nationale.fr/dyn/opendata/AMANR5L17PO838901BTC2765P0D1N002116.xml
PROTECTION ET SOUVERAINETÉ AGRICOLES,Amendement n° 2129 - PROTECTION ET SOUVERAINETÉ AGRICOLES - 1ère lecture (1ère assemblée saisie) - n° 2765,2129,,Non renseigné,Article 14,Première délibération,Pantel Sophie,,Séance publique,1ère lecture (1ère assemblée saisie),https://www.assemblee-nationale.fr/dyn/17/amendements/2765/AN/2129,https://www.assemblee-nationale.fr/dyn/opendata/AMANR5L17PO838901BTC2765P0D1N002129.xml
PROTECTION ET SOUVERAINETÉ AGRICOLES,Amendement n° 2130 - PROTECTION ET SOUVERAINETÉ AGRICOLES - 1ère lecture (1ère assemblée saisie) - n° 2765,2130,,Non renseigné,Article 14,Première délibération,Pantel Sophie,,Séance publique,1ère lecture (1ère assemblée saisie),https://www.assemblee-nationale.fr/dyn/17/amendements/2765/AN/2130,https://www.assemblee-nationale.fr/dyn/opendata/AMANR5L17PO838901BTC2765P0D1N002130.xml
PROTECTION ET SOUVERAINETÉ AGRICOLES,Amendement n° 2142 - PROTECTION ET SOUVERAINETÉ AGRICOLES - 1ère lecture (1ère assemblée saisie) - n° 2765,2142,,Non renseigné,Article 14,Première délibération,Roseren Xavier,,Séance publique,1ère lecture (1ère assemblée saisie),https://www.assemblee-nationale.fr/dyn/17/amendements/2765/AN/2142,https://www.assemblee-nationale.fr/dyn/opendata/AMANR5L17PO838901BTC2765P0D1N002142.xml
PROTECTION ET SOUVERAINETÉ AGRICOLES,Amendement n° 2157 - PROTECTION ET SOUVERAINETÉ AGRICOLES - 1ère lecture (1ère assemblée saisie) - n° 2765,2157,,Non renseigné,Après l'article 14,Première délibération,Gernigon François,  M. Benoit et M. Thiébaut,Séance publique,1ère lecture (1ère assemblée saisie),https://www.assemblee-nationale.fr/dyn/17/amendements/2765/AN/2157,https://www.assemblee-nationale.fr/dyn/opendata/AMANR5L17PO838901BTC2765P0D1N002157.xml
PROTECTION ET SOUVERAINETÉ AGRICOLES,Amendement n° 2173 - PROTECTION ET SOUVERAINETÉ AGRICOLES - 1ère lecture (1ère assemblée saisie) - n° 2765,2173,,Non renseigné,Après l'article 14,Première délibération,Cosson Mickaël,"  M. Balanant, Mme Bannier, Mme Bergantz, M. Blanchet, Mme Brocard, M. Croizier, Mme Darrieussecq, M. Daubié, M. Fesneau, M. Fuchs, Mme Gervais, Mme Perrine Goulet, M. Grelier, Mme Guillerm, M. Gumbs, M. Isaac-Sibille, Mme Josso, M. Latombe, M. Lecamp, Mme Lingemann, M. Mandon, M. Martineau, M. Mattei, Mme Maussion, Mme Mette, Mme Morel, M. Ott, M. Padey, M. Pahun, M. Frédéric Petit, Mme Maud Petit, Mme Poueyto, M. Ramos, Mme Thillaye, M. Turquois et M. Philippe Vigier",Séance publique,1ère lecture (1ère assemblée saisie),https://www.assemblee-nationale.fr/dyn/17/amendements/2765/AN/2173,https://www.assemblee-nationale.fr/dyn/opendata/AMANR5L17PO838901BTC2765P0D1N002173.xml
PROTECTION ET SOUVERAINETÉ AGRICOLES,Amendement n° 219 - PROTECTION ET SOUVERAINETÉ AGRICOLES - 1ère lecture (1ère assemblée saisie) - n° 2765,219,,Non renseigné,Après l'article 14,Première délibération,Vos Frédéric-Pierre,"  M. Allisio, M. Amblard, Mme Auzanot, M. Ballard, Mme Bamana, M. Baubry, M. Beaurain, M. Bentz, M. Bernhardt, M. Bigot, M. Bilde, M. Blairy, Mme Blanc, M. Boccaletti, M. Boulogne, Mme Bouquin, M. Bovet, M. Buisson, M. Casterman, M. Chaumeil, M. Chenu, M. Chudeau, M. Clavet, Mme Colombier, Mme Da Conceicao Carvalho, M. de Fleurian, M. de Lépinau, Mme Dellong Meng, M. Dessigny, Mme Diaz, Mme Dogor-Such, M. Dragon, M. Dufosset, M. Dussausaye, M. Dutremble, M. Evrard, M. Falcon, M. Florquin, M. Fouquart, M. Frappé, M. Gabarron, Mme Galzy, M. Gery, M. Giletti, M. Gillet, M. Christian Girard, M. Golliot, M. Gonzalez, Mme Florence Goulet, Mme Grangier, Mme Griseti, M. Guibert, M. Guiniot, M. Guitton, Mme Hamelet, M. Houssin, M. Humbert, M. Jacobelli, M. Jenft, M. Jolly, Mme Joncour, M. Jordan, Mme Josserand, Mme Joubert, Mme Laporte, Mme Lavalette, M. Le Bourgeois, Mme Le Pen, Mme Lechanteux, Mme Lechon, Mme Lelouis, Mme Levavasseur, M. Limongi, M. Lioret, Mme Loir, Mme Lorho, M. Lottiaux, M. Loubet, M. David Magnier, Mme Marais-Beuil, M. Marchio, M. Markowsky, M. Patrice Martin, Mme Martinez, M. Mauvieux, M. Meizonnet, M. Meurin, M. Monnier, M. Muller, Mme Mélin, Mme Ménaché, M. Ménagé, M. Odoul, Mme Parmentier, M. Perez, M. Pfeffer, Mme Pollet, M. Rambaud, Mme Ranc, M. Rancoule, M. Renault, Mme Rimbert, M. Rivière, Mme Robert-Dehault, Mme Roullaud, Mme Roy, Mme Sabatini, M. Sabatou, M. Salmon, M. Schreck, Mme Sicard, M. Emmanuel Taché, M. Jean-Philippe Tanguy, M. Taverne, M. Tesson, M. Tivoli, M. Tomatis, M. Tonussi, M. Tribuiani, M. Villedieu et M. Weber",Séance publique,1ère lecture (1ère assemblée saisie),https://www.assemblee-nationale.fr/dyn/17/amendements/2765/AN/219,https://www.assemblee-nationale.fr/dyn/opendata/AMANR5L17PO838901BTC2765P0D1N000219.xml
PROTECTION ET SOUVERAINETÉ AGRICOLES,Amendement n° 2255 - PROTECTION ET SOUVERAINETÉ AGRICOLES - 1ère lecture (1ère assemblée saisie) - n° 2765,2255,,Non renseigné,Article 14,Première délibération,Meurin Pierre,"  M. Ballard, M. Allisio, M. Amblard, Mme Auzanot, Mme Bamana, M. Baubry, M. Beaurain, M. Bentz, M. Bernhardt, M. Bigot, M. Bilde, M. Blairy, Mme Blanc, M. Boccaletti, M. Boulogne, Mme Bouquin, M. Bovet, M. Buisson, M. Casterman, M. Chaumeil, M. Chenu, M. Chudeau, M. Clavet, Mme Colombier, Mme Da Conceicao Carvalho, M. de Fleurian, M. de Lépinau, Mme Dellong Meng, M. Dessigny, Mme Diaz, Mme Dogor-Such, M. Dragon, M. Dufosset, M. Dussausaye, M. Dutremble, M. Evrard, M. Falcon, M. Florquin, M. Fouquart, M. Frappé, M. Gabarron, Mme Galzy, M. Gery, M. Giletti, M. Gillet, M. Christian Girard, M. Golliot, M. Gonzalez, Mme Florence Goulet, Mme Grangier, Mme Griseti, M. Guibert, M. Guiniot, M. Guitton, Mme Hamelet, M. Houssin, M. Humbert, M. Jacobelli, M. Jenft, M. Jolly, Mme Joncour, M. Jordan, Mme Josserand, Mme Joubert, Mme Laporte, Mme Lavalette, M. Le Bourgeois, Mme Le Pen, Mme Lechanteux, Mme Lechon, Mme Lelouis, Mme Levavasseur, M. Limongi, M. Lioret, Mme Loir, Mme Lorho, M. Lottiaux, M. Loubet, M. David Magnier, Mme Marais-Beuil, M. Marchio, M. Markowsky, M. Patrice Martin, Mme Martinez, M. Mauvieux, M. Meizonnet, M. Monnier, M. Muller, Mme Mélin, Mme Ménaché, M. Ménagé, M. Odoul, Mme Parmentier, M. Perez, M. Pfeffer, Mme Pollet, M. Rambaud, Mme Ranc, M. Rancoule, M. Renault, Mme Rimbert, M. Rivière, Mme Robert-Dehault, Mme Roullaud, Mme Roy, Mme Sabatini, M. Sabatou, M. Salmon, M. Schreck, Mme Sicard, M. Emmanuel Taché, M. Jean-Philippe Tanguy, M. Taverne, M. Tesson, M. Tivoli, M. Tomatis, M. Tonussi, M. Tribuiani, M. Villedieu, M. Vos et M. Weber",Séance publique,1ère lecture (1ère assemblée saisie),https://www.assemblee-nationale.fr/dyn/17/amendements/2765/AN/2255,https://www.assemblee-nationale.fr/dyn/opendata/AMANR5L17PO838901BTC2765P0D1N002255.xml
PROTECTION ET SOUVERAINETÉ AGRICOLES,Amendement n° 2257 - PROTECTION ET SOUVERAINETÉ AGRICOLES - 1ère lecture (1ère assemblée saisie) - n° 2765,2257,,Non renseigné,Article 14,Première délibération,Thiébaut Vincent,,Séance publique,1ère lecture (1ère assemblée saisie),https://www.assemblee-nationale.fr/dyn/17/amendements/2765/AN/2257,https://www.assemblee-nationale.fr/dyn/opendata/AMANR5L17PO838901BTC2765P0D1N002257.xml
PROTECTION ET SOUVERAINETÉ AGRICOLES,Amendement n° 2278 - PROTECTION ET SOUVERAINETÉ AGRICOLES - 1ère lecture (1ère assemblée saisie) - n° 2765,2278,,Non renseigné,Après l'article 14,Première délibération,Meurin Pierre,"  M. Beaurain, M. Allisio, M. Amblard, Mme Auzanot, M. Ballard, Mme Bamana, M. Baubry, M. Bentz, M. Bernhardt, M. Bigot, M. Bilde, M. Blairy, Mme Blanc, M. Boccaletti, M. Boulogne, Mme Bouquin, M. Bovet, M. Buisson, M. Casterman, M. Chaumeil, M. Chenu, M. Chudeau, M. Clavet, Mme Colombier, Mme Da Conceicao Carvalho, M. de Fleurian, M. de Lépinau, Mme Dellong Meng, M. Dessigny, Mme Diaz, Mme Dogor-Such, M. Dragon, M. Dufosset, M. Dussausaye, M. Dutremble, M. Evrard, M. Falcon, M. Florquin, M. Fouquart, M. Frappé, M. Gabarron, Mme Galzy, M. Gery, M. Giletti, M. Gillet, M. Christian Girard, M. Golliot, M. Gonzalez, Mme Florence Goulet, Mme Grangier, Mme Griseti, M. Guibert, M. Guiniot, M. Guitton, Mme Hamelet, M. Houssin, M. Humbert, M. Jacobelli, M. Jenft, M. Jolly, Mme Joncour, M. Jordan, Mme Josserand, Mme Joubert, Mme Laporte, Mme Lavalette, M. Le Bourgeois, Mme Le Pen, Mme Lechanteux, Mme Lechon, Mme Lelouis, Mme Levavasseur, M. Limongi, M. Lioret, Mme Loir, Mme Lorho, M. Lottiaux, M. Loubet, M. David Magnier, Mme Marais-Beuil, M. Marchio, M. Markowsky, M. Patrice Martin, Mme Martinez, M. Mauvieux, M. Meizonnet, M. Monnier, M. Muller, Mme Mélin, Mme Ménaché, M. Ménagé, M. Odoul, Mme Parmentier, M. Perez, M. Pfeffer, Mme Pollet, M. Rambaud, Mme Ranc, M. Rancoule, M. Renault, Mme Rimbert, M. Rivière, Mme Robert-Dehault, Mme Roullaud, Mme Roy, Mme Sabatini, M. Sabatou, M. Salmon, M. Schreck, Mme Sicard, M. Emmanuel Taché, M. Jean-Philippe Tanguy, M. Taverne, M. Tesson, M. Tivoli, M. Tomatis, M. Tonussi, M. Tribuiani, M. Villedieu, M. Vos et M. Weber",Séance publique,1ère lecture (1ère assemblée saisie),https://www.assemblee-nationale.fr/dyn/17/amendements/2765/AN/2278,https://www.assemblee-nationale.fr/dyn/opendata/AMANR5L17PO838901BTC2765P0D1N002278.xml
PROTECTION ET SOUVERAINETÉ AGRICOLES,Amendement n° 230 - PROTECTION ET SOUVERAINETÉ AGRICOLES - 1ère lecture (1ère assemblée saisie) - n° 2765,230,,Non renseigné,Article 14,Première délibération,Brulebois Danielle,,Séance publique,1ère lecture (1ère assemblée saisie),https://www.assemblee-nationale.fr/dyn/17/amendements/2765/AN/230,https://www.assemblee-nationale.fr/dyn/opendata/AMANR5L17PO838901BTC2765P0D1N000230.xml
PROTECTION ET SOUVERAINETÉ AGRICOLES,Amendement n° 262 - PROTECTION ET SOUVERAINETÉ AGRICOLES - 1ère lecture (1ère assemblée saisie) - n° 2765,262,,Non renseigné,Article 14,Première délibération,Meunier Manon,"  Mme Abomangoli, M. Alexandre, M. Amard, Mme Amiot, Mme Amrani, M. Arenas, M. Arnault, Mme Belouassa-Cherifi, Mme Bentorki, M. Bernalicis, M. Bex, M. Bilongo, M. Bompard, M. Boumertit, M. Boyard, M. Cadalen, M. Caron, M. Carrière, Mme Cathala, M. Cernon, Mme Chikirou, M. Clouet, M. Coquerel, M. Coulomme, M. Delogu, M. Diouara, Mme Dufour, Mme Erodi, Mme Feld, M. Fernandes, Mme Ferrer, M. Gaillard, Mme Guetté, Mme Hamdane, Mme Hignet, M. Kerbrat, M. Lachaud, M. Lahmar, M. Laisney, M. Le Coq, M. Le Gall, Mme Leboucher, M. Legavre, Mme Legrain, Mme Lejeune, Mme Lepvraud, M. Léaument, Mme Élisa Martin, M. Maudet, Mme Maximi, Mme Mesmeur, M. Nilor, Mme Nosbé, Mme Obono, Mme Oziol, Mme Panot, M. Pilato, M. Piquemal, M. Portes, M. Prud'homme, M. Ratenon, M. Saint-Martin, M. Saintoul, Mme Soudais, Mme Stambach-Terrenoir, M. Aurélien Taché, Mme Taurinya, M. Tavel, Mme Trouvé et M. Vannier",Séance publique,1ère lecture (1ère assemblée saisie),https://www.assemblee-nationale.fr/dyn/17/amendements/2765/AN/262,https://www.assemblee-nationale.fr/dyn/opendata/AMANR5L17PO838901BTC2765P0D1N000262.xml
PROTECTION ET SOUVERAINETÉ AGRICOLES,Amendement n° 263 - PROTECTION ET SOUVERAINETÉ AGRICOLES - 1ère lecture (1ère assemblée saisie) - n° 2765,263,,Non renseigné,Article 14,Première délibération,Voynet Dominique,"  Mme Pochon, Mme Belluco, M. Nicolas Bonnet, M. Thierry, Mme Ozenne, M. Biteau, M. Raux, M. Amirshahi, Mme Arrighi, Mme Autain, Mme Balage El Mariky, M. Ben Cheikh, M. Arnaud Bonnet, Mme Chatelain, M. Corbière, M. Davi, M. Duplessy, M. Fournier, Mme Garin, M. Damien Girard, M. Gustave, Mme Catherine Hervieu, M. Iordanoff, Mme Laernoes, M. Lahais, M. Lucas-Lundy, M. Peytavie, Mme Regol, M. Roumégas, Mme Sandrine Rousseau, M. Ruffin, Mme Sas, Mme Sebaihi, Mme Simonnet, Mme Taillé-Polian et M. Tavernier",Séance publique,1ère lecture (1ère assemblée saisie),https://www.assemblee-nationale.fr/dyn/17/amendements/2765/AN/263,https://www.assemblee-nationale.fr/dyn/opendata/AMANR5L17PO838901BTC2765P0D1N000263.xml
PROTECTION ET SOUVERAINETÉ AGRICOLES,Amendement n° 264 - PROTECTION ET SOUVERAINETÉ AGRICOLES - 1ère lecture (1ère assemblée saisie) - n° 2765,264,,Non renseigné,Article 14,Première délibération,Meunier Manon,"  Mme Abomangoli, M. Alexandre, M. Amard, Mme Amiot, Mme Amrani, M. Arenas, M. Arnault, Mme Belouassa-Cherifi, Mme Bentorki, M. Bernalicis, M. Bex, M. Bilongo, M. Bompard, M. Boumertit, M. Boyard, M. Cadalen, M. Caron, M. Carrière, Mme Cathala, M. Cernon, Mme Chikirou, M. Clouet, M. Coquerel, M. Coulomme, M. Delogu, M. Diouara, Mme Dufour, Mme Erodi, Mme Feld, M. Fernandes, Mme Ferrer, M. Gaillard, Mme Guetté, Mme Hamdane, Mme Hignet, M. Kerbrat, M. Lachaud, M. Lahmar, M. Laisney, M. Le Coq, M. Le Gall, Mme Leboucher, M. Legavre, Mme Legrain, Mme Lejeune, Mme Lepvraud, M. Léaument, Mme Élisa Martin, M. Maudet, Mme Maximi, Mme Mesmeur, M. Nilor, Mme Nosbé, Mme Obono, Mme Oziol, Mme Panot, M. Pilato, M. Piquemal, M. Portes, M. Prud'homme, M. Ratenon, M. Saint-Martin, M. Saintoul, Mme Soudais, Mme Stambach-Terrenoir, M. Aurélien Taché, Mme Taurinya, M. Tavel, Mme Trouvé et M. Vannier",Séance publique,1ère lecture (1ère assemblée saisie),https://www.assemblee-nationale.fr/dyn/17/amendements/2765/AN/264,https://www.assemblee-nationale.fr/dyn/opendata/AMANR5L17PO838901BTC2765P0D1N000264.xml
PROTECTION ET SOUVERAINETÉ AGRICOLES,Amendement n° 265 - PROTECTION ET SOUVERAINETÉ AGRICOLES - 1ère lecture (1ère assemblée saisie) - n° 2765,265,,Non renseigné,Article 14,Première délibération,Voynet Dominique,"  Mme Pochon, Mme Belluco, M. Nicolas Bonnet, M. Thierry, Mme Ozenne, M. Biteau, M. Raux, M. Amirshahi, Mme Arrighi, Mme Autain, Mme Balage El Mariky, M. Ben Cheikh, M. Arnaud Bonnet, Mme Chatelain, M. Corbière, M. Davi, M. Duplessy, M. Fournier, Mme Garin, M. Damien Girard, M. Gustave, Mme Catherine Hervieu, M. Iordanoff, Mme Laernoes, M. Lahais, M. Lucas-Lundy, M. Peytavie, Mme Regol, M. Roumégas, Mme Sandrine Rousseau, M. Ruffin, Mme Sas, Mme Sebaihi, Mme Simonnet, Mme Taillé-Polian et M. Tavernier",Séance publique,1ère lecture (1ère assemblée saisie),https://www.assemblee-nationale.fr/dyn/17/amendements/2765/AN/265,https://www.assemblee-nationale.fr/dyn/opendata/AMANR5L17PO838901BTC2765P0D1N000265.xml
PROTECTION ET SOUVERAINETÉ AGRICOLES,Amendement n° 266 - PROTECTION ET SOUVERAINETÉ AGRICOLES - 1ère lecture (1ère assemblée saisie) - n° 2765,266,,Non renseigné,Article 14,Première délibération,Meunier Manon,"  Mme Abomangoli, M. Alexandre, M. Amard, Mme Amiot, Mme Amrani, M. Arenas, M. Arnault, Mme Belouassa-Cherifi, Mme Bentorki, M. Bernalicis, M. Bex, M. Bilongo, M. Bompard, M. Boumertit, M. Boyard, M. Cadalen, M. Caron, M. Carrière, Mme Cathala, M. Cernon, Mme Chikirou, M. Clouet, M. Coquerel, M. Coulomme, M. Delogu, M. Diouara, Mme Dufour, Mme Erodi, Mme Feld, M. Fernandes, Mme Ferrer, M. Gaillard, Mme Guetté, Mme Hamdane, Mme Hignet, M. Kerbrat, M. Lachaud, M. Lahmar, M. Laisney, M. Le Coq, M. Le Gall, Mme Leboucher, M. Legavre, Mme Legrain, Mme Lejeune, Mme Lepvraud, M. Léaument, Mme Élisa Martin, M. Maudet, Mme Maximi, Mme Mesmeur, M. Nilor, Mme Nosbé, Mme Obono, Mme Oziol, Mme Panot, M. Pilato, M. Piquemal, M. Portes, M. Prud'homme, M. Ratenon, M. Saint-Martin, M. Saintoul, Mme Soudais, Mme Stambach-Terrenoir, M. Aurélien Taché, Mme Taurinya, M. Tavel, Mme Trouvé et M. Vannier",Séance publique,1ère lecture (1ère assemblée saisie),https://www.assemblee-nationale.fr/dyn/17/amendements/2765/AN/266,https://www.assemblee-nationale.fr/dyn/opendata/AMANR5L17PO838901BTC2765P0D1N000266.xml
PROTECTION ET SOUVERAINETÉ AGRICOLES,Amendement n° 277 - PROTECTION ET SOUVERAINETÉ AGRICOLES - 1ère lecture (1ère assemblée saisie) - n° 2765,277,,Non renseigné,Article 14,Première délibération,Bony Jean-Yves,,Séance publique,1ère lecture (1ère assemblée saisie),https://www.assemblee-nationale.fr/dyn/17/amendements/2765/AN/277,https://www.assemblee-nationale.fr/dyn/opendata/AMANR5L17PO838901BTC2765P0D1N000277.xml
PROTECTION ET SOUVERAINETÉ AGRICOLES,Amendement n° 278 - PROTECTION ET SOUVERAINETÉ AGRICOLES - 1ère lecture (1ère assemblée saisie) - n° 2765,278,,Non renseigné,Article 14,Première délibération,Bony Jean-Yves,,Séance publique,1ère lecture (1ère assemblée saisie),https://www.assemblee-nationale.fr/dyn/17/amendements/2765/AN/278,https://www.assemblee-nationale.fr/dyn/opendata/AMANR5L17PO838901BTC2765P0D1N000278.xml
PROTECTION ET SOUVERAINETÉ AGRICOLES,Amendement n° 30 - PROTECTION ET SOUVERAINETÉ AGRICOLES - 1ère lecture (1ère assemblée saisie) - n° 2765,30,,Non renseigné,Après l'article 14,Première délibération,Blin Anne-Laure,"  Mme Corneloup, M. Hetzel, M. Tryzna et M. Portier",Séance publique,1ère lecture (1ère assemblée saisie),https://www.assemblee-nationale.fr/dyn/17/amendements/2765/AN/30,https://www.assemblee-nationale.fr/dyn/opendata/AMANR5L17PO838901BTC2765P0D1N000030.xml
PROTECTION ET SOUVERAINETÉ AGRICOLES,Amendement n° 31 - PROTECTION ET SOUVERAINETÉ AGRICOLES - 1ère lecture (1ère assemblée saisie) - n° 2765,31,,Non renseigné,Après l'article 14,Première délibération,Blin Anne-Laure,"  Mme Corneloup, M. Hetzel, M. Tryzna et M. Portier",Séance publique,1ère lecture (1ère assemblée saisie),https://www.assemblee-nationale.fr/dyn/17/amendements/2765/AN/31,https://www.assemblee-nationale.fr/dyn/opendata/AMANR5L17PO838901BTC2765P0D1N000031.xml
PROTECTION ET SOUVERAINETÉ AGRICOLES,Amendement n° 363 - PROTECTION ET SOUVERAINETÉ AGRICOLES - 1ère lecture (1ère assemblée saisie) - n° 2765,363,,Non renseigné,Article 14,Première délibération,Brun Fabrice,"  Mme Blin, Mme Bonnivard, M. Portier, Mme Corneloup, M. Bony et M. Le Fur",Séance publique,1ère lecture (1ère assemblée saisie),https://www.assemblee-nationale.fr/dyn/17/amendements/2765/AN/363,https://www.assemblee-nationale.fr/dyn/opendata/AMANR5L17PO838901BTC2765P0D1N000363.xml
PROTECTION ET SOUVERAINETÉ AGRICOLES,Amendement n° 364 - PROTECTION ET SOUVERAINETÉ AGRICOLES - 1ère lecture (1ère assemblée saisie) - n° 2765,364,,Non renseigné,Après l'article 14,Première délibération,Brun Fabrice,"  Mme Blin, Mme Bonnivard, M. Portier, M. Ray, Mme Corneloup, M. Bony et M. Le Fur",Séance publique,1ère lecture (1ère assemblée saisie),https://www.assemblee-nationale.fr/dyn/17/amendements/2765/AN/364,https://www.assemblee-nationale.fr/dyn/opendata/AMANR5L17PO838901BTC2765P0D1N000364.xml
PROTECTION ET SOUVERAINETÉ AGRICOLES,Amendement n° 370 - PROTECTION ET SOUVERAINETÉ AGRICOLES - 1ère lecture (1ère assemblée saisie) - n° 2765,370,,Non renseigné,Article 14,Première délibération,Corneloup Josiane,"  Mme Bazin-Malgras, M. Ray, Mme Gruet, M. Tryzna, Mme Blin, M. Liégeon, Mme Sylvie Bonnet, M. Cordier, M. Hetzel, M. Boucard et Mme Bonnivard",Séance publique,1ère lecture (1ère assemblée saisie),https://www.assemblee-nationale.fr/dyn/17/amendements/2765/AN/370,https://www.assemblee-nationale.fr/dyn/opendata/AMANR5L17PO838901BTC2765P0D1N000370.xml
PROTECTION ET SOUVERAINETÉ AGRICOLES,Amendement n° 371 - PROTECTION ET SOUVERAINETÉ AGRICOLES - 1ère lecture (1ère assemblée saisie) - n° 2765,371,,Non renseigné,Article 14,Première délibération,Corneloup Josiane,"  Mme Bazin-Malgras, M. Ray, Mme Gruet, M. Tryzna, Mme Blin, M. Liégeon, Mme Sylvie Bonnet, M. Cordier, M. Hetzel, M. Boucard et Mme Bonnivard",Séance publique,1ère lecture (1ère assemblée saisie),https://www.assemblee-nationale.fr/dyn/17/amendements/2765/AN/371,https://www.assemblee-nationale.fr/dyn/opendata/AMANR5L17PO838901BTC2765P0D1N000371.xml
PROTECTION ET SOUVERAINETÉ AGRICOLES,Amendement n° 372 - PROTECTION ET SOUVERAINETÉ AGRICOLES - 1ère lecture (1ère assemblée saisie) - n° 2765,372,,Non renseigné,Article 14,Première délibération,Grangier Géraldine,"  M. Amblard, M. Allisio, Mme Auzanot, M. Ballard, Mme Bamana, M. Baubry, M. Beaurain, M. Bentz, M. Bernhardt, M. Bigot, M. Bilde, M. Blairy, Mme Blanc, M. Boccaletti, M. Boulogne, Mme Bouquin, M. Bovet, M. Buisson, M. Casterman, M. Chaumeil, M. Chenu, M. Chudeau, M. Clavet, Mme Colombier, Mme Da Conceicao Carvalho, M. de Fleurian, M. de Lépinau, Mme Dellong Meng, M. Dessigny, Mme Diaz, Mme Dogor-Such, M. Dragon, M. Dufosset, M. Dussausaye, M. Dutremble, M. Evrard, M. Falcon, M. Florquin, M. Fouquart, M. Frappé, M. Gabarron, Mme Galzy, M. Gery, M. Giletti, M. Gillet, M. Christian Girard, M. Golliot, M. Gonzalez, Mme Florence Goulet, Mme Griseti, M. Guibert, M. Guiniot, M. Guitton, Mme Hamelet, M. Houssin, M. Humbert, M. Jacobelli, M. Jenft, M. Jolly, Mme Joncour, M. Jordan, Mme Josserand, Mme Joubert, Mme Laporte, Mme Lavalette, M. Le Bourgeois, Mme Le Pen, Mme Lechanteux, Mme Lechon, Mme Lelouis, Mme Levavasseur, M. Limongi, M. Lioret, Mme Loir, Mme Lorho, M. Lottiaux, M. Loubet, M. David Magnier, Mme Marais-Beuil, M. Marchio, M. Markowsky, M. Patrice Martin, Mme Martinez, M. Mauvieux, M. Meizonnet, M. Meurin, M. Monnier, M. Muller, Mme Mélin, Mme Ménaché, M. Ménagé, M. Odoul, Mme Parmentier, M. Perez, M. Pfeffer, Mme Pollet, M. Rambaud, Mme Ranc, M. Rancoule, M. Renault, Mme Rimbert, M. Rivière, Mme Robert-Dehault, Mme Roullaud, Mme Roy, Mme Sabatini, M. Sabatou, M. Salmon, M. Schreck, Mme Sicard, M. Emmanuel Taché, M. Jean-Philippe Tanguy, M. Taverne, M. Tesson, M. Tivoli, M. Tomatis, M. Tonussi, M. Tribuiani, M. Villedieu, M. Vos et M. Weber",Séance publique,1ère lecture (1ère assemblée saisie),https://www.assemblee-nationale.fr/dyn/17/amendements/2765/AN/372,https://www.assemblee-nationale.fr/dyn/opendata/AMANR5L17PO838901BTC2765P0D1N000372.xml
PROTECTION ET SOUVERAINETÉ AGRICOLES,Amendement n° 373 - PROTECTION ET SOUVERAINETÉ AGRICOLES - 1ère lecture (1ère assemblée saisie) - n° 2765,373,,Non renseigné,Article 14,Première délibération,Grangier Géraldine,"  Mme Auzanot, M. Allisio, M. Amblard, M. Ballard, Mme Bamana, M. Baubry, M. Beaurain, M. Bentz, M. Bernhardt, M. Bigot, M. Bilde, M. Blairy, Mme Blanc, M. Boccaletti, M. Boulogne, Mme Bouquin, M. Bovet, M. Buisson, M. Casterman, M. Chaumeil, M. Chenu, M. Chudeau, M. Clavet, Mme Colombier, Mme Da Conceicao Carvalho, M. de Fleurian, M. de Lépinau, Mme Dellong Meng, M. Dessigny, Mme Diaz, Mme Dogor-Such, M. Dragon, M. Dufosset, M. Dussausaye, M. Dutremble, M. Evrard, M. Falcon, M. Florquin, M. Fouquart, M. Frappé, M. Gabarron, Mme Galzy, M. Gery, M. Giletti, M. Gillet, M. Christian Girard, M. Golliot, M. Gonzalez, Mme Florence Goulet, Mme Griseti, M. Guibert, M. Guiniot, M. Guitton, Mme Hamelet, M. Houssin, M. Humbert, M. Jacobelli, M. Jenft, M. Jolly, Mme Joncour, M. Jordan, Mme Josserand, Mme Joubert, Mme Laporte, Mme Lavalette, M. Le Bourgeois, Mme Le Pen, Mme Lechanteux, Mme Lechon, Mme Lelouis, Mme Levavasseur, M. Limongi, M. Lioret, Mme Loir, Mme Lorho, M. Lottiaux, M. Loubet, M. David Magnier, Mme Marais-Beuil, M. Marchio, M. Markowsky, M. Patrice Martin, Mme Martinez, M. Mauvieux, M. Meizonnet, M. Meurin, M. Monnier, M. Muller, Mme Mélin, Mme Ménaché, M. Ménagé, M. Odoul, Mme Parmentier, M. Perez, M. Pfeffer, Mme Pollet, M. Rambaud, Mme Ranc, M. Rancoule, M. Renault, Mme Rimbert, M. Rivière, Mme Robert-Dehault, Mme Roullaud, Mme Roy, Mme Sabatini, M. Sabatou, M. Salmon, M. Schreck, Mme Sicard, M. Emmanuel Taché, M. Jean-Philippe Tanguy, M. Taverne, M. Tesson, M. Tivoli, M. Tomatis, M. Tonussi, M. Tribuiani, M. Villedieu, M. Vos et M. Weber",Séance publique,1ère lecture (1ère assemblée saisie),https://www.assemblee-nationale.fr/dyn/17/amendements/2765/AN/373,https://www.assemblee-nationale.fr/dyn/opendata/AMANR5L17PO838901BTC2765P0D1N000373.xml
PROTECTION ET SOUVERAINETÉ AGRICOLES,Amendement n° 374 - PROTECTION ET SOUVERAINETÉ AGRICOLES - 1ère lecture (1ère assemblée saisie) - n° 2765,374,,Non renseigné,Article 14,Première délibération,Grangier Géraldine,"  M. Baubry, M. Allisio, M. Amblard, Mme Auzanot, M. Ballard, Mme Bamana, M. Beaurain, M. Bentz, M. Bernhardt, M. Bigot, M. Bilde, M. Blairy, Mme Blanc, M. Boccaletti, M. Boulogne, Mme Bouquin, M. Bovet, M. Buisson, M. Casterman, M. Chaumeil, M. Chenu, M. Chudeau, M. Clavet, Mme Colombier, Mme Da Conceicao Carvalho, M. de Fleurian, M. de Lépinau, Mme Dellong Meng, M. Dessigny, Mme Diaz, Mme Dogor-Such, M. Dragon, M. Dufosset, M. Dussausaye, M. Dutremble, M. Evrard, M. Falcon, M. Florquin, M. Fouquart, M. Frappé, M. Gabarron, Mme Galzy, M. Gery, M. Giletti, M. Gillet, M. Christian Girard, M. Golliot, M. Gonzalez, Mme Florence Goulet, Mme Griseti, M. Guibert, M. Guiniot, M. Guitton, Mme Hamelet, M. Houssin, M. Humbert, M. Jacobelli, M. Jenft, M. Jolly, Mme Joncour, M. Jordan, Mme Josserand, Mme Joubert, Mme Laporte, Mme Lavalette, M. Le Bourgeois, Mme Le Pen, Mme Lechanteux, Mme Lechon, Mme Lelouis, Mme Levavasseur, M. Limongi, M. Lioret, Mme Loir, Mme Lorho, M. Lottiaux, M. Loubet, M. David Magnier, Mme Marais-Beuil, M. Marchio, M. Markowsky, M. Patrice Martin, Mme Martinez, M. Mauvieux, M. Meizonnet, M. Meurin, M. Monnier, M. Muller, Mme Mélin, Mme Ménaché, M. Ménagé, M. Odoul, Mme Parmentier, M. Perez, M. Pfeffer, Mme Pollet, M. Rambaud, Mme Ranc, M. Rancoule, M. Renault, Mme Rimbert, M. Rivière, Mme Robert-Dehault, Mme Roullaud, Mme Roy, Mme Sabatini, M. Sabatou, M. Salmon, M. Schreck, Mme Sicard, M. Emmanuel Taché, M. Jean-Philippe Tanguy, M. Taverne, M. Tesson, M. Tivoli, M. Tomatis, M. Tonussi, M. Tribuiani, M. Villedieu, M. Vos et M. Weber",Séance publique,1ère lecture (1ère assemblée saisie),https://www.assemblee-nationale.fr/dyn/17/amendements/2765/AN/374,https://www.assemblee-nationale.fr/dyn/opendata/AMANR5L17PO838901BTC2765P0D1N000374.xml
PROTECTION ET SOUVERAINETÉ AGRICOLES,Amendement n° 392 - PROTECTION ET SOUVERAINETÉ AGRICOLES - 1ère lecture (1ère assemblée saisie) - n° 2765,392,,Non renseigné,Article 14,Première délibération,Goulet Florence,"  M. Allisio, M. Amblard, Mme Auzanot, M. Ballard, Mme Bamana, M. Baubry, M. Beaurain, M. Bentz, M. Bernhardt, M. Bigot, M. Bilde, M. Blairy, Mme Blanc, M. Boccaletti, M. Boulogne, Mme Bouquin, M. Bovet, M. Buisson, M. Casterman, M. Chaumeil, M. Chenu, M. Chudeau, M. Clavet, Mme Colombier, Mme Da Conceicao Carvalho, M. de Fleurian, M. de Lépinau, Mme Dellong Meng, M. Dessigny, Mme Diaz, Mme Dogor-Such, M. Dragon, M. Dufosset, M. Dussausaye, M. Dutremble, M. Evrard, M. Falcon, M. Florquin, M. Fouquart, M. Frappé, M. Gabarron, Mme Galzy, M. Gery, M. Giletti, M. Gillet, M. Christian Girard, M. Golliot, M. Gonzalez, Mme Grangier, Mme Griseti, M. Guibert, M. Guiniot, M. Guitton, Mme Hamelet, M. Houssin, M. Humbert, M. Jacobelli, M. Jenft, M. Jolly, Mme Joncour, M. Jordan, Mme Josserand, Mme Joubert, Mme Laporte, Mme Lavalette, M. Le Bourgeois, Mme Le Pen, Mme Lechanteux, Mme Lechon, Mme Lelouis, Mme Levavasseur, M. Limongi, M. Lioret, Mme Loir, Mme Lorho, M. Lottiaux, M. Loubet, M. David Magnier, Mme Marais-Beuil, M. Marchio, M. Markowsky, M. Patrice Martin, Mme Martinez, M. Mauvieux, M. Meizonnet, Mme Mélin, Mme Ménaché, M. Ménagé, M. Meurin, M. Monnier, M. Muller, M. Odoul, Mme Parmentier, M. Perez, M. Pfeffer, Mme Pollet, M. Rambaud, Mme Ranc, M. Rancoule, M. Renault, Mme Rimbert, M. Rivière, Mme Robert-Dehault, Mme Roullaud, Mme Roy, Mme Sabatini, M. Sabatou, M. Salmon, M. Schreck, Mme Sicard, M. Emmanuel Taché, M. Jean-Philippe Tanguy, M. Taverne, M. Tesson, M. Tivoli, M. Tomatis, M. Tonussi, M. Tribuiani, M. Villedieu, M. Vos et M. Weber",Séance publique,1ère lecture (1ère assemblée saisie),https://www.assemblee-nationale.fr/dyn/17/amendements/2765/AN/392,https://www.assemblee-nationale.fr/dyn/opendata/AMANR5L17PO838901BTC2765P0D1N000392.xml
PROTECTION ET SOUVERAINETÉ AGRICOLES,Amendement n° 393 - PROTECTION ET SOUVERAINETÉ AGRICOLES - 1ère lecture (1ère assemblée saisie) - n° 2765,393,,Non renseigné,Article 14,Première délibération,Goulet Florence,"  M. Allisio, M. Amblard, Mme Auzanot, M. Ballard, Mme Bamana, M. Baubry, M. Beaurain, M. Bentz, M. Bernhardt, M. Bigot, M. Bilde, M. Blairy, Mme Blanc, M. Boccaletti, M. Boulogne, Mme Bouquin, M. Bovet, M. Buisson, M. Casterman, M. Chaumeil, M. Chenu, M. Chudeau, M. Clavet, Mme Colombier, Mme Da Conceicao Carvalho, M. de Fleurian, M. de Lépinau, Mme Dellong Meng, M. Dessigny, Mme Diaz, Mme Dogor-Such, M. Dragon, M. Dufosset, M. Dussausaye, M. Dutremble, M. Evrard, M. Falcon, M. Florquin, M. Fouquart, M. Frappé, M. Gabarron, Mme Galzy, M. Gery, M. Giletti, M. Gillet, M. Christian Girard, M. Golliot, M. Gonzalez, Mme Grangier, Mme Griseti, M. Guibert, M. Guiniot, M. Guitton, Mme Hamelet, M. Houssin, M. Humbert, M. Jacobelli, M. Jenft, M. Jolly, Mme Joncour, M. Jordan, Mme Josserand, Mme Joubert, Mme Laporte, Mme Lavalette, M. Le Bourgeois, Mme Le Pen, Mme Lechanteux, Mme Lechon, Mme Lelouis, Mme Levavasseur, M. Limongi, M. Lioret, Mme Loir, Mme Lorho, M. Lottiaux, M. Loubet, M. David Magnier, Mme Marais-Beuil, M. Marchio, M. Markowsky, M. Patrice Martin, Mme Martinez, M. Mauvieux, M. Meizonnet, Mme Mélin, Mme Ménaché, M. Ménagé, M. Meurin, M. Monnier, M. Muller, M. Odoul, Mme Parmentier, M. Perez, M. Pfeffer, Mme Pollet, M. Rambaud, Mme Ranc, M. Rancoule, M. Renault, Mme Rimbert, M. Rivière, Mme Robert-Dehault, Mme Roullaud, Mme Roy, Mme Sabatini, M. Sabatou, M. Salmon, M. Schreck, Mme Sicard, M. Emmanuel Taché, M. Jean-Philippe Tanguy, M. Taverne, M. Tesson, M. Tivoli, M. Tomatis, M. Tonussi, M. Tribuiani, M. Villedieu, M. Vos et M. Weber",Séance publique,1ère lecture (1ère assemblée saisie),https://www.assemblee-nationale.fr/dyn/17/amendements/2765/AN/393,https://www.assemblee-nationale.fr/dyn/opendata/AMANR5L17PO838901BTC2765P0D1N000393.xml
PROTECTION ET SOUVERAINETÉ AGRICOLES,Amendement n° 394 - PROTECTION ET SOUVERAINETÉ AGRICOLES - 1ère lecture (1ère assemblée saisie) - n° 2765,394,,Non renseigné,Article 14,Première délibération,Goulet Florence,"  M. Allisio, M. Amblard, Mme Auzanot, M. Ballard, Mme Bamana, M. Baubry, M. Beaurain, M. Bentz, M. Bernhardt, M. Bigot, M. Bilde, M. Blairy, Mme Blanc, M. Boccaletti, M. Boulogne, Mme Bouquin, M. Bovet, M. Buisson, M. Casterman, M. Chaumeil, M. Chenu, M. Chudeau, M. Clavet, Mme Colombier, Mme Da Conceicao Carvalho, M. de Fleurian, M. de Lépinau, Mme Dellong Meng, M. Dessigny, Mme Diaz, Mme Dogor-Such, M. Dragon, M. Dufosset, M. Dussausaye, M. Dutremble, M. Evrard, M. Falcon, M. Florquin, M. Fouquart, M. Frappé, M. Gabarron, Mme Galzy, M. Gery, M. Giletti, M. Gillet, M. Christian Girard, M. Golliot, M. Gonzalez, Mme Grangier, Mme Griseti, M. Guibert, M. Guiniot, M. Guitton, Mme Hamelet, M. Houssin, M. Humbert, M. Jacobelli, M. Jenft, M. Jolly, Mme Joncour, M. Jordan, Mme Josserand, Mme Joubert, Mme Laporte, Mme Lavalette, M. Le Bourgeois, Mme Le Pen, Mme Lechanteux, Mme Lechon, Mme Lelouis, Mme Levavasseur, M. Limongi, M. Lioret, Mme Loir, Mme Lorho, M. Lottiaux, M. Loubet, M. David Magnier, Mme Marais-Beuil, M. Marchio, M. Markowsky, M. Patrice Martin, Mme Martinez, M. Mauvieux, M. Meizonnet, Mme Mélin, Mme Ménaché, M. Ménagé, M. Meurin, M. Monnier, M. Muller, M. Odoul, Mme Parmentier, M. Perez, M. Pfeffer, Mme Pollet, M. Rambaud, Mme Ranc, M. Rancoule, M. Renault, Mme Rimbert, M. Rivière, Mme Robert-Dehault, Mme Roullaud, Mme Roy, Mme Sabatini, M. Sabatou, M. Salmon, M. Schreck, Mme Sicard, M. Emmanuel Taché, M. Jean-Philippe Tanguy, M. Taverne, M. Tesson, M. Tivoli, M. Tomatis, M. Tonussi, M. Tribuiani, M. Villedieu, M. Vos et M. Weber",Séance publique,1ère lecture (1ère assemblée saisie),https://www.assemblee-nationale.fr/dyn/17/amendements/2765/AN/394,https://www.assemblee-nationale.fr/dyn/opendata/AMANR5L17PO838901BTC2765P0D1N000394.xml
PROTECTION ET SOUVERAINETÉ AGRICOLES,Amendement n° 415 - PROTECTION ET SOUVERAINETÉ AGRICOLES - 1ère lecture (1ère assemblée saisie) - n° 2765,415,,Non renseigné,Article 14,Première délibération,Fait Philippe,,Séance publique,1ère lecture (1ère assemblée saisie),https://www.assemblee-nationale.fr/dyn/17/amendements/2765/AN/415,https://www.assemblee-nationale.fr/dyn/opendata/AMANR5L17PO838901BTC2765P0D1N000415.xml
PROTECTION ET SOUVERAINETÉ AGRICOLES,Amendement n° 470 - PROTECTION ET SOUVERAINETÉ AGRICOLES - 1ère lecture (1ère assemblée saisie) - n° 2765,470,,Non renseigné,Article 14,Première délibération,Bazin-Malgras Valérie,"  Mme Corneloup, Mme Gruet, M. Brigand, Mme Bonnivard, M. Hetzel, M. Cordier, Mme Sylvie Bonnet et M. Tryzna",Séance publique,1ère lecture (1ère assemblée saisie),https://www.assemblee-nationale.fr/dyn/17/amendements/2765/AN/470,https://www.assemblee-nationale.fr/dyn/opendata/AMANR5L17PO838901BTC2765P0D1N000470.xml
PROTECTION ET SOUVERAINETÉ AGRICOLES,Amendement n° 475 - PROTECTION ET SOUVERAINETÉ AGRICOLES - 1ère lecture (1ère assemblée saisie) - n° 2765,475,,Non renseigné,Article 14,Première délibération,Blairy Emmanuel,"  M. Allisio, M. Amblard, Mme Auzanot, M. Ballard, Mme Bamana, M. Baubry, M. Beaurain, M. Bentz, M. Bernhardt, M. Bigot, M. Bilde, Mme Blanc, M. Boccaletti, M. Boulogne, Mme Bouquin, M. Bovet, M. Buisson, M. Casterman, M. Chaumeil, M. Chenu, M. Chudeau, M. Clavet, Mme Colombier, Mme Da Conceicao Carvalho, M. de Fleurian, M. de Lépinau, Mme Dellong Meng, M. Dessigny, Mme Diaz, Mme Dogor-Such, M. Dragon, M. Dufosset, M. Dussausaye, M. Dutremble, M. Evrard, M. Falcon, M. Florquin, M. Fouquart, M. Frappé, M. Gabarron, Mme Galzy, M. Gery, M. Giletti, M. Gillet, M. Christian Girard, M. Golliot, M. Gonzalez, Mme Florence Goulet, Mme Grangier, Mme Griseti, M. Guibert, M. Guiniot, M. Guitton, Mme Hamelet, M. Houssin, M. Humbert, M. Jacobelli, M. Jenft, M. Jolly, Mme Joncour, M. Jordan, Mme Josserand, Mme Joubert, Mme Laporte, Mme Lavalette, M. Le Bourgeois, Mme Le Pen, Mme Lechanteux, Mme Lechon, Mme Lelouis, Mme Levavasseur, M. Limongi, M. Lioret, Mme Loir, Mme Lorho, M. Lottiaux, M. Loubet, M. David Magnier, Mme Marais-Beuil, M. Marchio, M. Markowsky, M. Patrice Martin, Mme Martinez, M. Mauvieux, M. Meizonnet, M. Meurin, M. Monnier, M. Muller, Mme Mélin, Mme Ménaché, M. Ménagé, M. Odoul, Mme Parmentier, M. Perez, M. Pfeffer, Mme Pollet, M. Rambaud, Mme Ranc, M. Rancoule, M. Renault, Mme Rimbert, M. Rivière, Mme Robert-Dehault, Mme Roullaud, Mme Roy, Mme Sabatini, M. Sabatou, M. Salmon, M. Schreck, Mme Sicard, M. Emmanuel Taché, M. Jean-Philippe Tanguy, M. Taverne, M. Tesson, M. Tivoli, M. Tomatis, M. Tonussi, M. Tribuiani, M. Villedieu, M. Vos et M. Weber",Séance publique,1ère lecture (1ère assemblée saisie),https://www.assemblee-nationale.fr/dyn/17/amendements/2765/AN/475,https://www.assemblee-nationale.fr/dyn/opendata/AMANR5L17PO838901BTC2765P0D1N000475.xml
PROTECTION ET SOUVERAINETÉ AGRICOLES,Amendement n° 476 - PROTECTION ET SOUVERAINETÉ AGRICOLES - 1ère lecture (1ère assemblée saisie) - n° 2765,476,,Non renseigné,Après l'article 14,Première délibération,Blairy Emmanuel,"  M. Allisio, M. Amblard, Mme Auzanot, M. Ballard, Mme Bamana, M. Baubry, M. Beaurain, M. Bentz, M. Bernhardt, M. Bigot, M. Bilde, Mme Blanc, M. Boccaletti, M. Boulogne, Mme Bouquin, M. Bovet, M. Buisson, M. Casterman, M. Chaumeil, M. Chenu, M. Chudeau, M. Clavet, Mme Colombier, Mme Da Conceicao Carvalho, M. de Fleurian, M. de Lépinau, Mme Dellong Meng, M. Dessigny, Mme Diaz, Mme Dogor-Such, M. Dragon, M. Dufosset, M. Dussausaye, M. Dutremble, M. Evrard, M. Falcon, M. Florquin, M. Fouquart, M. Frappé, M. Gabarron, Mme Galzy, M. Gery, M. Giletti, M. Gillet, M. Christian Girard, M. Golliot, M. Gonzalez, Mme Florence Goulet, Mme Grangier, Mme Griseti, M. Guibert, M. Guiniot, M. Guitton, Mme Hamelet, M. Houssin, M. Humbert, M. Jacobelli, M. Jenft, M. Jolly, Mme Joncour, M. Jordan, Mme Josserand, Mme Joubert, Mme Laporte, Mme Lavalette, M. Le Bourgeois, Mme Le Pen, Mme Lechanteux, Mme Lechon, Mme Lelouis, Mme Levavasseur, M. Limongi, M. Lioret, Mme Loir, Mme Lorho, M. Lottiaux, M. Loubet, M. David Magnier, Mme Marais-Beuil, M. Marchio, M. Markowsky, M. Patrice Martin, Mme Martinez, M. Mauvieux, M. Meizonnet, M. Meurin, M. Monnier, M. Muller, Mme Mélin, Mme Ménaché, M. Ménagé, M. Odoul, Mme Parmentier, M. Perez, M. Pfeffer, Mme Pollet, M. Rambaud, Mme Ranc, M. Rancoule, M. Renault, Mme Rimbert, M. Rivière, Mme Robert-Dehault, Mme Roullaud, Mme Roy, Mme Sabatini, M. Sabatou, M. Salmon, M. Schreck, Mme Sicard, M. Emmanuel Taché, M. Jean-Philippe Tanguy, M. Taverne, M. Tesson, M. Tivoli, M. Tomatis, M. Tonussi, M. Tribuiani, M. Villedieu, M. Vos et M. Weber",Séance publique,1ère lecture (1ère assemblée saisie),https://www.assemblee-nationale.fr/dyn/17/amendements/2765/AN/476,https://www.assemblee-nationale.fr/dyn/opendata/AMANR5L17PO838901BTC2765P0D1N000476.xml
PROTECTION ET SOUVERAINETÉ AGRICOLES,Amendement n° 477 - PROTECTION ET SOUVERAINETÉ AGRICOLES - 1ère lecture (1ère assemblée saisie) - n° 2765,477,,Non renseigné,Article 14,Première délibération,Blairy Emmanuel,"  M. Allisio, M. Amblard, Mme Auzanot, M. Ballard, Mme Bamana, M. Baubry, M. Beaurain, M. Bentz, M. Bernhardt, M. Bigot, M. Bilde, Mme Blanc, M. Boccaletti, M. Boulogne, Mme Bouquin, M. Bovet, M. Buisson, M. Casterman, M. Chaumeil, M. Chenu, M. Chudeau, M. Clavet, Mme Colombier, Mme Da Conceicao Carvalho, M. de Fleurian, M. de Lépinau, Mme Dellong Meng, M. Dessigny, Mme Diaz, Mme Dogor-Such, M. Dragon, M. Dufosset, M. Dussausaye, M. Dutremble, M. Evrard, M. Falcon, M. Florquin, M. Fouquart, M. Frappé, M. Gabarron, Mme Galzy, M. Gery, M. Giletti, M. Gillet, M. Christian Girard, M. Golliot, M. Gonzalez, Mme Florence Goulet, Mme Grangier, Mme Griseti, M. Guibert, M. Guiniot, M. Guitton, Mme Hamelet, M. Houssin, M. Humbert, M. Jacobelli, M. Jenft, M. Jolly, Mme Joncour, M. Jordan, Mme Josserand, Mme Joubert, Mme Laporte, Mme Lavalette, M. Le Bourgeois, Mme Le Pen, Mme Lechanteux, Mme Lechon, Mme Lelouis, Mme Levavasseur, M. Limongi, M. Lioret, Mme Loir, Mme Lorho, M. Lottiaux, M. Loubet, M. David Magnier, Mme Marais-Beuil, M. Marchio, M. Markowsky, M. Patrice Martin, Mme Martinez, M. Mauvieux, M. Meizonnet, M. Meurin, M. Monnier, M. Muller, Mme Mélin, Mme Ménaché, M. Ménagé, M. Odoul, Mme Parmentier, M. Perez, M. Pfeffer, Mme Pollet, M. Rambaud, Mme Ranc, M. Rancoule, M. Renault, Mme Rimbert, M. Rivière, Mme Robert-Dehault, Mme Roullaud, Mme Roy, Mme Sabatini, M. Sabatou, M. Salmon, M. Schreck, Mme Sicard, M. Emmanuel Taché, M. Jean-Philippe Tanguy, M. Taverne, M. Tesson, M. Tivoli, M. Tomatis, M. Tonussi, M. Tribuiani, M. Villedieu, M. Vos et M. Weber",Séance publique,1ère lecture (1ère assemblée saisie),https://www.assemblee-nationale.fr/dyn/17/amendements/2765/AN/477,https://www.assemblee-nationale.fr/dyn/opendata/AMANR5L17PO838901BTC2765P0D1N000477.xml
PROTECTION ET SOUVERAINETÉ AGRICOLES,Amendement n° 481 - PROTECTION ET SOUVERAINETÉ AGRICOLES - 1ère lecture (1ère assemblée saisie) - n° 2765,481,,Non renseigné,Après l'article 14,Première délibération,Bonnivard Émilie,"  M. Bazin, M. Ray, M. Rolland, Mme Minard, Mme Duby-Muller, Mme Dalloz, M. Duparay, Mme Sylvie Bonnet et M. Neuder",Séance publique,1ère lecture (1ère assemblée saisie),https://www.assemblee-nationale.fr/dyn/17/amendements/2765/AN/481,https://www.assemblee-nationale.fr/dyn/opendata/AMANR5L17PO838901BTC2765P0D1N000481.xml
PROTECTION ET SOUVERAINETÉ AGRICOLES,Amendement n° 528 - PROTECTION ET SOUVERAINETÉ AGRICOLES - 1ère lecture (1ère assemblée saisie) - n° 2765,528,,Non renseigné,Article 14,Première délibération,Brulebois Danielle,,Séance publique,1ère lecture (1ère assemblée saisie),https://www.assemblee-nationale.fr/dyn/17/amendements/2765/AN/528,https://www.assemblee-nationale.fr/dyn/opendata/AMANR5L17PO838901BTC2765P0D1N000528.xml
PROTECTION ET SOUVERAINETÉ AGRICOLES,Amendement n° 579 - PROTECTION ET SOUVERAINETÉ AGRICOLES - 1ère lecture (1ère assemblée saisie) - n° 2765,579,,Non renseigné,Article 14,Première délibération,Bonnivard Émilie,"  M. Brigand, M. Bazin, M. Ray, M. Rolland, Mme Minard, Mme Duby-Muller, Mme Dalloz, M. Duparay, Mme Sylvie Bonnet et M. Neuder",Séance publique,1ère lecture (1ère assemblée saisie),https://www.assemblee-nationale.fr/dyn/17/amendements/2765/AN/579,https://www.assemblee-nationale.fr/dyn/opendata/AMANR5L17PO838901BTC2765P0D1N000579.xml
PROTECTION ET SOUVERAINETÉ AGRICOLES,Amendement n° 591 - PROTECTION ET SOUVERAINETÉ AGRICOLES - 1ère lecture (1ère assemblée saisie) - n° 2765,591,,Non renseigné,Après l'article 14,Première délibération,Vigier Jean-Pierre,"  M. Ray, M. Hetzel, Mme Rey-Rinchet, M. Duparay, Mme Minard, M. Bazin, M. Bony, Mme Sylvie Bonnet, M. Brigand, Mme Corneloup, M. Taite, M. Tryzna et M. Fabrice Brun",Séance publique,1ère lecture (1ère assemblée saisie),https://www.assemblee-nationale.fr/dyn/17/amendements/2765/AN/591,https://www.assemblee-nationale.fr/dyn/opendata/AMANR5L17PO838901BTC2765P0D1N000591.xml
PROTECTION ET SOUVERAINETÉ AGRICOLES,Amendement n° 624 - PROTECTION ET SOUVERAINETÉ AGRICOLES - 1ère lecture (1ère assemblée saisie) - n° 2765,624,,Non renseigné,Article 14,Première délibération,Allemand Marie-José,"  Mme Battistel, Mme Pantel, Mme Rossi, M. Echaniz, M. Proença et Mme Got",Séance publique,1ère lecture (1ère assemblée saisie),https://www.assemblee-nationale.fr/dyn/17/amendements/2765/AN/624,https://www.assemblee-nationale.fr/dyn/opendata/AMANR5L17PO838901BTC2765P0D1N000624.xml
PROTECTION ET SOUVERAINETÉ AGRICOLES,Amendement n° 696 - PROTECTION ET SOUVERAINETÉ AGRICOLES - 1ère lecture (1ère assemblée saisie) - n° 2765,696,,Non renseigné,Article 14,Première délibération,Cormier-Bouligeon François,,Séance publique,1ère lecture (1ère assemblée saisie),https://www.assemblee-nationale.fr/dyn/17/amendements/2765/AN/696,https://www.assemblee-nationale.fr/dyn/opendata/AMANR5L17PO838901BTC2765P0D1N000696.xml
PROTECTION ET SOUVERAINETÉ AGRICOLES,Amendement n° 71 - PROTECTION ET SOUVERAINETÉ AGRICOLES - 1ère lecture (1ère assemblée saisie) - n° 2765,71,,Non renseigné,Article 14,Première délibération,Bonnivard Émilie,"  M. Bazin, Mme Corneloup, Mme Sylvie Bonnet, M. Ray, M. Breton, M. Hetzel, Mme Minard, Mme Bazin-Malgras, Mme Duby-Muller, Mme Dalloz, M. Liger et M. Bony",Séance publique,1ère lecture (1ère assemblée saisie),https://www.assemblee-nationale.fr/dyn/17/amendements/2765/AN/71,https://www.assemblee-nationale.fr/dyn/opendata/AMANR5L17PO838901BTC2765P0D1N000071.xml
PROTECTION ET SOUVERAINETÉ AGRICOLES,Amendement n° 716 - PROTECTION ET SOUVERAINETÉ AGRICOLES - 1ère lecture (1ère assemblée saisie) - n° 2765,716,,Non renseigné,Après l'article 14,Première délibération,Fégné Denis,,Séance publique,1ère lecture (1ère assemblée saisie),https://www.assemblee-nationale.fr/dyn/17/amendements/2765/AN/716,https://www.assemblee-nationale.fr/dyn/opendata/AMANR5L17PO838901BTC2765P0D1N000716.xml
PROTECTION ET SOUVERAINETÉ AGRICOLES,Amendement n° 717 - PROTECTION ET SOUVERAINETÉ AGRICOLES - 1ère lecture (1ère assemblée saisie) - n° 2765,717,,Non renseigné,Après l'article 14,Première délibération,Fégné Denis,,Séance publique,1ère lecture (1ère assemblée saisie),https://www.assemblee-nationale.fr/dyn/17/amendements/2765/AN/717,https://www.assemblee-nationale.fr/dyn/opendata/AMANR5L17PO838901BTC2765P0D1N000717.xml
PROTECTION ET SOUVERAINETÉ AGRICOLES,Amendement n° 718 - PROTECTION ET SOUVERAINETÉ AGRICOLES - 1ère lecture (1ère assemblée saisie) - n° 2765,718,,Non renseigné,Après l'article 14,Première délibération,Fégné Denis,,Séance publique,1ère lecture (1ère assemblée saisie),https://www.assemblee-nationale.fr/dyn/17/amendements/2765/AN/718,https://www.assemblee-nationale.fr/dyn/opendata/AMANR5L17PO838901BTC2765P0D1N000718.xml
PROTECTION ET SOUVERAINETÉ AGRICOLES,Amendement n° 728 - PROTECTION ET SOUVERAINETÉ AGRICOLES - 1ère lecture (1ère assemblée saisie) - n° 2765,728,,Non renseigné,Article 14,Première délibération,Kervran Loïc,,Séance publique,1ère lecture (1ère assemblée saisie),https://www.assemblee-nationale.fr/dyn/17/amendements/2765/AN/728,https://www.assemblee-nationale.fr/dyn/opendata/AMANR5L17PO838901BTC2765P0D1N000728.xml
PROTECTION ET SOUVERAINETÉ AGRICOLES,Amendement n° 729 - PROTECTION ET SOUVERAINETÉ AGRICOLES - 1ère lecture (1ère assemblée saisie) - n° 2765,729,,Non renseigné,Après l'article 14,Première délibération,Kervran Loïc,,Séance publique,1ère lecture (1ère assemblée saisie),https://www.assemblee-nationale.fr/dyn/17/amendements/2765/AN/729,https://www.assemblee-nationale.fr/dyn/opendata/AMANR5L17PO838901BTC2765P0D1N000729.xml
PROTECTION ET SOUVERAINETÉ AGRICOLES,Amendement n° 730 - PROTECTION ET SOUVERAINETÉ AGRICOLES - 1ère lecture (1ère assemblée saisie) - n° 2765,730,,Non renseigné,Article 14,Première délibération,Kervran Loïc,,Séance publique,1ère lecture (1ère assemblée saisie),https://www.assemblee-nationale.fr/dyn/17/amendements/2765/AN/730,https://www.assemblee-nationale.fr/dyn/opendata/AMANR5L17PO838901BTC2765P0D1N000730.xml
PROTECTION ET SOUVERAINETÉ AGRICOLES,Amendement n° 75 - PROTECTION ET SOUVERAINETÉ AGRICOLES - 1ère lecture (1ère assemblée saisie) - n° 2765,75,,Non renseigné,Article 14,Première délibération,Pochon Marie,"  Mme Voynet, M. Biteau, Mme Belluco, M. Nicolas Bonnet, Mme Ozenne, M. Raux, M. Thierry, M. Amirshahi, Mme Arrighi, Mme Autain, Mme Balage El Mariky, Mme Batho, M. Ben Cheikh, M. Arnaud Bonnet, Mme Chatelain, M. Corbière, M. Davi, M. Duplessy, M. Fournier, Mme Garin, M. Damien Girard, M. Gustave, Mme Catherine Hervieu, M. Iordanoff, Mme Laernoes, M. Lahais, M. Lucas-Lundy, M. Peytavie, Mme Regol, M. Roumégas, Mme Sandrine Rousseau, M. Ruffin, Mme Sas, Mme Sebaihi, Mme Simonnet, Mme Taillé-Polian et M. Tavernier",Séance publique,1ère lecture (1ère assemblée saisie),https://www.assemblee-nationale.fr/dyn/17/amendements/2765/AN/75,https://www.assemblee-nationale.fr/dyn/opendata/AMANR5L17PO838901BTC2765P0D1N000075.xml
PROTECTION ET SOUVERAINETÉ AGRICOLES,Amendement n° 752 - PROTECTION ET SOUVERAINETÉ AGRICOLES - 1ère lecture (1ère assemblée saisie) - n° 2765,752,,Non renseigné,Article 14,Première délibération,Roseren Xavier,,Séance publique,1ère lecture (1ère assemblée saisie),https://www.assemblee-nationale.fr/dyn/17/amendements/2765/AN/752,https://www.assemblee-nationale.fr/dyn/opendata/AMANR5L17PO838901BTC2765P0D1N000752.xml
PROTECTION ET SOUVERAINETÉ AGRICOLES,Amendement n° 753 - PROTECTION ET SOUVERAINETÉ AGRICOLES - 1ère lecture (1ère assemblée saisie) - n° 2765,753,,Non renseigné,Article 14,Première délibération,Roseren Xavier,,Séance publique,1ère lecture (1ère assemblée saisie),https://www.assemblee-nationale.fr/dyn/17/amendements/2765/AN/753,https://www.assemblee-nationale.fr/dyn/opendata/AMANR5L17PO838901BTC2765P0D1N000753.xml
PROTECTION ET SOUVERAINETÉ AGRICOLES,Amendement n° 754 - PROTECTION ET SOUVERAINETÉ AGRICOLES - 1ère lecture (1ère assemblée saisie) - n° 2765,754,,Non renseigné,Article 14,Première délibération,Roseren Xavier,,Séance publique,1ère lecture (1ère assemblée saisie),https://www.assemblee-nationale.fr/dyn/17/amendements/2765/AN/754,https://www.assemblee-nationale.fr/dyn/opendata/AMANR5L17PO838901BTC2765P0D1N000754.xml
PROTECTION ET SOUVERAINETÉ AGRICOLES,Amendement n° 755 - PROTECTION ET SOUVERAINETÉ AGRICOLES - 1ère lecture (1ère assemblée saisie) - n° 2765,755,,Non renseigné,Article 14,Première délibération,Roseren Xavier,,Séance publique,1ère lecture (1ère assemblée saisie),https://www.assemblee-nationale.fr/dyn/17/amendements/2765/AN/755,https://www.assemblee-nationale.fr/dyn/opendata/AMANR5L17PO838901BTC2765P0D1N000755.xml
PROTECTION ET SOUVERAINETÉ AGRICOLES,Amendement n° 756 - PROTECTION ET SOUVERAINETÉ AGRICOLES - 1ère lecture (1ère assemblée saisie) - n° 2765,756,,Non renseigné,Article 14,Première délibération,Roseren Xavier,,Séance publique,1ère lecture (1ère assemblée saisie),https://www.assemblee-nationale.fr/dyn/17/amendements/2765/AN/756,https://www.assemblee-nationale.fr/dyn/opendata/AMANR5L17PO838901BTC2765P0D1N000756.xml
PROTECTION ET SOUVERAINETÉ AGRICOLES,Amendement n° 757 - PROTECTION ET SOUVERAINETÉ AGRICOLES - 1ère lecture (1ère assemblée saisie) - n° 2765,757,,Non renseigné,Article 14,Première délibération,Roseren Xavier,,Séance publique,1ère lecture (1ère assemblée saisie),https://www.assemblee-nationale.fr/dyn/17/amendements/2765/AN/757,https://www.assemblee-nationale.fr/dyn/opendata/AMANR5L17PO838901BTC2765P0D1N000757.xml
PROTECTION ET SOUVERAINETÉ AGRICOLES,Amendement n° 758 - PROTECTION ET SOUVERAINETÉ AGRICOLES - 1ère lecture (1ère assemblée saisie) - n° 2765,758,,Non renseigné,Article 14,Première délibération,Roseren Xavier,,Séance publique,1ère lecture (1ère assemblée saisie),https://www.assemblee-nationale.fr/dyn/17/amendements/2765/AN/758,https://www.assemblee-nationale.fr/dyn/opendata/AMANR5L17PO838901BTC2765P0D1N000758.xml
PROTECTION ET SOUVERAINETÉ AGRICOLES,Amendement n° 759 - PROTECTION ET SOUVERAINETÉ AGRICOLES - 1ère lecture (1ère assemblée saisie) - n° 2765,759,,Non renseigné,Article 14,Première délibération,Roseren Xavier,,Séance publique,1ère lecture (1ère assemblée saisie),https://www.assemblee-nationale.fr/dyn/17/amendements/2765/AN/759,https://www.assemblee-nationale.fr/dyn/opendata/AMANR5L17PO838901BTC2765P0D1N000759.xml
PROTECTION ET SOUVERAINETÉ AGRICOLES,Amendement n° 76 - PROTECTION ET SOUVERAINETÉ AGRICOLES - 1ère lecture (1ère assemblée saisie) - n° 2765,76,,Non renseigné,Article 14,Première délibération,Pochon Marie,"  Mme Voynet, M. Biteau, Mme Belluco, M. Nicolas Bonnet, Mme Ozenne, M. Raux, M. Thierry, M. Amirshahi, Mme Arrighi, Mme Autain, Mme Balage El Mariky, M. Ben Cheikh, M. Arnaud Bonnet, Mme Chatelain, M. Corbière, M. Davi, M. Duplessy, M. Fournier, Mme Garin, M. Damien Girard, M. Gustave, Mme Catherine Hervieu, M. Iordanoff, Mme Laernoes, M. Lahais, M. Lucas-Lundy, M. Peytavie, Mme Regol, M. Roumégas, Mme Sandrine Rousseau, M. Ruffin, Mme Sas, Mme Sebaihi, Mme Simonnet, Mme Taillé-Polian et M. Tavernier",Séance publique,1ère lecture (1ère assemblée saisie),https://www.assemblee-nationale.fr/dyn/17/amendements/2765/AN/76,https://www.assemblee-nationale.fr/dyn/opendata/AMANR5L17PO838901BTC2765P0D1N000076.xml
PROTECTION ET SOUVERAINETÉ AGRICOLES,Amendement n° 760 - PROTECTION ET SOUVERAINETÉ AGRICOLES - 1ère lecture (1ère assemblée saisie) - n° 2765,760,,Non renseigné,Article 14,Première délibération,Roseren Xavier,,Séance publique,1ère lecture (1ère assemblée saisie),https://www.assemblee-nationale.fr/dyn/17/amendements/2765/AN/760,https://www.assemblee-nationale.fr/dyn/opendata/AMANR5L17PO838901BTC2765P0D1N000760.xml
PROTECTION ET SOUVERAINETÉ AGRICOLES,Amendement n° 761 - PROTECTION ET SOUVERAINETÉ AGRICOLES - 1ère lecture (1ère assemblée saisie) - n° 2765,761,,Non renseigné,Article 14,Première délibération,Roseren Xavier,,Séance publique,1ère lecture (1ère assemblée saisie),https://www.assemblee-nationale.fr/dyn/17/amendements/2765/AN/761,https://www.assemblee-nationale.fr/dyn/opendata/AMANR5L17PO838901BTC2765P0D1N000761.xml
PROTECTION ET SOUVERAINETÉ AGRICOLES,Amendement n° 762 - PROTECTION ET SOUVERAINETÉ AGRICOLES - 1ère lecture (1ère assemblée saisie) - n° 2765,762,,Non renseigné,Article 14,Première délibération,Roseren Xavier,,Séance publique,1ère lecture (1ère assemblée saisie),https://www.assemblee-nationale.fr/dyn/17/amendements/2765/AN/762,https://www.assemblee-nationale.fr/dyn/opendata/AMANR5L17PO838901BTC2765P0D1N000762.xml
PROTECTION ET SOUVERAINETÉ AGRICOLES,Amendement n° 763 - PROTECTION ET SOUVERAINETÉ AGRICOLES - 1ère lecture (1ère assemblée saisie) - n° 2765,763,,Non renseigné,Article 14,Première délibération,Roseren Xavier,,Séance publique,1ère lecture (1ère assemblée saisie),https://www.assemblee-nationale.fr/dyn/17/amendements/2765/AN/763,https://www.assemblee-nationale.fr/dyn/opendata/AMANR5L17PO838901BTC2765P0D1N000763.xml
PROTECTION ET SOUVERAINETÉ AGRICOLES,Amendement n° 764 - PROTECTION ET SOUVERAINETÉ AGRICOLES - 1ère lecture (1ère assemblée saisie) - n° 2765,764,,Non renseigné,Article 14,Première délibération,Roseren Xavier,,Séance publique,1ère lecture (1ère assemblée saisie),https://www.assemblee-nationale.fr/dyn/17/amendements/2765/AN/764,https://www.assemblee-nationale.fr/dyn/opendata/AMANR5L17PO838901BTC2765P0D1N000764.xml
PROTECTION ET SOUVERAINETÉ AGRICOLES,Amendement n° 765 - PROTECTION ET SOUVERAINETÉ AGRICOLES - 1ère lecture (1ère assemblée saisie) - n° 2765,765,,Non renseigné,Article 14,Première délibération,Roseren Xavier,,Séance publique,1ère lecture (1ère assemblée saisie),https://www.assemblee-nationale.fr/dyn/17/amendements/2765/AN/765,https://www.assemblee-nationale.fr/dyn/opendata/AMANR5L17PO838901BTC2765P0D1N000765.xml
PROTECTION ET SOUVERAINETÉ AGRICOLES,Amendement n° 766 - PROTECTION ET SOUVERAINETÉ AGRICOLES - 1ère lecture (1ère assemblée saisie) - n° 2765,766,,Non renseigné,Article 14,Première délibération,Roseren Xavier,,Séance publique,1ère lecture (1ère assemblée saisie),https://www.assemblee-nationale.fr/dyn/17/amendements/2765/AN/766,https://www.assemblee-nationale.fr/dyn/opendata/AMANR5L17PO838901BTC2765P0D1N000766.xml
PROTECTION ET SOUVERAINETÉ AGRICOLES,Amendement n° 77 - PROTECTION ET SOUVERAINETÉ AGRICOLES - 1ère lecture (1ère assemblée saisie) - n° 2765,77,,Non renseigné,Article 14,Première délibération,Pochon Marie,"  Mme Voynet, M. Biteau, Mme Belluco, M. Nicolas Bonnet, Mme Ozenne, M. Raux, M. Thierry, M. Amirshahi, Mme Arrighi, Mme Autain, Mme Balage El Mariky, M. Ben Cheikh, M. Arnaud Bonnet, Mme Chatelain, M. Corbière, M. Davi, M. Duplessy, M. Fournier, Mme Garin, M. Damien Girard, M. Gustave, Mme Catherine Hervieu, M. Iordanoff, Mme Laernoes, M. Lahais, M. Lucas-Lundy, M. Peytavie, Mme Regol, M. Roumégas, Mme Sandrine Rousseau, M. Ruffin, Mme Sas, Mme Sebaihi, Mme Simonnet, Mme Taillé-Polian et M. Tavernier",Séance publique,1ère lecture (1ère assemblée saisie),https://www.assemblee-nationale.fr/dyn/17/amendements/2765/AN/77,https://www.assemblee-nationale.fr/dyn/opendata/AMANR5L17PO838901BTC2765P0D1N000077.xml
PROTECTION ET SOUVERAINETÉ AGRICOLES,Amendement n° 78 - PROTECTION ET SOUVERAINETÉ AGRICOLES - 1ère lecture (1ère assemblée saisie) - n° 2765,78,,Non renseigné,Article 14,Première délibération,Pochon Marie,"  Mme Voynet, M. Biteau, Mme Belluco, M. Nicolas Bonnet, Mme Ozenne, M. Raux, M. Thierry, M. Tavernier, M. Amirshahi, Mme Arrighi, Mme Autain, Mme Balage El Mariky, M. Ben Cheikh, M. Arnaud Bonnet, Mme Chatelain, M. Corbière, M. Davi, M. Duplessy, M. Fournier, Mme Garin, M. Damien Girard, M. Gustave, Mme Catherine Hervieu, M. Iordanoff, Mme Laernoes, M. Lahais, M. Lucas-Lundy, M. Peytavie, Mme Regol, M. Roumégas, Mme Sandrine Rousseau, M. Ruffin, Mme Sas, Mme Sebaihi, Mme Simonnet et Mme Taillé-Polian",Séance publique,1ère lecture (1ère assemblée saisie),https://www.assemblee-nationale.fr/dyn/17/amendements/2765/AN/78,https://www.assemblee-nationale.fr/dyn/opendata/AMANR5L17PO838901BTC2765P0D1N000078.xml
PROTECTION ET SOUVERAINETÉ AGRICOLES,Amendement n° 789 - PROTECTION ET SOUVERAINETÉ AGRICOLES - 1ère lecture (1ère assemblée saisie) - n° 2765,789,,Non renseigné,Article 14,Première délibération,Grenon Daniel,,Séance publique,1ère lecture (1ère assemblée saisie),https://www.assemblee-nationale.fr/dyn/17/amendements/2765/AN/789,https://www.assemblee-nationale.fr/dyn/opendata/AMANR5L17PO838901BTC2765P0D1N000789.xml
PROTECTION ET SOUVERAINETÉ AGRICOLES,Amendement n° 79 - PROTECTION ET SOUVERAINETÉ AGRICOLES - 1ère lecture (1ère assemblée saisie) - n° 2765,79,,Non renseigné,Article 14,Première délibération,Pochon Marie,"  Mme Voynet, M. Biteau, Mme Belluco, M. Nicolas Bonnet, Mme Ozenne, M. Raux, M. Thierry, M. Amirshahi, Mme Arrighi, Mme Autain, Mme Balage El Mariky, M. Ben Cheikh, M. Arnaud Bonnet, Mme Chatelain, M. Corbière, M. Davi, M. Duplessy, M. Fournier, Mme Garin, M. Damien Girard, M. Gustave, Mme Catherine Hervieu, M. Iordanoff, Mme Laernoes, M. Lahais, M. Lucas-Lundy, M. Peytavie, Mme Regol, M. Roumégas, Mme Sandrine Rousseau, M. Ruffin, Mme Sas, Mme Sebaihi, Mme Simonnet, Mme Taillé-Polian et M. Tavernier",Séance publique,1ère lecture (1ère assemblée saisie),https://www.assemblee-nationale.fr/dyn/17/amendements/2765/AN/79,https://www.assemblee-nationale.fr/dyn/opendata/AMANR5L17PO838901BTC2765P0D1N000079.xml
PROTECTION ET SOUVERAINETÉ AGRICOLES,Amendement n° 790 - PROTECTION ET SOUVERAINETÉ AGRICOLES - 1ère lecture (1ère assemblée saisie) - n° 2765,790,,Non renseigné,Article 14,Première délibération,Grenon Daniel,,Séance publique,1ère lecture (1ère assemblée saisie),https://www.assemblee-nationale.fr/dyn/17/amendements/2765/AN/790,https://www.assemblee-nationale.fr/dyn/opendata/AMANR5L17PO838901BTC2765P0D1N000790.xml
PROTECTION ET SOUVERAINETÉ AGRICOLES,Amendement n° 791 - PROTECTION ET SOUVERAINETÉ AGRICOLES - 1ère lecture (1ère assemblée saisie) - n° 2765,791,,Non renseigné,Article 14,Première délibération,Grenon Daniel,,Séance publique,1ère lecture (1ère assemblée saisie),https://www.assemblee-nationale.fr/dyn/17/amendements/2765/AN/791,https://www.assemblee-nationale.fr/dyn/opendata/AMANR5L17PO838901BTC2765P0D1N000791.xml
PROTECTION ET SOUVERAINETÉ AGRICOLES,Amendement n° 792 - PROTECTION ET SOUVERAINETÉ AGRICOLES - 1ère lecture (1ère assemblée saisie) - n° 2765,792,,Non renseigné,Article 14,Première délibération,Grenon Daniel,,Séance publique,1ère lecture (1ère assemblée saisie),https://www.assemblee-nationale.fr/dyn/17/amendements/2765/AN/792,https://www.assemblee-nationale.fr/dyn/opendata/AMANR5L17PO838901BTC2765P0D1N000792.xml
PROTECTION ET SOUVERAINETÉ AGRICOLES,Amendement n° 80 - PROTECTION ET SOUVERAINETÉ AGRICOLES - 1ère lecture (1ère assemblée saisie) - n° 2765,80,,Non renseigné,Article 14,Première délibération,Pochon Marie,"  Mme Voynet, M. Biteau, M. Nicolas Bonnet, Mme Ozenne, M. Raux, M. Thierry, M. Amirshahi, Mme Arrighi, Mme Autain, Mme Balage El Mariky, Mme Belluco, M. Ben Cheikh, M. Arnaud Bonnet, Mme Chatelain, M. Corbière, M. Davi, M. Duplessy, M. Fournier, Mme Garin, M. Damien Girard, M. Gustave, Mme Catherine Hervieu, M. Iordanoff, Mme Laernoes, M. Lahais, M. Lucas-Lundy, M. Peytavie, Mme Regol, M. Roumégas, Mme Sandrine Rousseau, M. Ruffin, Mme Sas, Mme Sebaihi, Mme Simonnet, Mme Taillé-Polian et M. Tavernier",Séance publique,1ère lecture (1ère assemblée saisie),https://www.assemblee-nationale.fr/dyn/17/amendements/2765/AN/80,https://www.assemblee-nationale.fr/dyn/opendata/AMANR5L17PO838901BTC2765P0D1N000080.xml
PROTECTION ET SOUVERAINETÉ AGRICOLES,Amendement n° 81 - PROTECTION ET SOUVERAINETÉ AGRICOLES - 1ère lecture (1ère assemblée saisie) - n° 2765,81,,Non renseigné,Article 14,Première délibération,Pochon Marie,"  Mme Voynet, M. Biteau, Mme Belluco, M. Nicolas Bonnet, Mme Ozenne, M. Raux, M. Thierry, M. Amirshahi, Mme Arrighi, Mme Autain, Mme Balage El Mariky, M. Ben Cheikh, M. Arnaud Bonnet, Mme Chatelain, M. Corbière, M. Davi, M. Duplessy, M. Fournier, Mme Garin, M. Damien Girard, M. Gustave, Mme Catherine Hervieu, M. Iordanoff, Mme Laernoes, M. Lahais, M. Lucas-Lundy, M. Peytavie, Mme Regol, M. Roumégas, Mme Sandrine Rousseau, M. Ruffin, Mme Sas, Mme Sebaihi, Mme Simonnet, Mme Taillé-Polian et M. Tavernier",Séance publique,1ère lecture (1ère assemblée saisie),https://www.assemblee-nationale.fr/dyn/17/amendements/2765/AN/81,https://www.assemblee-nationale.fr/dyn/opendata/AMANR5L17PO838901BTC2765P0D1N000081.xml
PROTECTION ET SOUVERAINETÉ AGRICOLES,Amendement n° 82 - PROTECTION ET SOUVERAINETÉ AGRICOLES - 1ère lecture (1ère assemblée saisie) - n° 2765,82,,Non renseigné,Article 14,Première délibération,Pochon Marie,"  Mme Voynet, M. Biteau, Mme Belluco, M. Nicolas Bonnet, Mme Ozenne, M. Raux, M. Thierry, M. Amirshahi, Mme Arrighi, Mme Autain, Mme Balage El Mariky, M. Ben Cheikh, M. Arnaud Bonnet, Mme Chatelain, M. Corbière, M. Davi, M. Duplessy, M. Fournier, Mme Garin, M. Damien Girard, M. Gustave, Mme Catherine Hervieu, M. Iordanoff, Mme Laernoes, M. Lahais, M. Lucas-Lundy, M. Peytavie, Mme Regol, M. Roumégas, Mme Sandrine Rousseau, M. Ruffin, Mme Sas, Mme Sebaihi, Mme Simonnet, Mme Taillé-Polian et M. Tavernier",Séance publique,1ère lecture (1ère assemblée saisie),https://www.assemblee-nationale.fr/dyn/17/amendements/2765/AN/82,https://www.assemblee-nationale.fr/dyn/opendata/AMANR5L17PO838901BTC2765P0D1N000082.xml
PROTECTION ET SOUVERAINETÉ AGRICOLES,Amendement n° 83 - PROTECTION ET SOUVERAINETÉ AGRICOLES - 1ère lecture (1ère assemblée saisie) - n° 2765,83,,Non renseigné,Article 14,Première délibération,Pochon Marie,"  Mme Voynet, M. Biteau, Mme Belluco, M. Nicolas Bonnet, Mme Ozenne, M. Raux, M. Thierry, M. Amirshahi, Mme Arrighi, Mme Autain, Mme Balage El Mariky, M. Ben Cheikh, M. Arnaud Bonnet, Mme Chatelain, M. Corbière, M. Davi, M. Duplessy, M. Fournier, Mme Garin, M. Damien Girard, M. Gustave, Mme Catherine Hervieu, M. Iordanoff, Mme Laernoes, M. Lahais, M. Lucas-Lundy, M. Peytavie, Mme Regol, M. Roumégas, Mme Sandrine Rousseau, M. Ruffin, Mme Sas, Mme Sebaihi, Mme Simonnet, Mme Taillé-Polian et M. Tavernier",Séance publique,1ère lecture (1ère assemblée saisie),https://www.assemblee-nationale.fr/dyn/17/amendements/2765/AN/83,https://www.assemblee-nationale.fr/dyn/opendata/AMANR5L17PO838901BTC2765P0D1N000083.xml
PROTECTION ET SOUVERAINETÉ AGRICOLES,Amendement n° 84 - PROTECTION ET SOUVERAINETÉ AGRICOLES - 1ère lecture (1ère assemblée saisie) - n° 2765,84,,Non renseigné,Article 14,Première délibération,Pochon Marie,"  Mme Voynet, M. Biteau, Mme Belluco, M. Nicolas Bonnet, Mme Ozenne, M. Raux, M. Thierry, M. Amirshahi, Mme Arrighi, Mme Autain, Mme Balage El Mariky, M. Ben Cheikh, M. Arnaud Bonnet, Mme Chatelain, M. Corbière, M. Davi, M. Duplessy, M. Fournier, Mme Garin, M. Damien Girard, M. Gustave, Mme Catherine Hervieu, M. Iordanoff, Mme Laernoes, M. Lahais, M. Lucas-Lundy, M. Peytavie, Mme Regol, M. Roumégas, Mme Sandrine Rousseau, M. Ruffin, Mme Sas, Mme Sebaihi, Mme Simonnet, Mme Taillé-Polian et M. Tavernier",Séance publique,1ère lecture (1ère assemblée saisie),https://www.assemblee-nationale.fr/dyn/17/amendements/2765/AN/84,https://www.assemblee-nationale.fr/dyn/opendata/AMANR5L17PO838901BTC2765P0D1N000084.xml
PROTECTION ET SOUVERAINETÉ AGRICOLES,Amendement n° 857 - PROTECTION ET SOUVERAINETÉ AGRICOLES - 1ère lecture (1ère assemblée saisie) - n° 2765,857,,Non renseigné,Après l'article 14,Première délibération,Gouvernement,,Séance publique,1ère lecture (1ère assemblée saisie),https://www.assemblee-nationale.fr/dyn/17/amendements/2765/AN/857,https://www.assemblee-nationale.fr/dyn/opendata/AMANR5L17PO838901BTC2765P0D1N000857.xml
PROTECTION ET SOUVERAINETÉ AGRICOLES,Amendement n° 86 - PROTECTION ET SOUVERAINETÉ AGRICOLES - 1ère lecture (1ère assemblée saisie) - n° 2765,86,,Non renseigné,Article 14,Première délibération,Pochon Marie,"  Mme Voynet, M. Biteau, Mme Belluco, M. Nicolas Bonnet, Mme Ozenne, M. Raux, M. Thierry, M. Amirshahi, Mme Arrighi, Mme Autain, Mme Balage El Mariky, M. Ben Cheikh, M. Arnaud Bonnet, Mme Chatelain, M. Corbière, M. Davi, M. Duplessy, M. Fournier, Mme Garin, M. Damien Girard, M. Gustave, Mme Catherine Hervieu, M. Iordanoff, Mme Laernoes, M. Lahais, M. Lucas-Lundy, M. Peytavie, Mme Regol, M. Roumégas, Mme Sandrine Rousseau, M. Ruffin, Mme Sas, Mme Sebaihi, Mme Simonnet, Mme Taillé-Polian et M. Tavernier",Séance publique,1ère lecture (1ère assemblée saisie),https://www.assemblee-nationale.fr/dyn/17/amendements/2765/AN/86,https://www.assemblee-nationale.fr/dyn/opendata/AMANR5L17PO838901BTC2765P0D1N000086.xml
PROTECTION ET SOUVERAINETÉ AGRICOLES,Amendement n° 87 - PROTECTION ET SOUVERAINETÉ AGRICOLES - 1ère lecture (1ère assemblée saisie) - n° 2765,87,,Non renseigné,Article 14,Première délibération,Pochon Marie,"  Mme Voynet, M. Biteau, Mme Belluco, M. Nicolas Bonnet, Mme Ozenne, M. Raux, M. Thierry, M. Amirshahi, Mme Arrighi, Mme Autain, Mme Balage El Mariky, M. Ben Cheikh, M. Arnaud Bonnet, Mme Chatelain, M. Corbière, M. Davi, M. Duplessy, M. Fournier, Mme Garin, M. Damien Girard, M. Gustave, Mme Catherine Hervieu, M. Iordanoff, Mme Laernoes, M. Lahais, M. Lucas-Lundy, M. Peytavie, Mme Regol, M. Roumégas, Mme Sandrine Rousseau, M. Ruffin, Mme Sas, Mme Sebaihi, Mme Simonnet, Mme Taillé-Polian et M. Tavernier",Séance publique,1ère lecture (1ère assemblée saisie),https://www.assemblee-nationale.fr/dyn/17/amendements/2765/AN/87,https://www.assemblee-nationale.fr/dyn/opendata/AMANR5L17PO838901BTC2765P0D1N000087.xml
PROTECTION ET SOUVERAINETÉ AGRICOLES,Amendement n° 88 - PROTECTION ET SOUVERAINETÉ AGRICOLES - 1ère lecture (1ère assemblée saisie) - n° 2765,88,,Non renseigné,Article 14,Première délibération,Pochon Marie,"  Mme Voynet, M. Biteau, Mme Belluco, M. Nicolas Bonnet, Mme Ozenne, M. Raux, M. Peytavie, M. Tavernier, M. Thierry, M. Amirshahi, Mme Arrighi, Mme Autain, Mme Balage El Mariky, M. Ben Cheikh, M. Arnaud Bonnet, Mme Chatelain, M. Corbière, M. Davi, M. Duplessy, M. Fournier, Mme Garin, M. Damien Girard, M. Gustave, Mme Catherine Hervieu, M. Iordanoff, Mme Laernoes, M. Lahais, M. Lucas-Lundy, Mme Regol, M. Roumégas, Mme Sandrine Rousseau, M. Ruffin, Mme Sas, Mme Sebaihi, Mme Simonnet et Mme Taillé-Polian",Séance publique,1ère lecture (1ère assemblée saisie),https://www.assemblee-nationale.fr/dyn/17/amendements/2765/AN/88,https://www.assemblee-nationale.fr/dyn/opendata/AMANR5L17PO838901BTC2765P0D1N000088.xml
PROTECTION ET SOUVERAINETÉ AGRICOLES,Amendement n° 89 - PROTECTION ET SOUVERAINETÉ AGRICOLES - 1ère lecture (1ère assemblée saisie) - n° 2765,89,,Non renseigné,Article 14,Première délibération,Tivoli Lionel,,Séance publique,1ère lecture (1ère assemblée saisie),https://www.assemblee-nationale.fr/dyn/17/amendements/2765/AN/89,https://www.assemblee-nationale.fr/dyn/opendata/AMANR5L17PO838901BTC2765P0D1N000089.xml
PROTECTION ET SOUVERAINETÉ AGRICOLES,Amendement n° 893 - PROTECTION ET SOUVERAINETÉ AGRICOLES - 1ère lecture (1ère assemblée saisie) - n° 2765,893,,Non renseigné,Article 14,Première délibération,Rossi Valérie,"  Mme Pantel, Mme Allemand, Mme Thomin, Mme Battistel, M. Potier, M. Delautrette, M. Dufau, M. Echaniz, M. Benbrahim, M. Eskenazi, M. Fégné, Mme Jourdan, M. Leseul, M. Barusseau, M. Lhardit, M. Naillet, M. Delaporte, M. Garot, Mme Got, M. Roussel, M. Aviragnet, M. Baptiste, M. Baumel, M. Belhaddad, Mme Bellay, M. Bouloux, Mme Bregman, M. Philippe Brun, M. Califer, Mme Capdevielle, M. Christophle, M. Courbon, M. David, Mme Diop, Mme Dombre Coste, M. Faure, Mme Froger, Mme Godard, M. Guedj, M. Hablot, Mme Hadizadeh, Mme Herouin-Léautey, Mme Céline Hervieu, M. Hollande, M. Houlié, Mme Karamanli, Mme Keloua Hachi, Mme Mercier, M. Oberti, M. Pena, Mme Pic, Mme Pirès Beaune, M. Pribetich, M. Proença, Mme Récalde, Mme Rouaux, M. Aurélien Rousseau, Mme Runel, M. Saint-Pasteur, Mme Santiago, M. Saulignac, M. Simion, M. Sother, Mme Thiébault-Martinez, M. Vallaud, M. Vicot, M. William et les membres du groupe Socialistes et apparentés",Séance publique,1ère lecture (1ère assemblée saisie),https://www.assemblee-nationale.fr/dyn/17/amendements/2765/AN/893,https://www.assemblee-nationale.fr/dyn/opendata/AMANR5L17PO838901BTC2765P0D1N000893.xml
PROTECTION ET SOUVERAINETÉ AGRICOLES,Amendement n° 894 - PROTECTION ET SOUVERAINETÉ AGRICOLES - 1ère lecture (1ère assemblée saisie) - n° 2765,894,,Non renseigné,Article 14,Première délibération,Rossi Valérie,"  Mme Pantel, Mme Allemand, Mme Thomin, Mme Battistel, M. Potier, M. Delautrette, M. Dufau, M. Echaniz, M. Benbrahim, M. Eskenazi, M. Fégné, Mme Jourdan, M. Leseul, M. Barusseau, M. Lhardit, M. Naillet, M. Delaporte, M. Garot, Mme Got, M. Roussel, M. Aviragnet, M. Baptiste, M. Baumel, M. Belhaddad, Mme Bellay, M. Bouloux, Mme Bregman, M. Philippe Brun, M. Califer, Mme Capdevielle, M. Christophle, M. Courbon, M. David, Mme Diop, Mme Dombre Coste, M. Faure, Mme Froger, Mme Godard, M. Guedj, M. Hablot, Mme Hadizadeh, Mme Herouin-Léautey, Mme Céline Hervieu, M. Hollande, M. Houlié, Mme Karamanli, Mme Keloua Hachi, Mme Mercier, M. Oberti, M. Pena, Mme Pic, Mme Pirès Beaune, M. Pribetich, M. Proença, Mme Récalde, Mme Rouaux, M. Aurélien Rousseau, Mme Runel, M. Saint-Pasteur, Mme Santiago, M. Saulignac, M. Simion, M. Sother, Mme Thiébault-Martinez, M. Vallaud, M. Vicot, M. William et les membres du groupe Socialistes et apparentés",Séance publique,1ère lecture (1ère assemblée saisie),https://www.assemblee-nationale.fr/dyn/17/amendements/2765/AN/894,https://www.assemblee-nationale.fr/dyn/opendata/AMANR5L17PO838901BTC2765P0D1N000894.xml
PROTECTION ET SOUVERAINETÉ AGRICOLES,Amendement n° 895 - PROTECTION ET SOUVERAINETÉ AGRICOLES - 1ère lecture (1ère assemblée saisie) - n° 2765,895,,Non renseigné,Article 14,Première délibération,Pantel Sophie,"  Mme Allemand, Mme Thomin, Mme Battistel, M. Potier, M. Delautrette, M. Dufau, M. Echaniz, M. Benbrahim, M. Eskenazi, M. Fégné, Mme Jourdan, M. Leseul, M. Barusseau, M. Lhardit, M. Naillet, M. Delaporte, M. Garot, Mme Got, Mme Rossi, M. Roussel, M. Aviragnet, M. Baptiste, M. Baumel, M. Belhaddad, Mme Bellay, M. Bouloux, Mme Bregman, M. Philippe Brun, M. Califer, Mme Capdevielle, M. Christophle, M. Courbon, M. David, Mme Diop, Mme Dombre Coste, M. Faure, Mme Froger, Mme Godard, M. Guedj, M. Hablot, Mme Hadizadeh, Mme Herouin-Léautey, Mme Céline Hervieu, M. Hollande, M. Houlié, Mme Karamanli, Mme Keloua Hachi, Mme Mercier, M. Oberti, M. Pena, Mme Pic, Mme Pirès Beaune, M. Pribetich, M. Proença, Mme Récalde, Mme Rouaux, M. Aurélien Rousseau, Mme Runel, M. Saint-Pasteur, Mme Santiago, M. Saulignac, M. Simion, M. Sother, Mme Thiébault-Martinez, M. Vallaud, M. Vicot et M. William",Séance publique,1ère lecture (1ère assemblée saisie),https://www.assemblee-nationale.fr/dyn/17/amendements/2765/AN/895,https://www.assemblee-nationale.fr/dyn/opendata/AMANR5L17PO838901BTC2765P0D1N000895.xml
PROTECTION ET SOUVERAINETÉ AGRICOLES,Amendement n° 896 - PROTECTION ET SOUVERAINETÉ AGRICOLES - 1ère lecture (1ère assemblée saisie) - n° 2765,896,,Non renseigné,Article 14,Première délibération,Pantel Sophie,"  Mme Allemand, Mme Thomin, Mme Battistel, M. Potier, M. Delautrette, M. Dufau, M. Echaniz, M. Benbrahim, M. Eskenazi, M. Fégné, Mme Jourdan, M. Leseul, M. Barusseau, M. Lhardit, M. Naillet, M. Delaporte, M. Garot, Mme Got, Mme Rossi, M. Roussel, M. Aviragnet, M. Baptiste, M. Baumel, M. Belhaddad, Mme Bellay, M. Bouloux, Mme Bregman, M. Philippe Brun, M. Califer, Mme Capdevielle, M. Christophle, M. Courbon, M. David, Mme Diop, Mme Dombre Coste, M. Faure, Mme Froger, Mme Godard, M. Guedj, M. Hablot, Mme Hadizadeh, Mme Herouin-Léautey, Mme Céline Hervieu, M. Hollande, M. Houlié, Mme Karamanli, Mme Keloua Hachi, Mme Mercier, M. Oberti, M. Pena, Mme Pic, Mme Pirès Beaune, M. Pribetich, M. Proença, Mme Récalde, Mme Rouaux, M. Aurélien Rousseau, Mme Runel, M. Saint-Pasteur, Mme Santiago, M. Saulignac, M. Simion, M. Sother, Mme Thiébault-Martinez, M. Vallaud, M. Vicot, M. William et les membres du groupe Socialistes et apparentés",Séance publique,1ère lecture (1ère assemblée saisie),https://www.assemblee-nationale.fr/dyn/17/amendements/2765/AN/896,https://www.assemblee-nationale.fr/dyn/opendata/AMANR5L17PO838901BTC2765P0D1N000896.xml
PROTECTION ET SOUVERAINETÉ AGRICOLES,Amendement n° 897 - PROTECTION ET SOUVERAINETÉ AGRICOLES - 1ère lecture (1ère assemblée saisie) - n° 2765,897,,Non renseigné,Article 14,Première délibération,Pantel Sophie,"  Mme Allemand, Mme Thomin, Mme Battistel, M. Potier, M. Delautrette, M. Dufau, M. Echaniz, M. Benbrahim, M. Eskenazi, M. Fégné, Mme Jourdan, M. Leseul, M. Barusseau, M. Lhardit, M. Naillet, M. Delaporte, M. Garot, Mme Got, Mme Rossi, M. Roussel, M. Aviragnet, M. Baptiste, M. Baumel, M. Belhaddad, Mme Bellay, M. Bouloux, Mme Bregman, M. Philippe Brun, M. Califer, Mme Capdevielle, M. Christophle, M. Courbon, M. David, Mme Diop, Mme Dombre Coste, M. Faure, Mme Froger, Mme Godard, M. Guedj, M. Hablot, Mme Hadizadeh, Mme Herouin-Léautey, Mme Céline Hervieu, M. Hollande, M. Houlié, Mme Karamanli, Mme Keloua Hachi, Mme Mercier, M. Oberti, M. Pena, Mme Pic, Mme Pirès Beaune, M. Pribetich, M. Proença, Mme Récalde, Mme Rouaux, M. Aurélien Rousseau, Mme Runel, M. Saint-Pasteur, Mme Santiago, M. Saulignac, M. Simion, M. Sother, Mme Thiébault-Martinez, M. Vallaud, M. Vicot, M. William et les membres du groupe Socialistes et apparentés",Séance publique,1ère lecture (1ère assemblée saisie),https://www.assemblee-nationale.fr/dyn/17/amendements/2765/AN/897,https://www.assemblee-nationale.fr/dyn/opendata/AMANR5L17PO838901BTC2765P0D1N000897.xml
PROTECTION ET SOUVERAINETÉ AGRICOLES,Amendement n° 898 - PROTECTION ET SOUVERAINETÉ AGRICOLES - 1ère lecture (1ère assemblée saisie) - n° 2765,898,,Non renseigné,Article 14,Première délibération,Pantel Sophie,"  Mme Allemand, Mme Thomin, Mme Battistel, M. Potier, M. Delautrette, M. Dufau, M. Echaniz, M. Benbrahim, M. Eskenazi, M. Fégné, Mme Jourdan, M. Leseul, M. Barusseau, M. Lhardit, M. Naillet, M. Delaporte, M. Garot, Mme Got, Mme Rossi, M. Roussel, M. Aviragnet, M. Baptiste, M. Baumel, M. Belhaddad, Mme Bellay, M. Bouloux, Mme Bregman, M. Philippe Brun, M. Califer, Mme Capdevielle, M. Christophle, M. Courbon, M. David, Mme Diop, Mme Dombre Coste, M. Faure, Mme Froger, Mme Godard, M. Guedj, M. Hablot, Mme Hadizadeh, Mme Herouin-Léautey, Mme Céline Hervieu, M. Hollande, M. Houlié, Mme Karamanli, Mme Keloua Hachi, Mme Mercier, M. Oberti, M. Pena, Mme Pic, Mme Pirès Beaune, M. Pribetich, M. Proença, Mme Récalde, Mme Rouaux, M. Aurélien Rousseau, Mme Runel, M. Saint-Pasteur, Mme Santiago, M. Saulignac, M. Simion, M. Sother, Mme Thiébault-Martinez, M. Vallaud, M. Vicot, M. William et les membres du groupe Socialistes et apparentés",Séance publique,1ère lecture (1ère assemblée saisie),https://www.assemblee-nationale.fr/dyn/17/amendements/2765/AN/898,https://www.assemblee-nationale.fr/dyn/opendata/AMANR5L17PO838901BTC2765P0D1N000898.xml
PROTECTION ET SOUVERAINETÉ AGRICOLES,Amendement n° 899 - PROTECTION ET SOUVERAINETÉ AGRICOLES - 1ère lecture (1ère assemblée saisie) - n° 2765,899,,Non renseigné,Article 14,Première délibération,Allemand Marie-José,"  Mme Pantel, Mme Thomin, Mme Battistel, M. Potier, M. Delautrette, M. Dufau, M. Echaniz, M. Benbrahim, M. Eskenazi, M. Fégné, Mme Jourdan, M. Leseul, M. Barusseau, M. Lhardit, M. Naillet, M. Delaporte, M. Garot, Mme Got, Mme Rossi, M. Roussel, M. Aviragnet, M. Baptiste, M. Baumel, M. Belhaddad, Mme Bellay, M. Bouloux, Mme Bregman, M. Philippe Brun, M. Califer, Mme Capdevielle, M. Christophle, M. Courbon, M. David, Mme Diop, Mme Dombre Coste, M. Faure, Mme Froger, Mme Godard, M. Guedj, M. Hablot, Mme Hadizadeh, Mme Herouin-Léautey, Mme Céline Hervieu, M. Hollande, M. Houlié, Mme Karamanli, Mme Keloua Hachi, Mme Mercier, M. Oberti, M. Pena, Mme Pic, Mme Pirès Beaune, M. Pribetich, M. Proença, Mme Récalde, Mme Rouaux, M. Aurélien Rousseau, Mme Runel, M. Saint-Pasteur, Mme Santiago, M. Saulignac, M. Simion, M. Sother, Mme Thiébault-Martinez, M. Vallaud, M. Vicot, M. William et les membres du groupe Socialistes et apparentés",Séance publique,1ère lecture (1ère assemblée saisie),https://www.assemblee-nationale.fr/dyn/17/amendements/2765/AN/899,https://www.assemblee-nationale.fr/dyn/opendata/AMANR5L17PO838901BTC2765P0D1N000899.xml
PROTECTION ET SOUVERAINETÉ AGRICOLES,Amendement n° 90 - PROTECTION ET SOUVERAINETÉ AGRICOLES - 1ère lecture (1ère assemblée saisie) - n° 2765,90,,Non renseigné,Article 14,Première délibération,Tivoli Lionel,"  M. Allisio, M. Amblard, Mme Auzanot, M. Ballard, Mme Bamana, M. Baubry, M. Beaurain, M. Bentz, M. Bernhardt, M. Bigot, M. Bilde, M. Blairy, Mme Blanc, M. Boccaletti, M. Boulogne, Mme Bouquin, M. Bovet, M. Buisson, M. Casterman, M. Chaumeil, M. Chenu, M. Chudeau, M. Clavet, Mme Colombier, Mme Da Conceicao Carvalho, M. de Fleurian, M. de Lépinau, Mme Dellong Meng, M. Dessigny, Mme Diaz, Mme Dogor-Such, M. Dragon, M. Dufosset, M. Dussausaye, M. Dutremble, M. Evrard, M. Falcon, M. Florquin, M. Fouquart, M. Frappé, M. Gabarron, Mme Galzy, M. Gery, M. Giletti, M. Gillet, M. Christian Girard, M. Golliot, M. Gonzalez, Mme Florence Goulet, Mme Grangier, Mme Griseti, M. Guibert, M. Guiniot, M. Guitton, Mme Hamelet, M. Houssin, M. Humbert, M. Jacobelli, M. Jenft, M. Jolly, Mme Joncour, M. Jordan, Mme Josserand, Mme Joubert, Mme Laporte, Mme Lavalette, M. Le Bourgeois, Mme Le Pen, Mme Lechanteux, Mme Lechon, Mme Lelouis, Mme Levavasseur, M. Limongi, M. Lioret, Mme Loir, Mme Lorho, M. Lottiaux, M. Loubet, M. David Magnier, Mme Marais-Beuil, M. Marchio, M. Markowsky, M. Patrice Martin, Mme Martinez, M. Mauvieux, M. Meizonnet, M. Meurin, M. Monnier, M. Muller, Mme Mélin, Mme Ménaché, M. Ménagé, M. Odoul, Mme Parmentier, M. Perez, M. Pfeffer, Mme Pollet, M. Rambaud, Mme Ranc, M. Rancoule, M. Renault, Mme Rimbert, M. Rivière, Mme Robert-Dehault, Mme Roullaud, Mme Roy, Mme Sabatini, M. Sabatou, M. Salmon, M. Schreck, Mme Sicard, M. Emmanuel Taché, M. Jean-Philippe Tanguy, M. Taverne, M. Tesson, M. Tomatis, M. Tonussi, M. Tribuiani, M. Villedieu, M. Vos et M. Weber",Séance publique,1ère lecture (1ère assemblée saisie),https://www.assemblee-nationale.fr/dyn/17/amendements/2765/AN/90,https://www.assemblee-nationale.fr/dyn/opendata/AMANR5L17PO838901BTC2765P0D1N000090.xml
PROTECTION ET SOUVERAINETÉ AGRICOLES,Amendement n° 900 - PROTECTION ET SOUVERAINETÉ AGRICOLES - 1ère lecture (1ère assemblée saisie) - n° 2765,900,,Non renseigné,Article 14,Première délibération,Rossi Valérie,"  Mme Pantel, Mme Allemand, Mme Thomin, Mme Battistel, M. Potier, M. Delautrette, M. Dufau, M. Echaniz, M. Benbrahim, M. Eskenazi, M. Fégné, Mme Jourdan, M. Leseul, M. Barusseau, M. Lhardit, M. Naillet, M. Delaporte, M. Garot, Mme Got, M. Roussel, M. Aviragnet, M. Baptiste, M. Baumel, M. Belhaddad, Mme Bellay, M. Bouloux, Mme Bregman, M. Philippe Brun, M. Califer, Mme Capdevielle, M. Christophle, M. Courbon, M. David, Mme Diop, Mme Dombre Coste, M. Faure, Mme Froger, Mme Godard, M. Guedj, M. Hablot, Mme Hadizadeh, Mme Herouin-Léautey, Mme Céline Hervieu, M. Hollande, M. Houlié, Mme Karamanli, Mme Keloua Hachi, Mme Mercier, M. Oberti, M. Pena, Mme Pic, Mme Pirès Beaune, M. Pribetich, M. Proença, Mme Récalde, Mme Rouaux, M. Aurélien Rousseau, Mme Runel, M. Saint-Pasteur, Mme Santiago, M. Saulignac, M. Simion, M. Sother, Mme Thiébault-Martinez, M. Vallaud, M. Vicot, M. William et les membres du groupe Socialistes et apparentés",Séance publique,1ère lecture (1ère assemblée saisie),https://www.assemblee-nationale.fr/dyn/17/amendements/2765/AN/900,https://www.assemblee-nationale.fr/dyn/opendata/AMANR5L17PO838901BTC2765P0D1N000900.xml
PROTECTION ET SOUVERAINETÉ AGRICOLES,Amendement n° 901 - PROTECTION ET SOUVERAINETÉ AGRICOLES - 1ère lecture (1ère assemblée saisie) - n° 2765,901,,Non renseigné,Article 14,Première délibération,Allemand Marie-José,"  Mme Pantel, Mme Thomin, Mme Battistel, M. Potier, M. Delautrette, M. Dufau, M. Echaniz, M. Benbrahim, M. Eskenazi, M. Fégné, Mme Jourdan, M. Leseul, M. Barusseau, M. Lhardit, M. Naillet, M. Delaporte, M. Garot, Mme Got, Mme Rossi, M. Roussel, M. Aviragnet, M. Baptiste, M. Baumel, M. Belhaddad, Mme Bellay, M. Bouloux, Mme Bregman, M. Philippe Brun, M. Califer, Mme Capdevielle, M. Christophle, M. Courbon, M. David, Mme Diop, Mme Dombre Coste, M. Faure, Mme Froger, Mme Godard, M. Guedj, M. Hablot, Mme Hadizadeh, Mme Herouin-Léautey, Mme Céline Hervieu, M. Hollande, M. Houlié, Mme Karamanli, Mme Keloua Hachi, Mme Mercier, M. Oberti, M. Pena, Mme Pic, Mme Pirès Beaune, M. Pribetich, M. Proença, Mme Récalde, Mme Rouaux, M. Aurélien Rousseau, Mme Runel, M. Saint-Pasteur, Mme Santiago, M. Saulignac, M. Simion, M. Sother, Mme Thiébault-Martinez, M. Vallaud, M. Vicot et M. William",Séance publique,1ère lecture (1ère assemblée saisie),https://www.assemblee-nationale.fr/dyn/17/amendements/2765/AN/901,https://www.assemblee-nationale.fr/dyn/opendata/AMANR5L17PO838901BTC2765P0D1N000901.xml
PROTECTION ET SOUVERAINETÉ AGRICOLES,Amendement n° 902 - PROTECTION ET SOUVERAINETÉ AGRICOLES - 1ère lecture (1ère assemblée saisie) - n° 2765,902,,Non renseigné,Article 14,Première délibération,Allemand Marie-José,"  Mme Pantel, Mme Thomin, Mme Battistel, M. Potier, M. Delautrette, M. Dufau, M. Echaniz, M. Benbrahim, M. Eskenazi, M. Fégné, Mme Jourdan, M. Leseul, M. Barusseau, M. Lhardit, M. Naillet, M. Delaporte, M. Garot, Mme Got, Mme Rossi, M. Roussel, M. Aviragnet, M. Baptiste, M. Baumel, M. Belhaddad, Mme Bellay, M. Bouloux, Mme Bregman, M. Philippe Brun, M. Califer, Mme Capdevielle, M. Christophle, M. Courbon, M. David, Mme Diop, Mme Dombre Coste, M. Faure, Mme Froger, Mme Godard, M. Guedj, M. Hablot, Mme Hadizadeh, Mme Herouin-Léautey, Mme Céline Hervieu, M. Hollande, M. Houlié, Mme Karamanli, Mme Keloua Hachi, Mme Mercier, M. Oberti, M. Pena, Mme Pic, Mme Pirès Beaune, M. Pribetich, M. Proença, Mme Récalde, Mme Rouaux, M. Aurélien Rousseau, Mme Runel, M. Saint-Pasteur, Mme Santiago, M. Saulignac, M. Simion, M. Sother, Mme Thiébault-Martinez, M. Vallaud, M. Vicot et M. William",Séance publique,1ère lecture (1ère assemblée saisie),https://www.assemblee-nationale.fr/dyn/17/amendements/2765/AN/902,https://www.assemblee-nationale.fr/dyn/opendata/AMANR5L17PO838901BTC2765P0D1N000902.xml
PROTECTION ET SOUVERAINETÉ AGRICOLES,Amendement n° 903 - PROTECTION ET SOUVERAINETÉ AGRICOLES - 1ère lecture (1ère assemblée saisie) - n° 2765,903,,Non renseigné,Article 14,Première délibération,Rossi Valérie,"  Mme Pantel, Mme Allemand, Mme Thomin, Mme Battistel, M. Potier, M. Delautrette, M. Dufau, M. Echaniz, M. Benbrahim, M. Eskenazi, M. Fégné, Mme Jourdan, M. Leseul, M. Barusseau, M. Lhardit, M. Naillet, M. Delaporte, M. Garot, Mme Got, M. Roussel, M. Aviragnet, M. Baptiste, M. Baumel, M. Belhaddad, Mme Bellay, M. Bouloux, Mme Bregman, M. Philippe Brun, M. Califer, Mme Capdevielle, M. Christophle, M. Courbon, M. David, Mme Diop, Mme Dombre Coste, M. Faure, Mme Froger, Mme Godard, M. Guedj, M. Hablot, Mme Hadizadeh, Mme Herouin-Léautey, Mme Céline Hervieu, M. Hollande, M. Houlié, Mme Karamanli, Mme Keloua Hachi, Mme Mercier, M. Oberti, M. Pena, Mme Pic, Mme Pirès Beaune, M. Pribetich, M. Proença, Mme Récalde, Mme Rouaux, M. Aurélien Rousseau, Mme Runel, M. Saint-Pasteur, Mme Santiago, M. Saulignac, M. Simion, M. Sother, Mme Thiébault-Martinez, M. Vallaud, M. Vicot et M. William",Séance publique,1ère lecture (1ère assemblée saisie),https://www.assemblee-nationale.fr/dyn/17/amendements/2765/AN/903,https://www.assemblee-nationale.fr/dyn/opendata/AMANR5L17PO838901BTC2765P0D1N000903.xml
PROTECTION ET SOUVERAINETÉ AGRICOLES,Amendement n° 904 - PROTECTION ET SOUVERAINETÉ AGRICOLES - 1ère lecture (1ère assemblée saisie) - n° 2765,904,,Non renseigné,Article 14,Première délibération,Allemand Marie-José,"  Mme Pantel, Mme Thomin, Mme Battistel, M. Potier, M. Delautrette, M. Dufau, M. Echaniz, M. Benbrahim, M. Eskenazi, M. Fégné, Mme Jourdan, M. Leseul, M. Barusseau, M. Lhardit, M. Naillet, M. Delaporte, M. Garot, Mme Got, Mme Rossi, M. Roussel, M. Aviragnet, M. Baptiste, M. Baumel, M. Belhaddad, Mme Bellay, M. Bouloux, Mme Bregman, M. Philippe Brun, M. Califer, Mme Capdevielle, M. Christophle, M. Courbon, M. David, Mme Diop, Mme Dombre Coste, M. Faure, Mme Froger, Mme Godard, M. Guedj, M. Hablot, Mme Hadizadeh, Mme Herouin-Léautey, Mme Céline Hervieu, M. Hollande, M. Houlié, Mme Karamanli, Mme Keloua Hachi, Mme Mercier, M. Oberti, M. Pena, Mme Pic, Mme Pirès Beaune, M. Pribetich, M. Proença, Mme Récalde, Mme Rouaux, M. Aurélien Rousseau, Mme Runel, M. Saint-Pasteur, Mme Santiago, M. Saulignac, M. Simion, M. Sother, Mme Thiébault-Martinez, M. Vallaud, M. Vicot, M. William et les membres du groupe Socialistes et apparentés",Séance publique,1ère lecture (1ère assemblée saisie),https://www.assemblee-nationale.fr/dyn/17/amendements/2765/AN/904,https://www.assemblee-nationale.fr/dyn/opendata/AMANR5L17PO838901BTC2765P0D1N000904.xml
PROTECTION ET SOUVERAINETÉ AGRICOLES,Amendement n° 91 - PROTECTION ET SOUVERAINETÉ AGRICOLES - 1ère lecture (1ère assemblée saisie) - n° 2765,91,,Non renseigné,Article 14,Première délibération,Tivoli Lionel,"  M. Allisio, M. Amblard, Mme Auzanot, M. Ballard, Mme Bamana, M. Baubry, M. Beaurain, M. Bentz, M. Bernhardt, M. Bigot, M. Bilde, M. Blairy, Mme Blanc, M. Boccaletti, M. Boulogne, Mme Bouquin, M. Bovet, M. Buisson, M. Casterman, M. Chaumeil, M. Chenu, M. Chudeau, M. Clavet, Mme Colombier, Mme Da Conceicao Carvalho, M. de Fleurian, M. de Lépinau, Mme Dellong Meng, M. Dessigny, Mme Diaz, Mme Dogor-Such, M. Dragon, M. Dufosset, M. Dussausaye, M. Dutremble, M. Evrard, M. Falcon, M. Florquin, M. Fouquart, M. Frappé, M. Gabarron, Mme Galzy, M. Gery, M. Giletti, M. Gillet, M. Christian Girard, M. Golliot, M. Gonzalez, Mme Florence Goulet, Mme Grangier, Mme Griseti, M. Guibert, M. Guiniot, M. Guitton, Mme Hamelet, M. Houssin, M. Humbert, M. Jacobelli, M. Jenft, M. Jolly, Mme Joncour, M. Jordan, Mme Josserand, Mme Joubert, Mme Laporte, Mme Lavalette, M. Le Bourgeois, Mme Le Pen, Mme Lechanteux, Mme Lechon, Mme Lelouis, Mme Levavasseur, M. Limongi, M. Lioret, Mme Loir, Mme Lorho, M. Lottiaux, M. Loubet, M. David Magnier, Mme Marais-Beuil, M. Marchio, M. Markowsky, M. Patrice Martin, Mme Martinez, M. Mauvieux, M. Meizonnet, M. Meurin, M. Monnier, M. Muller, Mme Mélin, Mme Ménaché, M. Ménagé, M. Odoul, Mme Parmentier, M. Perez, M. Pfeffer, Mme Pollet, M. Rambaud, Mme Ranc, M. Rancoule, M. Renault, Mme Rimbert, M. Rivière, Mme Robert-Dehault, Mme Roullaud, Mme Roy, Mme Sabatini, M. Sabatou, M. Salmon, M. Schreck, Mme Sicard, M. Emmanuel Taché, M. Jean-Philippe Tanguy, M. Taverne, M. Tesson, M. Tomatis, M. Tonussi, M. Tribuiani, M. Villedieu, M. Vos et M. Weber",Séance publique,1ère lecture (1ère assemblée saisie),https://www.assemblee-nationale.fr/dyn/17/amendements/2765/AN/91,https://www.assemblee-nationale.fr/dyn/opendata/AMANR5L17PO838901BTC2765P0D1N000091.xml
PROTECTION ET SOUVERAINETÉ AGRICOLES,Amendement n° 92 - PROTECTION ET SOUVERAINETÉ AGRICOLES - 1ère lecture (1ère assemblée saisie) - n° 2765,92,,Non renseigné,Article 14,Première délibération,Tivoli Lionel,,Séance publique,1ère lecture (1ère assemblée saisie),https://www.assemblee-nationale.fr/dyn/17/amendements/2765/AN/92,https://www.assemblee-nationale.fr/dyn/opendata/AMANR5L17PO838901BTC2765P0D1N000092.xml
PROTECTION ET SOUVERAINETÉ AGRICOLES,Amendement n° 926 - PROTECTION ET SOUVERAINETÉ AGRICOLES - 1ère lecture (1ère assemblée saisie) - n° 2765,926,,Non renseigné,Article 14,Première délibération,Dutremble Aurélien,"  M. Allisio, M. Amblard, Mme Auzanot, M. Ballard, Mme Bamana, M. Baubry, M. Beaurain, M. Bentz, M. Bernhardt, M. Bigot, M. Bilde, M. Blairy, Mme Blanc, M. Boccaletti, M. Boulogne, Mme Bouquin, M. Bovet, M. Buisson, M. Casterman, M. Chaumeil, M. Chenu, M. Chudeau, M. Clavet, Mme Colombier, Mme Da Conceicao Carvalho, M. de Fleurian, M. de Lépinau, Mme Dellong Meng, M. Dessigny, Mme Diaz, Mme Dogor-Such, M. Dragon, M. Dufosset, M. Dussausaye, M. Evrard, M. Falcon, M. Florquin, M. Fouquart, M. Frappé, M. Gabarron, Mme Galzy, M. Gery, M. Giletti, M. Gillet, M. Christian Girard, M. Golliot, M. Gonzalez, Mme Florence Goulet, Mme Grangier, Mme Griseti, M. Guibert, M. Guiniot, M. Guitton, Mme Hamelet, M. Houssin, M. Humbert, M. Jacobelli, M. Jenft, M. Jolly, Mme Joncour, M. Jordan, Mme Josserand, Mme Joubert, Mme Laporte, Mme Lavalette, M. Le Bourgeois, Mme Le Pen, Mme Lechanteux, Mme Lechon, Mme Lelouis, Mme Levavasseur, M. Limongi, M. Lioret, Mme Loir, Mme Lorho, M. Lottiaux, M. Loubet, M. David Magnier, Mme Marais-Beuil, M. Marchio, M. Markowsky, M. Patrice Martin, Mme Martinez, M. Mauvieux, M. Meizonnet, M. Meurin, M. Monnier, M. Muller, Mme Mélin, Mme Ménaché, M. Ménagé, M. Odoul, Mme Parmentier, M. Perez, M. Pfeffer, Mme Pollet, Mme Ranc, M. Rambaud, M. Rancoule, M. Renault, Mme Rimbert, M. Rivière, Mme Robert-Dehault, Mme Roullaud, Mme Roy, Mme Sabatini, M. Sabatou, M. Salmon, M. Schreck, Mme Sicard, M. Emmanuel Taché, M. Jean-Philippe Tanguy, M. Taverne, M. Tesson, M. Tivoli, M. Tomatis, M. Tonussi, M. Tribuiani, M. Villedieu, M. Vos et M. Weber",Séance publique,1ère lecture (1ère assemblée saisie),https://www.assemblee-nationale.fr/dyn/17/amendements/2765/AN/926,https://www.assemblee-nationale.fr/dyn/opendata/AMANR5L17PO838901BTC2765P0D1N000926.xml
PROTECTION ET SOUVERAINETÉ AGRICOLES,Amendement n° 99 - PROTECTION ET SOUVERAINETÉ AGRICOLES - 1ère lecture (1ère assemblée saisie) - n° 2765,99,,Non renseigné,Après l'article 14,Première délibération,Le Fur Corentin,"  M. Gosselin, M. Cordier, M. Bony, M. Hetzel, M. Tryzna, Mme Minard, M. Bourgeaux, Mme Bonnivard, M. Ray et M. Breton",Séance publique,1ère lecture (1ère assemblée saisie),https://www.assemblee-nationale.fr/dyn/17/amendements/2765/AN/99,https://www.assemblee-nationale.fr/dyn/opendata/AMANR5L17PO838901BTC2765P0D1N000099.xml
